purchase_order_id,supplier_id,product_id,warehouse_id,order_date,expected_date,received_date,ordered_quantity,received_quantity,defect_quantity
PO000001,S032,P0325,W12,2025-10-20,2025-10-29,2025-10-27,59,57,2
PO000002,S021,P0359,W10,2025-10-25,2025-10-30,2025-10-28,98,88,10
PO000003,S017,P0396,W11,2025-07-08,2025-08-02,2025-07-31,96,90,6
PO000004,S028,P0112,W04,2026-04-25,2026-05-21,2026-05-21,26,24,1
PO000005,S002,P0383,W15,2026-06-25,2026-07-24,2026-08-03,10,10,0
PO000006,S033,P0122,W15,2025-03-29,2025-05-07,2025-05-11,26,25,1
PO000007,S028,P0212,W01,2025-03-23,2025-04-17,2025-04-16,128,117,9
PO000008,S019,P0071,W05,2026-01-18,2026-02-06,2026-02-05,95,89,4
PO000009,S002,P0198,W06,2026-04-28,2026-05-21,2026-05-20,33,31,2
PO000010,S035,P0096,W06,2026-06-05,2026-06-18,2026-06-18,34,32,2
PO000011,S027,P0084,W08,2025-09-23,2025-10-17,2025-10-15,74,67,6
PO000012,S006,P0130,W01,2026-04-20,2026-04-23,2026-04-22,106,96,6
PO000013,S031,P0269,W04,2026-06-21,2026-07-08,2026-07-07,48,45,2
PO000014,S031,P0002,W03,2025-11-24,2025-12-18,2025-12-18,66,60,3
PO000015,S001,P0227,W01,2025-07-03,2025-07-06,2025-07-06,352,331,6
PO000016,S011,P0049,W03,2025-12-31,2026-01-14,2026-01-14,22,21,0
PO000017,S021,P0343,W13,2026-03-03,2026-03-06,2026-03-06,106,93,11
PO000018,S005,P0074,W09,2025-03-01,2025-03-17,2025-03-15,61,56,2
PO000019,S030,P0070,W12,2025-11-22,2025-12-14,2025-12-13,107,98,8
PO000020,S029,P0298,W04,2025-05-18,2025-05-24,2025-05-24,62,59,2
PO000021,S012,P0241,W07,2026-04-24,2026-05-21,2026-05-20,79,76,3
PO000022,S015,P0285,W03,2026-01-26,2026-02-10,2026-02-10,63,54,7
PO000023,S036,P0148,W04,2025-02-16,2025-03-26,2025-03-24,63,58,3
PO000024,S008,P0339,W09,2025-03-02,2025-03-16,2025-03-15,52,49,1
PO000025,S028,P0277,W14,2025-01-16,2025-02-06,2025-02-05,81,70,7
PO000026,S040,P0030,W02,2025-10-18,2025-10-21,2025-10-21,102,98,3
PO000027,S039,P0166,W12,2026-01-30,2026-02-17,2026-02-17,204,190,13
PO000028,S008,P0388,W14,2025-10-24,2025-11-13,2025-11-12,52,50,1
PO000029,S007,P0227,W07,2026-04-20,2026-05-18,2026-05-17,56,50,6
PO000030,S022,P0382,W13,2025-03-21,2025-04-05,2025-04-03,75,69,4
PO000031,S031,P0057,W14,2025-09-27,2025-10-23,2025-10-21,48,44,3
PO000032,S015,P0198,W01,2025-07-14,2025-08-04,2025-08-06,93,80,10
PO000033,S005,P0329,W15,2026-06-30,2026-07-28,2026-07-27,54,52,1
PO000034,S030,P0273,W13,2025-08-07,2025-08-26,2025-08-27,98,92,6
PO000035,S033,P0066,W14,2025-04-16,2025-05-17,2025-05-16,132,117,10
PO000036,S001,P0201,W09,2026-01-20,2026-01-24,2026-01-23,45,44,0
PO000037,S035,P0231,W08,2025-06-12,2025-06-27,2025-07-01,76,68,8
PO000038,S035,P0236,W05,2025-07-30,2025-08-13,2025-08-12,244,216,18
PO000039,S011,P0070,W09,2026-02-17,2026-02-26,2026-02-26,78,76,2
PO000040,S016,P0283,W01,2025-04-27,2025-05-19,2025-05-29,62,56,5
PO000041,S026,P0349,W03,2026-01-10,2026-01-27,2026-01-25,143,131,12
PO000042,S020,P0393,W10,2025-12-12,2026-01-01,2025-12-31,20,18,2
PO000043,S022,P0277,W05,2025-05-17,2025-05-26,2025-05-24,63,58,3
PO000044,S024,P0367,W15,2026-03-27,2026-05-02,2026-05-01,26,23,2
PO000045,S010,P0297,W03,2025-08-07,2025-09-06,2025-09-06,77,68,6
PO000046,S031,P0078,W11,2025-04-14,2025-05-08,2025-05-09,51,48,3
PO000047,S010,P0218,W06,2025-09-05,2025-09-29,2025-10-04,109,98,11
PO000048,S023,P0110,W15,2025-11-10,2025-11-20,2025-11-19,148,136,12
PO000049,S015,P0088,W11,2026-03-12,2026-03-25,2026-04-02,122,104,16
PO000050,S026,P0245,W13,2025-11-25,2025-12-13,2025-12-18,31,29,2
PO000051,S003,P0291,W01,2026-06-02,2026-06-26,2026-06-29,15,14,0
PO000052,S009,P0053,W08,2025-12-12,2025-12-31,2025-12-29,99,96,2
PO000053,S033,P0003,W01,2025-02-11,2025-03-08,2025-03-08,36,33,2
PO000054,S013,P0329,W14,2025-11-17,2025-12-27,2025-12-26,71,70,1
PO000055,S017,P0142,W08,2025-10-27,2025-11-15,2025-11-25,51,46,3
PO000056,S007,P0286,W01,2025-04-05,2025-05-05,2025-05-05,86,72,10
PO000057,S016,P0105,W05,2025-07-07,2025-07-21,2025-07-19,17,15,1
PO000058,S014,P0206,W04,2025-07-21,2025-08-05,2025-08-04,39,37,1
PO000059,S003,P0238,W01,2025-06-23,2025-07-11,2025-07-11,24,23,0
PO000060,S040,P0344,W03,2025-02-24,2025-03-03,2025-03-03,31,30,0
PO000061,S037,P0235,W15,2025-02-07,2025-02-13,2025-02-12,64,63,1
PO000062,S029,P0365,W04,2025-12-21,2025-12-30,2026-01-10,26,25,0
PO000063,S022,P0117,W06,2025-03-07,2025-03-18,2025-03-24,208,188,14
PO000064,S004,P0255,W12,2026-02-18,2026-03-11,2026-03-09,66,61,5
PO000065,S038,P0090,W04,2025-06-06,2025-06-20,2025-06-20,47,41,4
PO000066,S015,P0269,W01,2025-06-05,2025-06-27,2025-06-27,122,104,15
PO000067,S023,P0198,W12,2025-05-17,2025-06-09,2025-06-08,74,69,5
PO000068,S037,P0279,W15,2025-02-04,2025-02-09,2025-02-08,150,142,4
PO000069,S030,P0301,W11,2025-08-15,2025-09-12,2025-09-12,33,31,2
PO000070,S003,P0069,W03,2025-02-10,2025-03-04,2025-03-02,83,78,3
PO000071,S030,P0224,W14,2026-04-29,2026-05-13,2026-05-11,147,133,14
PO000072,S010,P0267,W01,2026-05-01,2026-05-24,2026-05-22,47,41,4
PO000073,S038,P0169,W01,2026-03-25,2026-04-16,2026-04-14,111,100,8
PO000074,S012,P0001,W12,2025-12-15,2026-01-12,2026-01-12,47,43,2
PO000075,S007,P0127,W14,2025-05-24,2025-06-14,2025-06-13,102,93,9
PO000076,S037,P0153,W05,2025-07-14,2025-07-23,2025-07-22,57,55,1
PO000077,S014,P0250,W05,2025-03-06,2025-03-09,2025-03-09,84,77,4
PO000078,S039,P0203,W06,2025-01-20,2025-02-12,2025-02-11,36,34,1
PO000079,S010,P0311,W13,2025-08-06,2025-08-30,2025-08-31,32,30,2
PO000080,S001,P0128,W06,2025-07-30,2025-08-02,2025-08-01,70,70,0
PO000081,S018,P0212,W10,2025-05-20,2025-06-06,2025-06-05,146,130,12
PO000082,S003,P0295,W14,2026-05-03,2026-05-18,2026-05-16,220,214,0
PO000083,S031,P0336,W07,2026-03-31,2026-04-22,2026-04-22,121,110,10
PO000084,S006,P0053,W04,2025-03-03,2025-03-06,2025-03-04,31,30,1
PO000085,S025,P0057,W12,2025-03-20,2025-04-08,2025-04-08,268,239,16
PO000086,S005,P0169,W08,2025-07-14,2025-08-06,2025-08-04,63,61,0
PO000087,S015,P0326,W04,2025-01-15,2025-02-02,2025-02-02,17,15,1
PO000088,S001,P0029,W14,2025-12-19,2025-12-30,2026-01-02,99,95,2
PO000089,S036,P0148,W09,2025-08-01,2025-08-30,2025-09-04,137,121,11
PO000090,S017,P0158,W04,2026-02-04,2026-03-04,2026-03-05,96,89,4
PO000091,S032,P0276,W14,2026-01-18,2026-02-04,2026-02-03,32,30,1
PO000092,S028,P0074,W12,2025-08-11,2025-09-05,2025-09-04,76,68,6
PO000093,S026,P0387,W08,2026-03-29,2026-04-10,2026-04-08,100,86,11
PO000094,S028,P0117,W10,2026-01-26,2026-02-14,2026-02-14,58,53,5
PO000095,S007,P0098,W01,2025-06-21,2025-07-20,2025-07-18,50,45,5
PO000096,S002,P0223,W09,2025-09-21,2025-10-19,2025-10-19,29,28,1
PO000097,S020,P0048,W01,2026-04-21,2026-05-05,2026-05-04,37,34,3
PO000098,S022,P0323,W03,2025-10-19,2025-11-10,2025-11-08,112,106,5
PO000099,S036,P0328,W04,2025-06-25,2025-07-27,2025-07-26,38,35,2
PO000100,S010,P0385,W08,2025-12-22,2026-01-24,2026-01-22,52,47,4
PO000101,S007,P0268,W04,2025-12-02,2026-01-01,2026-01-07,61,55,6
PO000102,S001,P0117,W03,2026-01-16,2026-01-19,2026-01-19,49,47,1
PO000103,S008,P0261,W10,2026-04-21,2026-05-04,2026-05-03,26,24,1
PO000104,S032,P0142,W14,2025-02-05,2025-02-26,2025-02-25,159,155,0
PO000105,S008,P0124,W09,2025-12-25,2026-01-15,2026-01-13,88,79,5
PO000106,S027,P0010,W03,2025-02-02,2025-02-27,2025-02-27,128,116,10
PO000107,S018,P0394,W05,2026-06-25,2026-07-11,2026-07-11,17,16,1
PO000108,S029,P0084,W12,2025-12-21,2025-12-27,2025-12-30,155,141,7
PO000109,S007,P0235,W12,2025-08-08,2025-09-11,2025-09-11,108,91,13
PO000110,S004,P0195,W06,2025-10-05,2025-10-22,2025-10-21,81,72,7
PO000111,S040,P0170,W13,2026-05-10,2026-05-21,2026-05-19,39,38,1
PO000112,S022,P0017,W07,2025-07-28,2025-08-15,2025-08-13,36,34,1
PO000113,S034,P0206,W05,2026-05-09,2026-05-17,2026-05-15,54,48,4
PO000114,S024,P0277,W10,2026-02-06,2026-03-04,2026-03-02,119,107,11
PO000115,S008,P0160,W10,2026-06-23,2026-07-05,2026-07-05,90,86,3
PO000116,S028,P0287,W08,2025-07-22,2025-08-12,2025-08-12,40,37,3
PO000117,S004,P0219,W13,2025-02-20,2025-03-18,2025-03-16,70,65,5
PO000118,S007,P0314,W02,2025-12-31,2026-01-31,2026-02-08,51,46,5
PO000119,S040,P0229,W14,2025-03-15,2025-03-27,2025-03-27,86,81,1
PO000120,S035,P0018,W15,2026-06-08,2026-06-21,2026-06-19,110,97,12
PO000121,S006,P0264,W10,2025-01-03,2025-01-14,2025-01-14,86,83,2
PO000122,S015,P0209,W02,2025-03-10,2025-03-21,2025-03-19,53,45,6
PO000123,S028,P0312,W15,2025-06-23,2025-07-19,2025-07-18,24,22,2
PO000124,S006,P0093,W05,2025-10-11,2025-10-14,2025-10-13,51,48,2
PO000125,S001,P0208,W02,2025-08-06,2025-08-09,2025-08-08,78,76,1
PO000126,S005,P0250,W05,2025-11-01,2025-11-16,2025-11-16,39,37,1
PO000127,S037,P0010,W15,2026-04-30,2026-05-08,2026-05-16,59,55,2
PO000128,S025,P0150,W11,2025-02-26,2025-03-18,2025-03-16,84,77,4
PO000129,S021,P0228,W10,2025-05-27,2025-06-11,2025-06-09,44,39,3
PO000130,S026,P0139,W05,2025-09-03,2025-09-12,2025-09-10,137,124,11
PO000131,S036,P0097,W05,2025-07-29,2025-08-28,2025-08-26,41,38,1
PO000132,S001,P0260,W14,2026-01-20,2026-01-23,2026-01-22,101,98,0
PO000133,S006,P0390,W08,2025-09-28,2025-10-07,2025-10-07,134,122,7
PO000134,S038,P0387,W10,2025-10-24,2025-11-06,2025-11-05,64,56,5
PO000135,S040,P0014,W15,2026-06-04,2026-06-07,2026-06-05,88,87,1
PO000136,S012,P0108,W12,2025-02-03,2025-03-03,2025-03-01,55,53,2
PO000137,S017,P0253,W11,2025-06-21,2025-07-16,2025-07-15,111,103,6
PO000138,S028,P0347,W08,2025-09-25,2025-10-26,2025-10-25,191,177,13
PO000139,S017,P0103,W06,2025-06-14,2025-07-12,2025-07-12,63,58,4
PO000140,S023,P0023,W04,2025-07-23,2025-08-05,2025-08-04,42,37,3
PO000141,S008,P0273,W11,2025-01-09,2025-01-16,2025-01-16,55,51,2
PO000142,S017,P0279,W06,2025-07-01,2025-07-25,2025-07-24,38,35,2
PO000143,S015,P0246,W06,2026-02-04,2026-02-20,2026-02-18,48,41,6
PO000144,S023,P0265,W01,2026-03-19,2026-03-26,2026-03-26,37,35,2
PO000145,S005,P0087,W14,2025-02-21,2025-03-18,2025-03-17,64,62,2
PO000146,S003,P0215,W06,2025-09-18,2025-10-13,2025-10-12,57,53,2
PO000147,S040,P0127,W02,2025-03-13,2025-03-19,2025-03-18,133,126,5
PO000148,S025,P0077,W09,2026-02-26,2026-03-22,2026-03-20,103,93,6
PO000149,S015,P0156,W15,2025-05-20,2025-06-07,2025-06-07,113,97,14
PO000150,S024,P0256,W03,2026-04-04,2026-05-17,2026-05-23,53,48,5
PO000151,S014,P0328,W04,2025-08-21,2025-08-28,2025-08-26,112,100,9
PO000152,S037,P0118,W08,2025-09-05,2025-09-13,2025-09-13,216,206,6
PO000153,S031,P0287,W15,2025-01-29,2025-02-21,2025-02-20,42,40,2
PO000154,S035,P0312,W09,2025-04-27,2025-05-11,2025-05-09,38,35,3
PO000155,S017,P0296,W12,2026-05-14,2026-06-11,2026-06-11,214,195,13
PO000156,S019,P0358,W04,2025-06-29,2025-07-17,2025-07-16,177,162,8
PO000157,S013,P0158,W03,2026-06-13,2026-07-09,2026-07-09,74,71,2
PO000158,S006,P0292,W06,2025-05-29,2025-06-06,2025-06-04,125,114,8
PO000159,S029,P0106,W02,2025-08-03,2025-08-14,2025-08-22,199,193,3
PO000160,S029,P0303,W13,2025-04-16,2025-04-20,2025-04-28,71,67,3
PO000161,S006,P0035,W14,2025-08-12,2025-08-15,2025-08-15,72,69,3
PO000162,S007,P0167,W14,2025-06-10,2025-07-04,2025-07-02,40,35,4
PO000163,S025,P0119,W05,2025-02-21,2025-03-14,2025-03-13,30,29,1
PO000164,S010,P0162,W07,2025-05-14,2025-06-12,2025-06-11,89,84,5
PO000165,S033,P0394,W12,2025-08-11,2025-09-10,2025-09-10,140,132,8
PO000166,S013,P0338,W15,2025-12-02,2026-01-06,2026-01-05,72,70,2
PO000167,S030,P0318,W10,2025-03-14,2025-03-25,2025-04-06,130,116,8
PO000168,S034,P0147,W14,2025-10-14,2025-10-26,2025-10-24,106,102,3
PO000169,S035,P0152,W12,2025-10-31,2025-11-13,2025-11-12,61,53,6
PO000170,S018,P0174,W09,2025-10-14,2025-11-09,2025-11-08,27,24,3
PO000171,S034,P0256,W10,2026-02-09,2026-02-12,2026-02-11,35,32,3
PO000172,S007,P0064,W08,2025-02-15,2025-03-28,2025-03-27,92,77,12
PO000173,S040,P0075,W09,2025-08-06,2025-08-16,2025-08-14,118,115,1
PO000174,S009,P0224,W01,2025-06-07,2025-06-26,2025-06-25,69,63,3
PO000175,S024,P0040,W14,2025-04-02,2025-05-08,2025-05-06,82,73,8
PO000176,S005,P0107,W10,2025-10-02,2025-10-16,2025-10-24,42,40,1
PO000177,S003,P0171,W09,2026-02-19,2026-03-05,2026-03-17,122,112,5
PO000178,S036,P0259,W07,2025-06-10,2025-07-09,2025-07-08,164,153,6
PO000179,S008,P0160,W06,2026-03-15,2026-03-28,2026-03-26,73,70,3
PO000180,S006,P0246,W10,2025-05-30,2025-06-06,2025-06-06,109,104,4
PO000181,S005,P0242,W09,2026-03-21,2026-04-08,2026-04-07,60,56,2
PO000182,S029,P0004,W08,2026-01-28,2026-02-04,2026-02-04,36,35,1
PO000183,S021,P0354,W05,2025-10-07,2025-10-10,2025-10-10,62,55,4
PO000184,S029,P0256,W01,2026-01-19,2026-01-24,2026-01-23,198,184,6
PO000185,S029,P0309,W04,2025-04-02,2025-04-08,2025-04-08,32,30,1
PO000186,S038,P0374,W05,2026-06-24,2026-07-14,2026-07-14,141,126,12
PO000187,S005,P0278,W15,2026-06-23,2026-07-03,2026-07-02,26,25,0
PO000188,S009,P0218,W10,2025-06-03,2025-06-18,2025-06-17,95,89,5
PO000189,S038,P0110,W08,2025-05-11,2025-06-02,2025-05-31,47,42,3
PO000190,S028,P0224,W07,2025-03-12,2025-04-10,2025-04-11,45,41,2
PO000191,S024,P0294,W03,2026-01-30,2026-03-02,2026-02-28,64,58,4
PO000192,S038,P0283,W14,2026-04-15,2026-05-06,2026-05-04,20,19,1
PO000193,S036,P0223,W11,2026-03-24,2026-04-24,2026-04-22,75,67,5
PO000194,S006,P0330,W09,2025-10-30,2025-11-11,2025-11-10,226,214,6
PO000195,S001,P0293,W04,2025-05-18,2025-05-21,2025-05-20,77,76,0
PO000196,S008,P0197,W15,2025-02-12,2025-02-28,2025-02-26,49,46,3
PO000197,S006,P0009,W07,2025-09-13,2025-09-16,2025-09-15,37,35,2
PO000198,S023,P0243,W10,2025-01-06,2025-01-12,2025-01-17,26,22,3
PO000199,S036,P0258,W08,2026-02-20,2026-03-25,2026-03-25,20,18,1
PO000200,S025,P0163,W08,2025-04-08,2025-05-03,2025-05-02,77,75,2
PO000201,S016,P0377,W08,2025-11-07,2025-11-23,2025-11-24,38,36,2
PO000202,S030,P0059,W06,2025-06-20,2025-07-07,2025-07-07,49,44,3
PO000203,S009,P0314,W15,2026-01-08,2026-01-23,2026-02-03,31,29,1
PO000204,S035,P0224,W02,2026-03-29,2026-04-12,2026-04-11,34,31,3
PO000205,S008,P0325,W11,2026-05-03,2026-05-25,2026-05-25,24,24,0
PO000206,S020,P0248,W11,2025-02-06,2025-02-18,2025-02-26,61,56,5
PO000207,S017,P0017,W14,2025-12-02,2025-12-25,2025-12-24,100,89,7
PO000208,S039,P0168,W06,2025-05-31,2025-06-23,2025-06-22,34,31,2
PO000209,S030,P0308,W10,2025-05-22,2025-06-04,2025-06-02,44,39,5
PO000210,S013,P0060,W13,2025-01-12,2025-02-14,2025-02-12,60,55,2
PO000211,S028,P0158,W05,2025-07-07,2025-08-02,2025-07-31,29,26,2
PO000212,S001,P0323,W08,2025-12-18,2025-12-21,2026-01-01,122,111,5
PO000213,S001,P0359,W05,2025-07-28,2025-08-08,2025-08-06,37,37,0
PO000214,S003,P0084,W15,2025-12-10,2026-01-06,2026-01-18,42,39,2
PO000215,S026,P0193,W14,2025-09-10,2025-09-30,2025-09-30,103,86,13
PO000216,S015,P0097,W06,2026-04-04,2026-04-17,2026-04-29,66,55,8
PO000217,S002,P0117,W14,2025-12-17,2026-01-21,2026-01-20,49,45,4
PO000218,S003,P0136,W13,2025-04-07,2025-04-28,2025-04-28,140,132,4
PO000219,S027,P0179,W11,2025-02-12,2025-03-12,2025-03-12,175,162,12
PO000220,S024,P0118,W07,2025-06-21,2025-07-26,2025-07-26,88,79,6
PO000221,S013,P0399,W01,2025-07-03,2025-07-26,2025-07-25,56,55,1
PO000222,S024,P0359,W12,2025-08-26,2025-09-27,2025-09-25,69,61,6
PO000223,S038,P0285,W12,2026-06-10,2026-07-08,2026-07-08,76,71,5
PO000224,S016,P0001,W01,2025-03-14,2025-04-06,2025-04-04,165,147,13
PO000225,S030,P0168,W02,2025-02-14,2025-03-05,2025-03-04,75,68,6
PO000226,S030,P0028,W12,2025-07-15,2025-07-28,2025-08-06,47,40,5
PO000227,S010,P0218,W03,2025-08-11,2025-09-10,2025-09-09,111,98,12
PO000228,S003,P0037,W09,2025-10-28,2025-11-19,2025-11-22,85,79,2
PO000229,S003,P0193,W07,2025-08-09,2025-08-28,2025-08-27,48,46,2
PO000230,S016,P0074,W07,2025-09-11,2025-09-29,2025-09-29,25,23,2
PO000231,S015,P0308,W04,2025-10-30,2025-11-10,2025-11-10,167,142,19
PO000232,S007,P0305,W10,2025-09-09,2025-10-08,2025-10-06,39,35,4
PO000233,S010,P0314,W02,2025-08-11,2025-09-03,2025-09-03,115,101,10
PO000234,S036,P0267,W03,2025-01-30,2025-02-17,2025-02-16,27,26,1
PO000235,S035,P0363,W09,2026-05-12,2026-05-25,2026-06-05,41,37,3
PO000236,S034,P0377,W08,2026-06-08,2026-06-24,2026-06-22,79,70,6
PO000237,S022,P0382,W10,2025-08-05,2025-08-17,2025-08-17,21,21,0
PO000238,S021,P0192,W12,2025-04-13,2025-05-03,2025-05-02,83,75,8
PO000239,S036,P0246,W14,2025-01-19,2025-02-20,2025-02-20,142,131,10
PO000240,S032,P0153,W12,2026-01-07,2026-01-23,2026-01-25,71,69,1
PO000241,S017,P0069,W06,2025-12-16,2026-01-21,2026-01-20,80,74,4
PO000242,S025,P0280,W07,2026-05-26,2026-06-17,2026-06-17,42,41,1
PO000243,S032,P0094,W12,2025-10-10,2025-11-02,2025-10-31,91,89,0
PO000244,S021,P0092,W03,2026-05-27,2026-06-11,2026-06-09,82,68,11
PO000245,S016,P0126,W03,2026-06-29,2026-07-11,2026-07-16,79,70,8
PO000246,S009,P0001,W13,2026-02-23,2026-03-13,2026-03-11,66,62,4
PO000247,S031,P0158,W11,2025-04-04,2025-04-21,2025-04-21,76,71,5
PO000248,S007,P0117,W13,2025-11-30,2026-01-10,2026-01-18,90,77,10
PO000249,S024,P0035,W14,2025-12-08,2026-01-08,2026-01-14,305,271,23
PO000250,S016,P0269,W02,2025-03-06,2025-03-21,2025-03-20,19,18,1
PO000251,S038,P0088,W01,2025-07-30,2025-08-19,2025-08-19,183,163,16
PO000252,S009,P0117,W02,2026-01-05,2026-01-23,2026-01-28,35,32,2
PO000253,S026,P0070,W04,2025-11-10,2025-11-26,2025-11-24,92,80,8
PO000254,S010,P0011,W06,2025-09-02,2025-10-02,2025-09-30,35,33,2
PO000255,S018,P0261,W11,2026-04-11,2026-05-03,2026-05-02,68,60,8
PO000256,S001,P0058,W07,2026-05-22,2026-05-25,2026-05-24,94,88,2
PO000257,S032,P0015,W13,2025-12-26,2026-01-09,2026-01-08,145,138,7
PO000258,S037,P0234,W13,2025-08-14,2025-08-17,2025-08-16,35,34,1
PO000259,S022,P0239,W09,2025-02-23,2025-03-14,2025-03-12,53,51,2
PO000260,S021,P0045,W14,2025-12-31,2026-01-06,2026-01-06,92,77,11
PO000261,S027,P0278,W03,2025-09-25,2025-10-22,2025-10-20,36,33,3
PO000262,S034,P0146,W15,2025-06-20,2025-07-04,2025-07-03,80,74,4
PO000263,S009,P0182,W10,2025-03-27,2025-04-06,2025-04-04,62,58,4
PO000264,S011,P0052,W13,2025-12-13,2025-12-25,2025-12-24,32,32,0
PO000265,S021,P0322,W03,2025-05-16,2025-05-21,2025-05-19,162,136,19
PO000266,S032,P0247,W08,2025-01-07,2025-01-23,2025-01-22,66,63,1
PO000267,S017,P0126,W15,2025-10-02,2025-10-27,2025-10-25,291,258,19
PO000268,S033,P0367,W15,2026-01-12,2026-02-15,2026-02-27,39,37,2
PO000269,S030,P0281,W09,2025-05-24,2025-06-16,2025-06-14,50,44,4
PO000270,S032,P0001,W04,2025-10-14,2025-10-28,2025-10-28,23,22,1
PO000271,S006,P0230,W02,2026-01-07,2026-01-21,2026-01-19,354,331,6
PO000272,S031,P0165,W03,2026-04-28,2026-05-17,2026-05-17,91,84,7
PO000273,S027,P0119,W01,2025-08-01,2025-09-02,2025-09-01,52,47,4
PO000274,S013,P0287,W06,2026-01-01,2026-01-25,2026-01-25,42,40,1
PO000275,S022,P0013,W05,2026-05-08,2026-05-20,2026-05-20,36,34,1
PO000276,S002,P0059,W11,2025-08-12,2025-09-11,2025-09-11,85,76,5
PO000277,S009,P0295,W13,2026-03-18,2026-04-04,,56,53,3
PO000278,S038,P0008,W01,2025-05-08,2025-05-23,2025-05-23,70,63,4
PO000279,S037,P0335,W07,2026-03-20,2026-03-31,2026-03-30,101,97,4
PO000280,S002,P0129,W05,2025-10-27,2025-11-22,2025-11-20,100,88,8
PO000281,S002,P0283,W08,2025-07-02,2025-08-08,2025-08-17,350,315,20
PO000282,S013,P0375,W09,2025-02-03,2025-03-04,2025-03-04,19,19,0
PO000283,S026,P0097,W08,2025-10-30,2025-11-21,2025-11-20,32,28,3
PO000284,S039,P0380,W09,2025-01-15,2025-02-02,2025-02-11,52,49,3
PO000285,S009,P0372,W09,2025-04-20,2025-05-14,2025-05-14,42,40,1
PO000286,S004,P0094,W11,2025-01-12,2025-01-27,2025-01-26,133,119,8
PO000287,S001,P0118,W06,2025-06-13,2025-06-16,2025-06-14,62,59,2
PO000288,S031,P0133,W10,2025-09-01,2025-09-17,2025-09-22,98,92,6
PO000289,S005,P0008,W02,2025-12-03,2025-12-28,2025-12-28,77,74,1
PO000290,S016,P0016,W11,2025-04-14,2025-05-12,2025-05-14,37,33,3
PO000291,S034,P0259,W14,2026-02-28,2026-03-08,2026-03-06,82,73,5
PO000292,S011,P0323,W14,2026-02-04,2026-02-25,2026-02-23,16,16,0
PO000293,S031,P0261,W13,2025-03-18,2025-04-07,2025-04-06,104,97,7
PO000294,S037,P0182,W03,2025-09-13,2025-09-19,2025-09-18,142,135,5
PO000295,S006,P0107,W13,2026-02-04,2026-02-07,2026-02-06,56,54,2
PO000296,S034,P0138,W13,2026-03-14,2026-03-20,2026-03-30,22,21,1
PO000297,S038,P0085,W09,2025-08-05,2025-08-30,2025-08-30,71,66,3
PO000298,S038,P0126,W11,2025-05-14,2025-06-04,2025-06-02,86,79,7
PO000299,S037,P0127,W12,2025-12-17,2025-12-28,2025-12-27,60,57,1
PO000300,S038,P0137,W11,2025-04-13,2025-05-07,2025-05-10,111,98,10
PO000301,S001,P0091,W04,2025-07-07,2025-07-12,2025-07-24,48,48,0
PO000302,S008,P0119,W09,2026-05-19,2026-06-06,2026-06-14,43,40,2
PO000303,S022,P0113,W09,2026-04-22,2026-05-04,2026-05-03,43,40,2
PO000304,S033,P0184,W13,2026-06-27,2026-08-04,2026-08-02,33,30,2
PO000305,S026,P0207,W15,2025-03-03,2025-03-27,2025-03-26,46,42,4
PO000306,S030,P0054,W10,2025-08-03,2025-08-25,2025-08-25,48,41,5
PO000307,S037,P0148,W03,2026-05-29,2026-06-07,2026-06-06,81,76,3
PO000308,S010,P0271,W05,2026-01-22,2026-02-16,2026-02-16,90,79,9
PO000309,S034,P0035,W08,2025-06-05,2025-06-08,2025-06-14,93,86,3
PO000310,S035,P0327,W01,2025-09-18,2025-10-02,2025-10-14,41,37,3
PO000311,S040,P0226,W09,2025-01-20,2025-01-23,2025-01-22,42,40,1
PO000312,S018,P0160,W04,2025-10-03,2025-10-25,2025-10-24,74,64,8
PO000313,S019,P0149,W08,2026-02-16,2026-03-06,2026-03-04,44,42,1
PO000314,S015,P0031,W04,2025-01-28,2025-02-08,2025-02-06,35,32,3
PO000315,S030,P0167,W06,2025-03-11,2025-04-02,2025-03-31,124,111,12
PO000316,S015,P0286,W06,2026-05-16,2026-05-29,2026-05-27,15,14,1
PO000317,S037,P0204,W01,2025-11-16,2025-12-05,2025-12-04,137,132,5
PO000318,S017,P0111,W05,2026-06-17,2026-07-27,2026-07-27,90,82,5
PO000319,S033,P0243,W02,2025-03-15,2025-04-15,2025-04-13,64,58,3
PO000320,S022,P0066,W10,2025-03-18,2025-04-04,2025-04-04,47,46,1
PO000321,S031,P0341,W15,2025-11-27,2025-12-17,2025-12-17,72,67,3
PO000322,S027,P0196,W11,2025-10-02,2025-10-28,2025-10-28,97,88,8
PO000323,S008,P0036,W13,2025-08-13,2025-08-21,2025-08-19,62,58,2
PO000324,S009,P0395,W08,2025-12-06,2025-12-23,2025-12-23,75,71,1
PO000325,S007,P0388,W07,2025-11-17,2025-12-14,2025-12-14,67,56,8
PO000326,S019,P0387,W12,2025-08-02,2025-08-23,2025-08-23,36,35,1
PO000327,S015,P0058,W08,2025-04-28,2025-05-14,2025-05-19,38,35,3
PO000328,S007,P0327,W06,2026-06-06,2026-07-15,2026-07-25,55,50,5
PO000329,S021,P0382,W12,2025-10-23,2025-11-07,2025-11-08,72,63,7
PO000330,S023,P0085,W10,2025-03-04,2025-03-14,2025-03-12,42,37,3
PO000331,S008,P0035,W11,2026-03-11,2026-03-23,2026-03-21,71,65,3
PO000332,S025,P0269,W03,2026-05-26,2026-06-19,2026-06-17,69,64,2
PO000333,S035,P0021,W01,2025-06-29,2025-07-14,2025-07-22,96,87,9
PO000334,S023,P0176,W06,2026-06-01,2026-06-08,2026-06-07,40,36,2
PO000335,S035,P0384,W02,2026-05-23,2026-06-02,2026-05-31,59,50,7
PO000336,S035,P0206,W01,2025-12-04,2025-12-16,2025-12-16,59,52,6
PO000337,S018,P0028,W07,2026-02-04,2026-02-17,2026-02-15,175,155,14
PO000338,S037,P0289,W06,2026-01-13,2026-01-16,2026-01-16,75,72,1
PO000339,S004,P0240,W15,2025-03-14,2025-03-27,2025-03-27,104,96,8
PO000340,S016,P0005,W06,2025-10-01,2025-10-15,2025-10-27,48,42,4
PO000341,S033,P0310,W01,2026-04-29,2026-06-04,2026-06-04,81,76,3
PO000342,S029,P0383,W03,2025-09-10,2025-09-16,2025-09-14,23,23,0
PO000343,S032,P0088,W05,2025-05-04,2025-05-17,2025-05-15,29,28,1
PO000344,S003,P0223,W03,2026-05-26,2026-06-14,2026-06-12,65,62,3
PO000345,S016,P0332,W02,2025-07-17,2025-07-30,2025-07-30,84,78,4
PO000346,S019,P0138,W09,2025-06-14,2025-06-30,2025-06-28,125,115,8
PO000347,S025,P0229,W06,2025-01-15,2025-02-08,2025-02-08,194,179,15
PO000348,S030,P0205,W11,2025-11-23,2025-12-13,2025-12-13,109,100,8
PO000349,S007,P0268,W13,2026-02-26,2026-03-23,2026-03-22,140,120,15
PO000350,S019,P0274,W02,2025-12-03,2025-12-23,2025-12-21,38,35,2
PO000351,S036,P0234,W02,2025-12-28,2026-02-04,2026-02-02,76,70,3
PO000352,S025,P0360,W06,2025-11-03,2025-12-02,2025-11-30,133,119,12
PO000353,S034,P0049,W03,2026-06-11,2026-06-20,2026-06-18,23,22,1
PO000354,S027,P0244,W08,2026-06-16,2026-07-20,2026-07-20,120,104,11
PO000355,S039,P0214,W13,2025-01-26,2025-02-18,2025-02-20,65,59,3
PO000356,S023,P0259,W10,2025-10-09,2025-10-17,2025-10-16,112,105,5
PO000357,S005,P0300,W08,2025-05-20,2025-06-05,2025-06-05,104,101,3
PO000358,S028,P0281,W03,2026-04-11,2026-05-07,2026-05-12,43,40,3
PO000359,S039,P0089,W14,2025-08-30,2025-09-25,2025-09-25,32,29,2
PO000360,S031,P0091,W02,2026-04-01,2026-04-19,2026-04-17,56,51,3
PO000361,S011,P0162,W15,2026-06-12,2026-06-23,2026-06-21,86,83,0
PO000362,S038,P0307,W09,2025-05-21,2025-06-11,2025-06-20,34,32,2
PO000363,S035,P0089,W02,2025-09-02,2025-09-17,2025-09-16,64,56,6
PO000364,S038,P0246,W01,2026-05-12,2026-05-30,2026-06-11,102,93,7
PO000365,S036,P0357,W13,2025-08-10,2025-09-14,2025-09-12,39,37,2
PO000366,S006,P0394,W04,2025-03-18,2025-03-28,2025-03-26,54,53,0
PO000367,S038,P0231,W15,2025-07-27,2025-08-20,2025-08-19,23,21,2
PO000368,S026,P0300,W06,2025-02-16,2025-02-23,2025-02-28,54,48,6
PO000369,S008,P0376,W13,2026-03-15,2026-03-29,2026-03-28,41,40,1
PO000370,S019,P0045,W05,2025-09-03,2025-09-18,2025-09-16,35,34,1
PO000371,S007,P0380,W14,2025-05-21,2025-06-28,2025-07-03,42,36,4
PO000372,S011,P0258,W01,2025-04-04,2025-04-19,2025-04-18,75,75,0
PO000373,S033,P0081,W02,2026-06-08,2026-07-09,2026-07-18,79,72,5
PO000374,S013,P0046,W03,2026-05-09,2026-06-09,2026-06-10,46,44,1
PO000375,S027,P0065,W05,2025-05-10,2025-06-06,2025-06-05,37,33,3
PO000376,S031,P0005,W02,2026-04-11,2026-04-22,2026-04-21,77,71,6
PO000377,S023,P0186,W03,2025-12-25,2025-12-28,2025-12-28,115,107,8
PO000378,S016,P0126,W03,2026-06-26,2026-07-11,2026-07-11,56,50,5
PO000379,S001,P0322,W03,2025-12-23,2026-01-01,2026-01-01,29,29,0
PO000380,S025,P0037,W07,2026-03-11,2026-04-04,2026-04-03,54,50,3
PO000381,S040,P0240,W12,2025-11-06,2025-11-21,2025-11-21,41,39,0
PO000382,S008,P0258,W04,2025-07-24,2025-08-08,2025-08-12,166,154,10
PO000383,S027,P0248,W04,2025-05-21,2025-06-23,2025-06-21,29,27,2
PO000384,S034,P0259,W08,2026-02-26,2026-03-14,2026-03-14,70,62,5
PO000385,S015,P0388,W05,2026-01-06,2026-01-31,2026-02-02,59,51,7
PO000386,S029,P0158,W08,2025-12-14,2025-12-21,2026-01-02,210,193,8
PO000387,S033,P0242,W12,2025-01-27,2025-02-28,2025-02-26,56,51,3
PO000388,S014,P0345,W01,2025-08-20,2025-08-29,2025-08-28,68,62,3
PO000389,S028,P0060,W06,2026-06-24,2026-07-21,2026-07-19,56,53,2
PO000390,S016,P0343,W11,2025-03-23,2025-04-13,2025-04-11,76,66,7
PO000391,S030,P0207,W08,2025-07-03,2025-07-16,2025-07-27,167,151,15
PO000392,S004,P0133,W13,2025-04-05,2025-04-20,2025-04-18,37,34,3
PO000393,S037,P0050,W08,2025-04-01,2025-04-15,2025-04-14,34,33,0
PO000394,S037,P0211,W05,2026-03-08,2026-03-12,2026-03-10,78,72,3
PO000395,S010,P0058,W09,2025-04-05,2025-04-29,2025-04-27,72,63,6
PO000396,S034,P0380,W01,2025-07-12,2025-07-28,2025-07-27,22,21,0
PO000397,S040,P0384,W05,2025-07-06,2025-07-16,2025-07-16,54,52,0
PO000398,S030,P0034,W15,2025-03-08,2025-03-21,2025-03-20,44,38,4
PO000399,S032,P0397,W01,2025-05-17,2025-05-26,2025-05-24,70,68,2
PO000400,S009,P0249,W07,2026-04-14,2026-05-05,2026-05-04,32,31,1
PO000401,S028,P0339,W09,2026-04-14,2026-05-07,2026-05-05,58,52,4
PO000402,S015,P0262,W06,2025-12-11,2025-12-22,2025-12-26,47,40,6
PO000403,S034,P0339,W01,2025-02-15,2025-02-18,2025-02-18,391,358,23
PO000404,S027,P0132,W02,2025-12-26,2026-01-24,2026-01-22,142,130,12
PO000405,S003,P0132,W08,2026-02-06,2026-02-21,2026-02-21,97,92,3
PO000406,S030,P0026,W12,2025-11-07,2025-11-23,2025-11-28,175,157,14
PO000407,S014,P0374,W13,2025-05-17,2025-05-25,2025-05-23,45,42,1
PO000408,S001,P0388,W06,2025-01-15,2025-01-19,2025-01-17,100,97,2
PO000409,S029,P0261,W14,2026-04-04,2026-04-12,2026-04-11,77,73,3
PO000410,S033,P0279,W06,2025-12-19,2026-01-23,2026-01-22,77,72,5
PO000411,S037,P0115,W10,2026-05-13,2026-05-25,2026-05-24,73,71,2
PO000412,S011,P0389,W10,2026-04-13,2026-04-19,2026-04-19,76,75,1
PO000413,S038,P0336,W10,2025-01-04,2025-01-16,2025-01-14,27,25,1
PO000414,S035,P0171,W02,2025-04-13,2025-04-19,2025-04-19,110,101,8
PO000415,S023,P0356,W03,2025-02-20,2025-03-01,2025-03-01,118,104,9
PO000416,S021,P0399,W13,2025-05-18,2025-06-03,2025-06-02,62,55,6
PO000417,S018,P0087,W02,2026-04-26,2026-05-18,2026-05-18,39,34,4
PO000418,S036,P0302,W01,2026-01-22,2026-02-27,,48,48,0
PO000419,S030,P0008,W03,2025-12-28,2026-01-16,2026-01-15,33,29,3
PO000420,S019,P0165,W06,2026-04-28,2026-05-13,2026-05-13,130,119,7
PO000421,S025,P0097,W12,2025-04-12,2025-05-08,2025-05-09,163,159,4
PO000422,S020,P0259,W05,2025-12-03,2025-12-18,2025-12-16,224,206,16
PO000423,S001,P0262,W02,2025-02-16,2025-02-25,2025-02-23,14,13,0
PO000424,S016,P0321,W09,2026-02-11,2026-02-26,2026-03-10,219,196,20
PO000425,S001,P0116,W12,2025-10-04,2025-10-07,2025-10-06,36,36,0
PO000426,S028,P0347,W08,2026-03-08,2026-03-21,2026-03-21,98,91,5
PO000427,S038,P0020,W01,2025-10-16,2025-11-14,2025-11-14,61,53,6
PO000428,S032,P0158,W07,2025-08-29,2025-09-23,2025-09-21,72,68,3
PO000429,S014,P0091,W08,2025-08-19,2025-08-29,2025-08-30,288,265,18
PO000430,S006,P0241,W05,2026-04-04,2026-04-12,2026-04-11,16,15,0
PO000431,S010,P0217,W10,2025-07-21,2025-08-27,2025-08-25,39,35,3
PO000432,S011,P0293,W09,2025-05-01,2025-05-09,2025-05-09,25,25,0
PO000433,S034,P0030,W04,2025-01-29,2025-02-11,2025-02-09,90,80,6
PO000434,S031,P0240,W11,2025-04-10,2025-04-18,2025-04-16,91,84,7
PO000435,S010,P0333,W14,2025-08-30,2025-09-18,2025-09-16,89,80,7
PO000436,S035,P0235,W05,2026-01-31,2026-02-13,2026-02-13,71,66,5
PO000437,S014,P0365,W07,2026-02-12,2026-02-16,2026-02-14,96,88,6
PO000438,S022,P0315,W12,2025-09-02,2025-09-20,2025-09-20,72,68,3
PO000439,S008,P0216,W14,2025-10-23,2025-11-07,2025-11-17,117,110,6
PO000440,S026,P0216,W13,2026-03-06,2026-03-23,2026-03-21,54,48,5
PO000441,S013,P0296,W11,2026-01-29,2026-02-27,2026-02-25,26,26,0
PO000442,S035,P0287,W05,2025-07-03,2025-07-12,2025-07-10,233,198,24
PO000443,S005,P0115,W03,2025-01-28,2025-02-22,2025-02-21,84,80,2
PO000444,S031,P0024,W12,2025-08-23,2025-09-13,2025-09-12,35,31,3
PO000445,S021,P0214,W04,2026-06-18,2026-06-29,2026-07-04,23,21,2
PO000446,S036,P0213,W08,2026-01-28,2026-02-26,2026-03-04,78,70,5
PO000447,S029,P0054,W09,2026-04-12,2026-04-16,2026-04-16,86,80,3
PO000448,S008,P0315,W15,2025-05-09,2025-05-28,2025-05-28,42,40,1
PO000449,S023,P0032,W06,2026-05-18,2026-05-28,2026-05-27,180,162,16
PO000450,S014,P0242,W07,2025-02-13,2025-02-17,2025-02-15,127,122,5
PO000451,S038,P0134,W04,2025-10-08,2025-10-31,2025-10-31,20,19,1
PO000452,S010,P0346,W08,2025-09-04,2025-09-29,2025-09-29,406,368,31
PO000453,S002,P0297,W12,2025-02-27,2025-03-29,2025-03-29,55,49,4
PO000454,S003,P0312,W09,2025-05-06,2025-06-03,2025-06-02,44,41,2
PO000455,S021,P0023,W15,2025-04-25,2025-05-09,2025-05-07,68,60,7
PO000456,S016,P0393,W13,2026-01-27,2026-02-10,2026-02-08,76,71,5
PO000457,S001,P0194,W14,2025-07-11,2025-07-14,2025-07-13,43,43,0
PO000458,S031,P0032,W11,2026-01-12,2026-01-20,2026-01-19,44,40,2
PO000459,S016,P0343,W12,2026-04-01,2026-04-20,2026-04-18,165,146,17
PO000460,S017,P0343,W04,2025-09-09,2025-10-08,2025-10-06,28,27,1
PO000461,S007,P0050,W04,2026-04-26,2026-05-28,2026-06-02,58,49,7
PO000462,S006,P0373,W13,2026-01-24,2026-01-27,2026-01-27,76,74,2
PO000463,S005,P0031,W06,2026-06-11,2026-07-03,2026-07-15,29,27,1
PO000464,S027,P0379,W04,2025-09-11,2025-10-24,2025-10-23,120,108,10
PO000465,S007,P0159,W01,2025-07-11,2025-08-08,2025-08-07,61,53,7
PO000466,S037,P0303,W08,2025-10-16,2025-10-19,2025-10-19,49,46,1
PO000467,S035,P0256,W08,2025-11-07,2025-11-24,2025-11-22,91,79,8
PO000468,S003,P0327,W10,2026-03-26,2026-04-24,2026-04-23,84,79,2
PO000469,S002,P0125,W08,2026-05-30,2026-06-18,2026-06-17,150,136,11
PO000470,S009,P0317,W03,2025-05-05,2025-05-29,2025-05-28,199,193,6
PO000471,S018,P0222,W03,2025-06-13,2025-07-09,2025-07-08,130,117,12
PO000472,S011,P0040,W13,2025-07-08,2025-07-14,2025-07-12,162,155,2
PO000473,S021,P0080,W10,2025-07-01,2025-07-10,2025-07-09,61,52,6
PO000474,S004,P0067,W12,2025-09-09,2025-10-01,2025-10-13,59,52,6
PO000475,S020,P0310,W09,2025-04-20,2025-05-05,2025-05-04,64,57,6
PO000476,S026,P0312,W14,2025-05-21,2025-06-02,2025-06-09,64,55,6
PO000477,S030,P0336,W07,2025-02-09,2025-02-23,2025-02-22,43,40,3
PO000478,S002,P0290,W12,2025-09-23,2025-10-27,2025-10-25,23,22,1
PO000479,S010,P0073,W14,2025-12-12,2026-01-12,2026-01-10,37,33,3
PO000480,S018,P0308,W04,2025-05-02,2025-05-31,2025-06-04,21,18,2
PO000481,S032,P0317,W07,2026-04-11,2026-04-24,2026-04-22,11,10,0
PO000482,S040,P0095,W02,2026-02-25,2026-02-28,2026-02-27,29,28,0
PO000483,S015,P0256,W07,2025-08-19,2025-08-30,2025-08-28,86,72,12
PO000484,S020,P0289,W10,2025-09-28,2025-10-05,2025-10-05,74,67,6
PO000485,S015,P0115,W11,2025-01-03,2025-01-21,2025-01-19,119,102,13
PO000486,S009,P0120,W09,2025-05-20,2025-06-08,2025-06-07,142,139,3
PO000487,S010,P0368,W01,2025-04-30,2025-06-06,2025-06-11,92,84,5
PO000488,S023,P0303,W11,2026-04-12,2026-04-20,2026-04-20,161,145,16
PO000489,S003,P0040,W03,2025-06-11,2025-07-09,2025-07-21,27,26,0
PO000490,S015,P0043,W06,2025-05-20,2025-05-25,2025-05-25,78,67,9
PO000491,S034,P0216,W06,2026-01-27,2026-02-12,2026-02-11,31,29,1
PO000492,S013,P0311,W06,2025-12-10,2026-01-08,2026-01-08,36,36,0
PO000493,S031,P0360,W01,2026-06-07,2026-06-26,2026-06-25,50,47,3
PO000494,S005,P0220,W06,2025-10-16,2025-11-10,2025-11-09,66,65,1
PO000495,S024,P0297,W07,2025-03-25,2025-04-21,2025-04-21,166,142,16
PO000496,S030,P0131,W12,2026-05-20,2026-06-09,2026-06-07,24,22,1
PO000497,S035,P0109,W01,2026-03-24,2026-04-08,2026-04-16,15,13,1
PO000498,S003,P0204,W04,2025-08-22,2025-09-13,2025-09-13,77,74,2
PO000499,S006,P0243,W14,2025-02-14,2025-02-24,2025-02-22,43,42,0
PO000500,S038,P0107,W07,2025-11-06,2025-11-28,2025-12-10,98,88,8
PO000501,S019,P0203,W12,2025-02-20,2025-03-18,2025-03-18,41,37,2
PO000502,S037,P0305,W01,2025-07-23,2025-08-09,2025-08-07,76,72,3
PO000503,S003,P0317,W04,2025-04-05,2025-05-01,2025-05-01,44,43,0
PO000504,S038,P0098,W08,2025-09-12,2025-09-28,2025-09-28,129,119,10
PO000505,S009,P0003,W08,2026-06-18,2026-07-06,2026-07-04,99,95,3
PO000506,S034,P0203,W04,2026-05-08,2026-05-16,2026-05-21,50,46,3
PO000507,S028,P0096,W09,2026-05-14,2026-06-08,2026-06-06,101,92,7
PO000508,S015,P0290,W09,2025-02-05,2025-02-23,2025-02-23,97,84,12
PO000509,S033,P0218,W09,2025-02-02,2025-03-01,2025-03-01,131,116,9
PO000510,S039,P0366,W05,2025-03-14,2025-03-26,2025-03-24,152,142,8
PO000511,S039,P0254,W12,2025-10-13,2025-11-10,2025-11-08,89,84,5
PO000512,S025,P0149,W02,2025-11-26,2025-12-09,2025-12-09,65,59,3
PO000513,S021,P0257,W13,2026-01-13,2026-01-21,2026-01-20,46,42,4
PO000514,S035,P0079,W05,2025-12-24,2026-01-16,2026-01-16,35,30,4
PO000515,S005,P0097,W08,2026-06-09,2026-06-30,2026-06-30,20,20,0
PO000516,S006,P0040,W03,2025-09-18,2025-09-22,2025-09-25,84,78,3
PO000517,S036,P0212,W11,2026-05-14,2026-06-28,2026-06-27,98,94,4
PO000518,S013,P0153,W05,2026-03-29,2026-04-30,2026-04-28,178,169,5
PO000519,S026,P0324,W14,2025-04-27,2025-05-09,2025-05-17,65,60,5
PO000520,S025,P0241,W09,2025-02-16,2025-03-14,2025-03-12,156,149,5
PO000521,S004,P0200,W07,2025-01-14,2025-02-10,2025-02-10,105,93,11
PO000522,S006,P0178,W07,2025-04-22,2025-05-04,2025-05-04,97,97,0
PO000523,S029,P0055,W14,2025-07-30,2025-08-02,2025-07-31,64,58,3
PO000524,S010,P0092,W15,2025-02-25,2025-03-24,2025-03-25,97,83,10
PO000525,S036,P0322,W05,2025-04-12,2025-05-08,2025-05-06,56,51,4
PO000526,S036,P0017,W12,2026-06-17,2026-07-11,2026-07-14,67,63,4
PO000527,S005,P0125,W13,2025-06-10,2025-06-30,2025-06-29,39,38,1
PO000528,S028,P0282,W03,2025-02-10,2025-03-06,2025-03-04,67,58,6
PO000529,S023,P0041,W04,2025-09-23,2025-10-09,2025-10-09,118,109,8
PO000530,S021,P0397,W12,2025-05-20,2025-05-24,2025-05-22,52,47,4
PO000531,S030,P0330,W13,2026-01-29,2026-02-09,2026-02-07,101,89,8
PO000532,S005,P0133,W11,2026-06-24,2026-07-14,2026-07-14,181,176,0
PO000533,S003,P0380,W13,2025-01-14,2025-02-01,2025-01-31,197,188,2
PO000534,S002,P0325,W04,2026-06-08,2026-07-12,2026-07-10,88,81,6
PO000535,S011,P0195,W03,2025-03-13,2025-03-30,2025-04-08,230,227,0
PO000536,S008,P0006,W01,2026-04-18,2026-05-10,2026-05-10,23,23,0
PO000537,S012,P0325,W06,2025-10-29,2025-12-05,2025-12-05,143,138,4
PO000538,S015,P0360,W04,2025-06-05,2025-06-20,2025-06-19,76,70,6
PO000539,S017,P0264,W10,2025-10-19,2025-11-14,2025-11-14,56,52,2
PO000540,S031,P0387,W03,2026-04-23,2026-05-10,2026-05-08,186,168,10
PO000541,S009,P0116,W13,2026-06-08,2026-06-23,2026-06-21,78,77,1
PO000542,S018,P0009,W09,2026-02-28,2026-03-25,2026-04-03,27,25,2
PO000543,S033,P0336,W06,2025-02-15,2025-03-24,2025-03-22,38,35,3
PO000544,S006,P0376,W12,2025-09-12,2025-09-26,2025-09-25,100,96,3
PO000545,S025,P0264,W08,2026-03-17,2026-04-09,2026-04-09,41,39,2
PO000546,S007,P0318,W05,2025-06-13,2025-07-16,2025-07-15,10,8,1
PO000547,S015,P0212,W02,2025-06-11,2025-06-20,2025-06-20,75,66,8
PO000548,S016,P0132,W06,2026-02-15,2026-03-05,2026-03-05,44,41,1
PO000549,S034,P0063,W01,2025-10-11,2025-10-24,2025-11-05,113,112,1
PO000550,S029,P0269,W13,2025-02-16,2025-03-03,2025-03-02,53,52,1
PO000551,S024,P0386,W01,2025-06-20,2025-07-24,2025-07-29,41,37,3
PO000552,S033,P0356,W08,2025-04-06,2025-05-05,2025-05-05,22,20,1
PO000553,S014,P0058,W11,2025-01-08,2025-01-20,2025-01-18,50,46,2
PO000554,S025,P0370,W01,2025-04-04,2025-04-21,2025-04-21,41,40,1
PO000555,S027,P0162,W04,2025-12-25,2026-01-26,2026-01-24,104,96,6
PO000556,S016,P0214,W11,2025-04-22,2025-05-12,2025-05-12,279,253,25
PO000557,S028,P0157,W06,2025-01-10,2025-02-07,2025-02-07,31,28,2
PO000558,S040,P0100,W09,2025-11-13,2025-11-17,2025-11-17,59,58,1
PO000559,S039,P0096,W09,2026-06-19,2026-07-07,2026-07-10,46,42,2
PO000560,S011,P0192,W03,2025-10-06,2025-10-28,2025-10-26,66,60,3
PO000561,S037,P0371,W02,2026-05-02,2026-05-13,2026-05-12,28,27,1
PO000562,S033,P0397,W07,2025-11-29,2026-01-06,2026-01-04,25,22,2
PO000563,S010,P0077,W04,2026-06-25,2026-07-26,2026-07-24,91,82,7
PO000564,S014,P0036,W07,2025-04-25,2025-05-08,2025-05-08,122,114,8
PO000565,S027,P0076,W08,2025-11-05,2025-12-08,2025-12-06,53,48,4
PO000566,S039,P0165,W09,2025-01-06,2025-02-01,2025-01-31,61,57,3
PO000567,S019,P0085,W02,2026-04-06,2026-04-27,2026-04-26,64,61,3
PO000568,S031,P0258,W15,2025-06-07,2025-06-27,2025-06-27,69,62,5
PO000569,S006,P0298,W03,2025-05-30,2025-06-02,2025-06-01,19,18,1
PO000570,S027,P0185,W01,2025-08-27,2025-10-01,2025-10-11,406,350,38
PO000571,S017,P0093,W06,2026-02-12,2026-03-16,2026-03-14,36,35,1
PO000572,S012,P0161,W02,2026-01-12,2026-02-07,2026-02-07,128,123,5
PO000573,S004,P0246,W02,2026-05-30,2026-06-22,2026-06-20,33,29,3
PO000574,S024,P0305,W07,2025-02-08,2025-03-11,2025-03-11,108,94,9
PO000575,S008,P0120,W15,2025-12-17,2026-01-03,2026-01-02,33,31,1
PO000576,S028,P0381,W15,2026-06-28,2026-07-26,2026-07-26,137,122,9
PO000577,S014,P0379,W12,2025-11-29,2025-12-12,2025-12-10,13,13,0
PO000578,S024,P0137,W14,2025-06-02,2025-07-03,2025-07-03,201,176,15
PO000579,S001,P0172,W14,2026-02-19,2026-02-27,2026-02-25,17,16,0
PO000580,S038,P0255,W09,2025-06-09,2025-07-01,2025-06-30,162,147,13
PO000581,S034,P0180,W02,2025-07-13,2025-07-22,2025-07-21,20,19,1
PO000582,S004,P0202,W02,2025-04-07,2025-04-26,2025-04-26,102,93,8
PO000583,S037,P0247,W07,2026-02-15,2026-02-20,2026-02-26,88,82,2
PO000584,S027,P0328,W02,2025-06-11,2025-07-16,2025-07-16,43,37,4
PO000585,S040,P0028,W14,2025-05-21,2025-06-04,2025-06-13,115,113,1
PO000586,S030,P0337,W08,2025-03-31,2025-04-13,2025-04-11,200,169,22
PO000587,S032,P0190,W02,2025-06-27,2025-07-12,2025-07-12,202,190,4
PO000588,S020,P0093,W04,2026-04-19,2026-05-01,2026-04-30,154,137,14
PO000589,S033,P0266,W03,2025-12-16,2026-01-28,2026-01-26,34,32,2
PO000590,S016,P0060,W11,2025-06-19,2025-07-14,2025-07-22,54,48,4
PO000591,S028,P0297,W12,2025-06-20,2025-07-11,2025-07-09,80,74,5
PO000592,S020,P0054,W12,2025-08-29,2025-09-09,2025-09-08,29,27,2
PO000593,S038,P0172,W08,2026-05-18,2026-06-11,2026-06-11,108,96,8
PO000594,S039,P0010,W07,2026-01-08,2026-01-20,2026-01-19,62,60,2
PO000595,S040,P0036,W04,2025-03-23,2025-03-31,2025-03-31,175,169,0
PO000596,S016,P0080,W01,2025-04-10,2025-05-04,2025-05-02,125,116,9
PO000597,S027,P0342,W03,2025-02-17,2025-03-19,2025-03-18,178,155,16
PO000598,S017,P0265,W02,2026-02-12,2026-03-03,2026-03-09,134,128,6
PO000599,S015,P0050,W05,2026-02-28,2026-03-12,2026-03-12,124,104,15
PO000600,S031,P0054,W10,2025-10-24,2025-11-06,2025-11-05,39,36,2
PO000601,S015,P0272,W05,2026-05-11,2026-05-27,2026-06-04,65,54,8
PO000602,S008,P0346,W04,2025-10-21,2025-11-12,2025-11-10,24,23,1
PO000603,S035,P0184,W07,2025-08-30,2025-09-12,2025-09-12,41,35,5
PO000604,S015,P0370,W08,2025-03-26,2025-04-13,2025-04-11,23,21,2
PO000605,S028,P0005,W04,2025-01-20,2025-02-11,2025-02-09,71,64,5
PO000606,S010,P0276,W09,2025-02-18,2025-03-12,2025-03-11,68,60,7
PO000607,S029,P0306,W03,2025-01-15,2025-01-20,2025-01-18,48,45,1
PO000608,S031,P0238,W04,2025-09-01,2025-09-12,2025-09-11,32,29,3
PO000609,S014,P0391,W06,2026-05-21,2026-06-01,2026-05-30,86,79,5
PO000610,S006,P0278,W14,2026-03-02,2026-03-11,2026-03-10,69,62,4
PO000611,S002,P0357,W07,2025-02-16,2025-03-18,2025-03-16,69,66,3
PO000612,S040,P0369,W09,2026-04-26,2026-05-07,2026-05-07,50,49,1
PO000613,S032,P0188,W12,2025-03-30,2025-04-21,2025-04-21,82,79,2
PO000614,S002,P0324,W09,2026-02-14,2026-03-12,2026-03-12,41,37,2
PO000615,S022,P0325,W07,2025-04-13,2025-04-16,2025-04-15,73,68,4
PO000616,S014,P0212,W10,2025-12-05,2025-12-13,2025-12-11,97,88,5
PO000617,S007,P0342,W13,2025-11-26,2025-12-20,2025-12-19,10,10,0
PO000618,S035,P0034,W03,2026-06-03,2026-06-16,2026-06-16,28,26,2
PO000619,S006,P0319,W14,2026-04-20,2026-04-26,2026-04-24,61,55,3
PO000620,S023,P0286,W09,2025-04-27,2025-05-10,2025-05-21,111,100,9
PO000621,S006,P0177,W12,2026-02-20,2026-02-23,2026-02-21,37,36,1
PO000622,S040,P0308,W13,2026-02-05,2026-02-08,2026-02-06,51,48,1
PO000623,S004,P0120,W11,2025-05-20,2025-06-08,2025-06-07,63,56,6
PO000624,S016,P0363,W07,2025-03-30,2025-04-08,2025-04-08,45,39,4
PO000625,S030,P0066,W05,2026-05-11,2026-05-26,2026-05-25,52,49,3
PO000626,S009,P0233,W15,2025-04-12,2025-05-05,2025-05-05,67,63,2
PO000627,S011,P0230,W06,2026-01-20,2026-02-08,2026-02-06,113,111,2
PO000628,S038,P0396,W12,2025-07-07,2025-08-10,2025-08-08,117,101,13
PO000629,S004,P0388,W15,2026-06-30,2026-07-21,2026-07-19,39,36,2
PO000630,S038,P0193,W09,2025-12-07,2026-01-01,2026-01-09,166,145,16
PO000631,S032,P0036,W02,2025-12-03,2025-12-10,2025-12-10,53,50,1
PO000632,S037,P0297,W10,2025-01-02,2025-01-11,2025-01-09,166,156,2
PO000633,S002,P0093,W08,2026-01-15,2026-02-08,2026-02-07,56,53,2
PO000634,S010,P0037,W02,2025-07-02,2025-08-09,2025-08-07,44,38,4
PO000635,S025,P0058,W11,2025-09-15,2025-09-30,2025-09-28,165,152,9
PO000636,S010,P0189,W08,2025-07-02,2025-07-29,2025-07-27,73,65,7
PO000637,S028,P0048,W09,2025-11-30,2025-12-24,2025-12-22,47,44,3
PO000638,S023,P0285,W04,2025-10-25,2025-11-05,2025-11-03,62,54,5
PO000639,S022,P0163,W08,2026-01-10,2026-01-17,2026-01-16,43,40,1
PO000640,S031,P0020,W12,2025-07-13,2025-07-28,2025-08-05,98,92,4
PO000641,S005,P0278,W12,2025-05-02,2025-05-20,2025-05-20,64,61,1
PO000642,S018,P0285,W14,2026-05-19,2026-06-12,2026-06-10,45,38,5
PO000643,S040,P0349,W08,2025-04-11,2025-04-15,2025-04-20,117,114,0
PO000644,S018,P0089,W10,2026-01-28,2026-02-26,2026-03-01,23,21,2
PO000645,S011,P0040,W12,2025-08-25,2025-09-01,2025-08-30,162,155,4
PO000646,S030,P0300,W03,2026-06-13,2026-07-01,2026-06-29,46,42,4
PO000647,S008,P0198,W15,2025-07-31,2025-08-23,2025-08-21,92,86,5
PO000648,S015,P0279,W08,2025-03-12,2025-03-25,2025-03-25,71,63,8
PO000649,S006,P0338,W12,2025-06-09,2025-06-17,2025-06-17,90,87,2
PO000650,S037,P0239,W02,2025-11-09,2025-11-15,2025-11-14,82,77,2
PO000651,S021,P0144,W07,2025-06-13,2025-06-16,2025-06-23,49,44,5
PO000652,S026,P0138,W06,2026-04-30,2026-05-22,2026-05-20,121,108,11
PO000653,S015,P0288,W15,2025-03-26,2025-04-16,2025-04-20,38,33,4
PO000654,S037,P0183,W14,2026-04-29,2026-05-20,2026-05-18,74,71,3
PO000655,S015,P0229,W12,2025-10-13,2025-10-30,2025-10-29,35,30,4
PO000656,S018,P0095,W01,2026-05-14,2026-06-09,2026-06-09,28,25,2
PO000657,S002,P0072,W10,2025-10-27,2025-11-29,2025-11-29,20,19,1
PO000658,S005,P0181,W10,2025-10-21,2025-11-09,2025-11-09,20,20,0
PO000659,S013,P0049,W15,2025-11-16,2025-12-08,2025-12-07,49,47,1
PO000660,S007,P0030,W12,2025-03-22,2025-04-26,2025-04-25,74,65,9
PO000661,S004,P0244,W01,2025-11-06,2025-11-27,2025-11-25,243,220,16
PO000662,S033,P0331,W01,2025-06-18,2025-07-17,2025-07-16,94,85,8
PO000663,S021,P0002,W11,2025-11-27,2025-12-06,2025-12-04,53,48,4
PO000664,S032,P0313,W06,2026-04-07,2026-04-21,2026-04-19,84,80,2
PO000665,S040,P0271,W06,2025-12-13,2025-12-27,2025-12-26,51,49,0
PO000666,S007,P0396,W12,2025-02-18,2025-03-17,2025-03-17,146,128,14
PO000667,S025,P0018,W11,2026-02-10,2026-03-10,2026-03-20,30,29,1
PO000668,S026,P0254,W05,2025-10-17,2025-11-03,2025-11-15,41,36,4
PO000669,S003,P0169,W11,2026-05-21,2026-06-12,2026-06-14,90,89,1
PO000670,S032,P0057,W06,2026-01-09,2026-01-27,2026-01-26,123,118,1
PO000671,S023,P0010,W05,2025-11-29,2025-12-05,2025-12-04,55,51,4
PO000672,S025,P0378,W13,2026-04-21,2026-05-17,2026-05-17,212,196,8
PO000673,S040,P0180,W01,2026-06-16,2026-06-19,2026-06-19,49,47,1
PO000674,S034,P0184,W10,2026-04-06,2026-04-16,2026-04-16,70,63,4
PO000675,S030,P0073,W09,2025-03-04,2025-03-24,2025-03-24,89,76,9
PO000676,S023,P0388,W01,2025-01-24,2025-02-15,2025-02-15,57,51,4
PO000677,S009,P0281,W10,2025-08-27,2025-09-15,2025-09-15,24,23,1
PO000678,S010,P0073,W04,2025-03-08,2025-04-14,2025-04-12,26,24,2
PO000679,S005,P0384,W12,2025-02-06,2025-02-27,2025-02-25,98,97,0
PO000680,S037,P0293,W15,2025-04-26,2025-05-05,2025-05-05,79,75,1
PO000681,S021,P0348,W08,2026-01-04,2026-01-07,2026-01-06,39,35,3
PO000682,S025,P0130,W12,2025-10-08,2025-11-02,2025-10-31,92,84,4
PO000683,S016,P0360,W09,2025-02-02,2025-02-19,2025-02-17,121,108,10
PO000684,S015,P0055,W06,2025-06-26,2025-07-17,2025-07-21,95,81,11
PO000685,S033,P0154,W09,2026-01-13,2026-02-19,2026-02-19,96,86,6
PO000686,S001,P0190,W02,2025-07-06,2025-07-09,2025-07-09,175,172,0
PO000687,S025,P0395,W12,2025-07-11,2025-08-04,2025-08-02,48,44,2
PO000688,S038,P0266,W08,2026-04-03,2026-04-16,2026-04-15,43,39,3
PO000689,S012,P0074,W11,2026-02-25,2026-03-31,2026-03-29,104,92,7
PO000690,S016,P0043,W11,2026-02-26,2026-03-17,2026-03-15,41,38,3
PO000691,S014,P0252,W11,2026-06-19,2026-06-26,2026-06-25,182,167,12
PO000692,S016,P0087,W14,2025-07-03,2025-07-24,2025-07-23,33,31,2
PO000693,S013,P0234,W11,2026-01-11,2026-02-05,,35,34,1
PO000694,S014,P0152,W10,2025-05-04,2025-05-20,2025-05-18,119,106,8
PO000695,S026,P0211,W10,2026-03-28,2026-04-18,2026-04-30,64,56,5
PO000696,S004,P0207,W02,2026-06-29,2026-07-19,2026-07-25,35,31,3
PO000697,S006,P0033,W03,2026-03-05,2026-03-08,2026-03-07,76,72,1
PO000698,S033,P0265,W06,2025-10-20,2025-11-29,2025-12-11,88,79,9
PO000699,S032,P0301,W10,2025-09-02,2025-09-17,2025-09-16,22,22,0
PO000700,S035,P0077,W15,2026-01-29,2026-02-09,2026-02-09,55,51,4
PO000701,S018,P0287,W15,2025-01-10,2025-02-08,2025-02-07,48,43,5
PO000702,S008,P0183,W02,2025-06-24,2025-06-30,2025-07-01,47,42,3
PO000703,S033,P0368,W08,2025-11-03,2025-12-14,2025-12-15,40,35,3
PO000704,S003,P0216,W11,2025-04-09,2025-04-24,2025-05-04,54,51,2
PO000705,S022,P0028,W01,2025-08-19,2025-09-03,2025-09-01,215,202,11
PO000706,S016,P0015,W06,2025-11-04,2025-11-23,2025-11-23,271,240,19
PO000707,S014,P0388,W09,2026-01-28,2026-02-05,2026-02-04,33,30,2
PO000708,S012,P0194,W03,2025-11-20,2025-12-18,2025-12-16,116,107,4
PO000709,S023,P0375,W09,2025-04-05,2025-04-14,2025-04-13,71,64,6
PO000710,S025,P0112,W01,2025-03-16,2025-04-03,2025-04-02,27,27,0
PO000711,S038,P0385,W01,2025-08-06,2025-09-02,2025-08-31,507,438,44
PO000712,S015,P0067,W02,2025-12-29,2026-01-13,2026-01-13,70,60,7
PO000713,S030,P0026,W15,2025-08-08,2025-08-18,2025-08-18,49,44,4
PO000714,S007,P0329,W04,2025-07-15,2025-08-17,2025-08-23,59,52,6
PO000715,S006,P0292,W05,2025-04-29,2025-05-09,2025-05-08,100,96,3
PO000716,S033,P0253,W02,2025-10-12,2025-11-15,2025-11-15,17,15,1
PO000717,S008,P0183,W01,2025-06-14,2025-06-24,2025-06-24,47,45,1
PO000718,S008,P0072,W04,2025-09-17,2025-10-02,2025-10-02,17,17,0
PO000719,S023,P0190,W14,2026-02-13,2026-02-25,2026-02-24,40,38,2
PO000720,S029,P0169,W08,2025-03-27,2025-03-30,2025-03-28,71,68,2
PO000721,S040,P0228,W14,2026-05-14,2026-06-01,2026-06-01,79,75,1
PO000722,S040,P0250,W01,2026-06-11,2026-06-23,2026-06-21,38,37,0
PO000723,S040,P0187,W09,2025-03-04,2025-03-17,2025-03-17,189,179,3
PO000724,S040,P0205,W09,2025-04-07,2025-04-26,2025-04-24,99,96,2
PO000725,S020,P0023,W07,2026-01-28,2026-02-06,2026-02-14,152,138,12
PO000726,S006,P0283,W10,2025-08-21,2025-08-28,2025-08-27,101,97,3
PO000727,S002,P0306,W08,2025-07-22,2025-08-15,2025-08-13,95,90,4
PO000728,S020,P0213,W14,2026-03-31,2026-04-07,2026-04-05,100,93,7
PO000729,S038,P0169,W11,2026-01-24,2026-02-12,2026-02-10,65,61,4
PO000730,S004,P0201,W07,2025-01-07,2025-01-26,2025-01-26,122,105,12
PO000731,S015,P0003,W04,2025-10-21,2025-11-14,2025-11-19,199,169,22
PO000732,S037,P0296,W14,2025-01-16,2025-01-24,2025-01-26,76,72,1
PO000733,S011,P0301,W11,2026-02-09,2026-02-12,2026-02-10,121,120,0
PO000734,S030,P0350,W01,2026-02-08,2026-03-04,2026-03-16,45,40,3
PO000735,S007,P0172,W15,2025-09-20,2025-10-19,2025-10-23,86,73,10
PO000736,S012,P0075,W01,2026-01-05,2026-02-06,2026-02-04,40,38,1
PO000737,S029,P0192,W07,2026-02-21,2026-02-26,2026-02-25,65,60,2
PO000738,S019,P0319,W13,2026-01-22,2026-02-10,2026-02-09,397,365,28
PO000739,S002,P0302,W13,2025-05-28,2025-06-26,2025-07-08,87,82,5
PO000740,S030,P0224,W01,2025-05-07,2025-05-24,2025-05-22,69,62,5
PO000741,S025,P0041,W09,2025-09-20,2025-10-11,2025-10-11,85,80,4
PO000742,S001,P0292,W15,2026-05-26,2026-06-06,2026-06-06,29,29,0
PO000743,S025,P0311,W13,2025-11-25,2025-12-23,2025-12-21,122,109,8
PO000744,S014,P0212,W07,2025-02-15,2025-02-18,2025-02-17,158,145,11
PO000745,S028,P0203,W13,2025-01-28,2025-02-19,2025-02-26,42,38,4
PO000746,S012,P0298,W03,2025-05-24,2025-06-28,2025-06-26,66,63,3
PO000747,S022,P0045,W01,2025-03-11,2025-03-21,2025-03-21,46,43,2
PO000748,S004,P0102,W08,2025-08-01,2025-08-18,2025-08-27,38,34,3
PO000749,S016,P0127,W07,2025-09-04,2025-09-16,2025-09-16,19,18,1
PO000750,S012,P0354,W02,2025-10-31,2025-12-05,2025-12-04,34,32,1
PO000751,S008,P0397,W14,2025-12-11,2025-12-22,2025-12-22,89,82,6
PO000752,S036,P0307,W01,2025-02-16,2025-03-19,2025-03-18,59,55,3
PO000753,S015,P0027,W09,2025-04-29,2025-05-16,2025-05-16,100,84,12
PO000754,S007,P0158,W03,2026-03-02,2026-04-04,2026-04-02,107,92,12
PO000755,S023,P0160,W08,2025-11-06,2025-11-16,2025-11-15,125,112,11
PO000756,S008,P0098,W03,2026-06-29,2026-07-22,2026-07-22,15,15,0
PO000757,S004,P0108,W01,2025-05-18,2025-06-09,2025-06-08,114,100,10
PO000758,S040,P0185,W07,2025-03-24,2025-03-30,2025-03-30,237,225,3
PO000759,S013,P0232,W01,2026-02-20,2026-03-22,2026-03-21,59,55,2
PO000760,S020,P0239,W04,2025-07-15,2025-07-25,2025-07-24,36,32,4
PO000761,S029,P0001,W01,2026-05-06,2026-05-17,2026-05-15,103,100,1
PO000762,S040,P0097,W01,2026-04-10,2026-04-15,2026-04-14,123,115,2
PO000763,S018,P0314,W14,2025-03-19,2025-04-10,2025-04-09,45,39,5
PO000764,S023,P0055,W07,2025-12-07,2025-12-19,2025-12-30,103,92,6
PO000765,S006,P0245,W15,2025-11-01,2025-11-14,2025-11-12,54,52,2
PO000766,S007,P0199,W08,2026-02-28,2026-03-26,2026-03-24,80,66,10
PO000767,S010,P0056,W15,2025-06-14,2025-07-06,2025-07-05,145,131,10
PO000768,S015,P0148,W11,2025-06-03,2025-06-21,2025-06-20,103,93,10
PO000769,S011,P0080,W08,2025-05-01,2025-05-11,2025-05-22,107,107,0
PO000770,S006,P0228,W03,2025-06-26,2025-07-04,2025-07-02,41,38,1
PO000771,S010,P0146,W12,2025-07-11,2025-08-07,2025-08-05,27,25,2
PO000772,S023,P0148,W05,2025-04-13,2025-04-22,2025-05-01,28,25,2
PO000773,S019,P0251,W03,2025-07-11,2025-08-06,2025-08-04,56,51,3
PO000774,S038,P0026,W07,2025-10-15,2025-10-23,2025-10-23,145,134,10
PO000775,S002,P0253,W11,2025-05-17,2025-06-13,2025-06-25,49,46,3
PO000776,S025,P0223,W05,2025-09-02,2025-09-25,2025-10-07,49,45,2
PO000777,S037,P0388,W06,2025-07-16,2025-08-07,2025-08-07,120,114,2
PO000778,S025,P0136,W05,2026-02-01,2026-02-27,,54,52,2
PO000779,S025,P0005,W07,2025-01-31,2025-02-23,2025-02-21,148,138,7
PO000780,S006,P0286,W03,2025-03-01,2025-03-19,2025-03-30,25,23,1
PO000781,S023,P0296,W15,2025-05-23,2025-05-27,2025-05-27,101,94,6
PO000782,S032,P0031,W01,2025-12-10,2025-12-30,2025-12-30,53,50,2
PO000783,S004,P0241,W02,2025-03-05,2025-03-29,2025-04-01,68,60,6
PO000784,S015,P0121,W07,2026-04-27,2026-05-18,2026-05-17,57,51,5
PO000785,S002,P0152,W01,2026-02-16,2026-03-19,2026-03-22,162,142,15
PO000786,S028,P0273,W12,2025-02-01,2025-03-04,2025-03-02,139,120,13
PO000787,S006,P0157,W13,2026-01-23,2026-01-26,2026-01-24,115,110,5
PO000788,S018,P0229,W05,2025-04-12,2025-05-06,2025-05-04,115,101,14
PO000789,S014,P0229,W02,2026-03-17,2026-03-29,2026-03-28,78,72,5
PO000790,S022,P0068,W01,2026-06-11,2026-06-17,2026-06-18,84,79,2
PO000791,S009,P0096,W07,2026-06-24,2026-07-19,2026-07-19,39,38,1
PO000792,S012,P0127,W04,2026-01-06,2026-02-09,2026-02-08,48,46,2
PO000793,S017,P0034,W07,2025-03-12,2025-04-05,2025-04-09,33,31,1
PO000794,S030,P0034,W09,2026-05-10,2026-05-21,2026-05-19,30,27,2
PO000795,S035,P0012,W09,2025-05-26,2025-06-09,2025-06-08,73,63,8
PO000796,S012,P0272,W08,2025-09-04,2025-10-04,2025-10-02,57,54,2
PO000797,S007,P0083,W05,2025-04-06,2025-05-13,2025-05-15,29,26,3
PO000798,S028,P0275,W13,2025-08-20,2025-09-25,2025-09-23,78,70,6
PO000799,S038,P0035,W01,2026-02-18,2026-03-12,2026-03-12,37,33,3
PO000800,S012,P0008,W02,2025-07-04,2025-08-03,2025-08-01,221,207,12
PO000801,S036,P0147,W05,2025-12-15,2026-01-10,2026-01-08,107,96,6
PO000802,S028,P0358,W01,2025-02-12,2025-03-10,2025-03-13,33,30,3
PO000803,S008,P0145,W14,2025-04-22,2025-05-04,2025-05-02,130,120,6
PO000804,S016,P0324,W02,2025-10-09,2025-10-29,2025-10-29,54,50,4
PO000805,S014,P0238,W09,2025-12-15,2025-12-26,2026-01-03,39,35,3
PO000806,S033,P0353,W01,2025-04-01,2025-05-05,2025-05-05,47,42,3
PO000807,S004,P0082,W01,2026-02-01,2026-02-18,2026-02-18,117,106,8
PO000808,S022,P0173,W01,2025-08-14,2025-08-28,2025-08-26,80,74,2
PO000809,S009,P0041,W03,2026-02-22,2026-03-10,2026-03-08,56,54,1
PO000810,S011,P0270,W11,2025-08-20,2025-08-28,2025-08-27,20,20,0
PO000811,S034,P0017,W09,2026-05-28,2026-06-02,2026-06-01,67,61,5
PO000812,S038,P0302,W02,2026-06-01,2026-06-17,2026-06-16,37,34,3
PO000813,S019,P0130,W15,2025-01-04,2025-01-22,2025-01-20,252,230,15
PO000814,S011,P0087,W12,2025-07-06,2025-07-18,2025-07-16,86,80,3
PO000815,S022,P0387,W07,2025-04-10,2025-04-25,2025-04-24,84,78,4
PO000816,S033,P0023,W11,2025-02-05,2025-03-05,2025-03-03,42,39,2
PO000817,S020,P0215,W02,2026-04-24,2026-04-27,2026-04-27,98,85,9
PO000818,S030,P0217,W14,2025-02-07,2025-02-28,2025-02-27,161,141,15
PO000819,S002,P0198,W10,2026-06-30,2026-07-31,2026-07-30,121,112,7
PO000820,S001,P0032,W07,2026-01-09,2026-01-14,2026-01-13,34,33,1
PO000821,S037,P0289,W03,2025-11-06,2025-11-21,2025-11-20,10,9,0
PO000822,S026,P0034,W07,2025-02-06,2025-03-03,2025-03-02,38,34,3
PO000823,S003,P0334,W08,2025-04-27,2025-06-03,2025-06-03,142,129,8
PO000824,S009,P0036,W08,2025-09-15,2025-10-07,2025-10-06,125,122,2
PO000825,S010,P0203,W05,2026-03-25,2026-04-28,2026-05-07,54,50,4
PO000826,S007,P0098,W05,2025-02-21,2025-03-26,2025-03-24,25,22,2
PO000827,S039,P0056,W06,2026-02-20,2026-03-13,2026-03-11,141,127,9
PO000828,S012,P0081,W03,2026-01-18,2026-02-13,2026-02-12,37,36,1
PO000829,S005,P0299,W04,2025-03-18,2025-04-07,2025-04-06,88,82,3
PO000830,S029,P0279,W06,2025-09-15,2025-09-29,2025-09-27,55,53,0
PO000831,S038,P0074,W07,2026-05-04,2026-06-02,2026-06-01,56,51,4
PO000832,S024,P0366,W07,2025-08-13,2025-09-15,2025-09-13,53,48,4
PO000833,S030,P0214,W04,2026-03-16,2026-03-19,2026-03-18,33,30,2
PO000834,S021,P0005,W03,2025-08-09,2025-08-12,2025-08-12,136,118,12
PO000835,S026,P0351,W14,2025-06-07,2025-06-25,2025-06-24,23,20,2
PO000836,S038,P0073,W08,2026-05-03,2026-05-25,2026-05-30,42,38,4
PO000837,S030,P0381,W15,2026-05-04,2026-05-22,2026-05-22,30,28,2
PO000838,S021,P0025,W04,2025-01-11,2025-01-26,2025-01-26,66,56,7
PO000839,S036,P0374,W09,2025-12-23,2026-01-17,2026-01-15,28,27,1
PO000840,S018,P0313,W13,2025-05-23,2025-06-12,2025-06-11,62,55,6
PO000841,S010,P0293,W05,2025-11-19,2025-12-17,2025-12-24,43,38,4
PO000842,S003,P0039,W07,2025-05-15,2025-06-03,2025-06-07,63,62,1
PO000843,S002,P0130,W04,2025-08-22,2025-09-27,2025-09-27,31,29,2
PO000844,S022,P0128,W08,2025-04-19,2025-05-10,2025-05-08,91,87,4
PO000845,S015,P0320,W06,2026-05-14,2026-06-03,2026-06-02,63,53,7
PO000846,S003,P0150,W14,2025-03-16,2025-04-16,2025-04-15,38,36,1
PO000847,S036,P0031,W10,2026-02-11,2026-03-21,2026-03-22,105,101,4
PO000848,S037,P0317,W05,2026-06-17,2026-06-20,2026-06-19,71,70,1
PO000849,S006,P0012,W12,2026-03-27,2026-04-04,2026-04-04,39,39,0
PO000850,S004,P0046,W13,2026-03-28,2026-04-11,2026-04-09,26,25,1
PO000851,S038,P0264,W11,2025-06-02,2025-06-23,2025-07-01,61,56,5
PO000852,S023,P0361,W02,2025-09-29,2025-10-12,2025-10-12,178,155,17
PO000853,S018,P0315,W05,2025-02-08,2025-02-24,2025-03-02,18,17,1
PO000854,S039,P0004,W08,2025-07-11,2025-07-31,2025-08-09,85,76,5
PO000855,S002,P0125,W11,2025-11-08,2025-12-17,2025-12-16,93,82,7
PO000856,S036,P0254,W05,2025-05-24,2025-06-29,2025-06-28,141,132,9
PO000857,S016,P0295,W06,2025-01-30,2025-02-15,2025-02-14,206,182,14
PO000858,S006,P0041,W05,2025-09-17,2025-09-22,2025-09-20,155,142,8
PO000859,S039,P0199,W10,2026-02-06,2026-02-26,2026-02-25,47,43,2
PO000860,S014,P0180,W09,2025-08-16,2025-08-19,2025-08-18,33,32,1
PO000861,S034,P0036,W03,2026-04-29,2026-05-06,2026-05-09,27,25,2
PO000862,S006,P0370,W12,2025-11-07,2025-11-10,2025-11-08,154,144,7
PO000863,S004,P0387,W08,2025-11-02,2025-11-26,2025-11-26,27,25,2
PO000864,S035,P0107,W09,2025-11-14,2025-11-29,2025-11-27,19,17,2
PO000865,S038,P0281,W01,2025-04-03,2025-04-17,2025-04-15,89,83,5
PO000866,S035,P0160,W08,2025-12-02,2025-12-15,2025-12-13,189,159,21
PO000867,S022,P0074,W15,2025-05-01,2025-05-16,2025-05-15,116,110,2
PO000868,S025,P0062,W12,2025-02-23,2025-03-17,2025-03-15,144,132,5
PO000869,S017,P0172,W13,2025-05-10,2025-06-06,2025-06-06,68,63,4
PO000870,S035,P0099,W14,2025-08-08,2025-08-23,2025-08-21,40,34,4
PO000871,S015,P0225,W01,2026-05-06,2026-05-22,2026-05-22,100,89,11
PO000872,S032,P0221,W14,2025-09-09,2025-10-01,2025-10-01,234,227,0
PO000873,S003,P0378,W02,2025-04-30,2025-05-15,2025-05-24,64,60,2
PO000874,S003,P0355,W07,2025-03-21,2025-04-12,2025-04-10,93,87,3
PO000875,S036,P0168,W02,2025-05-12,2025-06-16,2025-06-15,24,23,1
PO000876,S007,P0038,W14,2026-06-23,2026-07-26,2026-07-27,106,92,11
PO000877,S005,P0241,W08,2025-10-30,2025-11-18,2025-11-26,155,146,3
PO000878,S003,P0118,W07,2025-11-25,2025-12-26,2025-12-24,30,30,0
PO000879,S008,P0084,W09,2026-06-26,2026-07-16,2026-07-14,42,41,1
PO000880,S023,P0127,W01,2025-09-04,2025-09-13,2025-09-11,106,95,8
PO000881,S017,P0151,W01,2025-11-26,2025-12-15,2025-12-14,82,75,5
PO000882,S024,P0225,W07,2026-03-20,2026-05-03,2026-05-03,43,40,3
PO000883,S001,P0140,W14,2025-08-13,2025-08-27,2025-08-27,40,38,0
PO000884,S018,P0042,W12,2025-06-02,2025-07-01,2025-07-09,152,130,19
PO000885,S011,P0263,W05,2025-09-12,2025-09-26,2025-09-24,63,62,1
PO000886,S011,P0215,W06,2025-03-09,2025-03-23,2025-03-27,62,57,2
PO000887,S017,P0358,W12,2025-04-03,2025-05-02,2025-05-14,24,22,1
PO000888,S005,P0284,W06,2025-09-12,2025-10-01,2025-09-30,123,118,4
PO000889,S024,P0245,W11,2026-04-19,2026-05-27,2026-05-29,57,51,4
PO000890,S025,P0239,W13,2025-10-02,2025-11-07,2025-11-05,216,199,13
PO000891,S028,P0201,W03,2025-03-21,2025-04-12,2025-04-11,120,107,10
PO000892,S038,P0258,W08,2025-07-17,2025-08-11,2025-08-23,133,117,12
PO000893,S001,P0181,W01,2026-04-18,2026-05-02,2026-04-30,65,63,2
PO000894,S032,P0256,W11,2025-05-09,2025-05-25,2025-05-24,16,16,0
PO000895,S034,P0213,W11,2025-02-15,2025-02-18,2025-02-18,70,66,2
PO000896,S032,P0053,W11,2025-08-09,2025-08-24,2025-08-24,62,58,1
PO000897,S032,P0125,W09,2026-02-17,2026-03-01,2026-03-07,64,61,3
PO000898,S019,P0300,W01,2025-08-25,2025-09-02,2025-09-01,76,73,3
PO000899,S022,P0303,W01,2025-11-25,2025-12-12,2025-12-10,117,108,8
PO000900,S018,P0148,W10,2025-04-13,2025-05-05,2025-05-09,38,34,4
PO000901,S001,P0362,W12,2025-07-07,2025-07-11,2025-07-09,49,47,0
PO000902,S022,P0199,W13,2025-04-14,2025-05-03,2025-05-02,118,110,6
PO000903,S008,P0235,W05,2025-07-30,2025-08-04,2025-08-02,148,140,8
PO000904,S010,P0126,W09,2026-04-02,2026-04-24,2026-04-22,17,16,1
PO000905,S027,P0215,W12,2025-12-24,2026-01-23,2026-01-22,25,23,2
PO000906,S032,P0382,W09,2025-07-28,2025-08-19,2025-08-19,37,37,0
PO000907,S027,P0238,W09,2026-04-03,2026-04-24,2026-04-24,56,52,4
PO000908,S025,P0268,W05,2025-09-02,2025-10-01,2025-10-01,57,56,1
PO000909,S023,P0011,W08,2025-08-16,2025-08-27,2025-08-27,101,92,7
PO000910,S017,P0099,W06,2025-10-20,2025-11-04,2025-11-04,31,29,1
PO000911,S028,P0307,W05,2025-05-16,2025-06-13,2025-06-11,83,78,4
PO000912,S019,P0122,W08,2026-02-10,2026-03-03,2026-03-03,60,55,2
PO000913,S022,P0305,W03,2025-07-23,2025-08-07,2025-08-06,31,30,1
PO000914,S027,P0198,W05,2025-12-18,2026-01-15,2026-01-15,88,76,9
PO000915,S018,P0147,W04,2026-05-29,2026-06-21,2026-06-21,46,41,5
PO000916,S001,P0004,W09,2026-03-29,2026-04-01,2026-03-31,97,94,0
PO000917,S040,P0014,W07,2025-12-21,2026-01-02,2026-01-01,16,15,0
PO000918,S008,P0368,W08,2026-03-24,2026-04-08,2026-04-08,60,57,1
PO000919,S001,P0075,W11,2026-05-31,2026-06-04,2026-06-02,40,40,0
PO000920,S026,P0334,W13,2026-03-14,2026-04-01,2026-04-03,10,8,1
PO000921,S003,P0108,W13,2026-06-11,2026-07-01,2026-06-29,39,38,0
PO000922,S009,P0214,W06,2025-04-22,2025-05-05,2025-05-03,107,97,6
PO000923,S012,P0323,W04,2025-11-02,2025-12-01,2025-11-30,57,53,3
PO000924,S012,P0355,W12,2025-07-09,2025-07-31,2025-08-01,64,60,4
PO000925,S019,P0120,W14,2025-05-09,2025-05-30,2025-06-08,28,27,1
PO000926,S037,P0187,W07,2026-01-26,2026-02-03,2026-02-01,138,129,5
PO000927,S016,P0128,W01,2026-02-27,2026-03-13,2026-03-20,117,110,5
PO000928,S012,P0061,W14,2025-08-24,2025-10-04,2025-10-03,55,52,1
PO000929,S038,P0187,W11,2025-11-12,2025-12-01,2025-12-01,131,121,9
PO000930,S010,P0376,W01,2025-09-18,2025-10-14,2025-10-23,62,54,5
PO000931,S001,P0398,W08,2026-02-10,2026-02-16,2026-02-16,169,163,1
PO000932,S037,P0323,W04,2026-03-02,2026-03-10,2026-03-10,67,63,1
PO000933,S004,P0045,W07,2025-02-24,2025-03-04,2025-03-04,28,25,3
PO000934,S013,P0229,W15,2025-06-05,2025-07-11,2025-07-11,49,47,0
PO000935,S033,P0357,W08,2025-02-23,2025-03-18,2025-03-18,61,52,6
PO000936,S004,P0354,W10,2025-07-26,2025-08-14,2025-08-23,44,40,3
PO000937,S026,P0007,W01,2025-04-12,2025-04-26,2025-05-01,65,56,7
PO000938,S022,P0178,W08,2025-08-30,2025-09-15,2025-09-15,41,40,1
PO000939,S030,P0011,W09,2025-02-22,2025-03-12,2025-03-10,175,157,17
PO000940,S008,P0019,W14,2025-02-26,2025-03-13,2025-03-11,123,117,4
PO000941,S025,P0259,W01,2025-06-04,2025-07-05,2025-07-04,41,38,3
PO000942,S006,P0261,W02,2025-02-01,2025-02-09,2025-02-07,46,42,2
PO000943,S026,P0022,W08,2025-01-05,2025-01-23,2025-01-26,35,32,3
PO000944,S018,P0274,W06,2025-09-01,2025-09-21,2025-09-20,194,166,20
PO000945,S027,P0310,W13,2025-03-17,2025-04-16,2025-04-15,167,151,13
PO000946,S026,P0398,W15,2025-07-09,2025-07-21,2025-07-20,71,61,7
PO000947,S025,P0306,W14,2026-02-20,2026-03-14,2026-03-12,174,163,8
PO000948,S019,P0036,W03,2025-11-16,2025-12-01,2025-12-04,28,26,1
PO000949,S006,P0391,W12,2025-05-22,2025-06-03,2025-06-01,19,19,0
PO000950,S002,P0187,W02,2025-02-25,2025-03-24,2025-03-23,51,46,3
PO000951,S029,P0279,W14,2025-10-05,2025-10-08,2025-10-08,63,58,2
PO000952,S016,P0011,W15,2026-05-21,2026-06-07,2026-06-07,284,258,20
PO000953,S006,P0044,W03,2026-03-08,2026-03-23,2026-03-21,185,173,3
PO000954,S039,P0165,W09,2026-05-16,2026-05-29,2026-05-28,93,85,4
PO000955,S020,P0279,W10,2025-06-15,2025-07-08,2025-07-07,117,101,11
PO000956,S020,P0182,W13,2025-01-26,2025-02-11,2025-02-09,118,103,12
PO000957,S024,P0349,W06,2025-08-01,2025-08-28,2025-08-28,82,76,4
PO000958,S039,P0286,W04,2025-08-21,2025-09-06,2025-09-05,58,54,3
PO000959,S017,P0121,W03,2025-04-02,2025-04-26,2025-05-01,37,35,2
PO000960,S010,P0359,W01,2026-02-17,2026-03-08,2026-03-08,123,106,11
PO000961,S020,P0264,W11,2026-04-02,2026-04-16,2026-04-14,83,71,8
PO000962,S031,P0039,W05,2025-05-16,2025-05-21,2025-05-19,70,63,4
PO000963,S039,P0294,W09,2026-04-11,2026-05-05,2026-05-05,80,72,4
PO000964,S015,P0098,W08,2026-01-10,2026-01-27,2026-01-25,94,81,11
PO000965,S029,P0003,W10,2025-09-25,2025-10-05,2025-10-04,53,52,1
PO000966,S040,P0202,W13,2025-11-29,2025-12-07,2025-12-06,223,215,6
PO000967,S013,P0343,W01,2026-05-15,2026-06-09,2026-06-08,38,37,1
PO000968,S040,P0013,W09,2026-04-29,2026-05-12,2026-05-11,109,105,2
PO000969,S020,P0303,W01,2025-10-21,2025-10-29,2025-10-27,30,27,2
PO000970,S004,P0241,W14,2026-01-03,2026-01-20,2026-01-20,75,66,7
PO000971,S034,P0280,W09,2025-12-31,2026-01-11,2026-01-11,123,111,7
PO000972,S008,P0071,W03,2025-12-27,2026-01-15,2026-01-13,45,42,3
PO000973,S009,P0092,W14,2026-05-29,2026-06-18,2026-06-16,107,103,3
PO000974,S023,P0123,W11,2025-04-11,2025-04-20,2025-04-20,40,36,3
PO000975,S023,P0221,W09,2025-01-21,2025-01-24,2025-01-23,39,35,3
PO000976,S010,P0072,W12,2025-04-26,2025-05-25,2025-05-31,42,38,4
PO000977,S015,P0325,W07,2025-12-03,2025-12-25,2026-01-04,23,19,3
PO000978,S030,P0233,W05,2025-04-15,2025-04-28,2025-04-27,80,71,5
PO000979,S040,P0331,W08,2025-04-26,2025-04-29,2025-04-29,53,52,1
PO000980,S018,P0075,W13,2025-04-19,2025-05-15,2025-05-15,57,50,7
PO000981,S007,P0128,W04,2025-03-07,2025-03-28,2025-03-27,133,112,15
PO000982,S032,P0085,W01,2025-07-30,2025-08-15,2025-08-13,23,23,0
PO000983,S001,P0306,W15,2025-04-23,2025-04-26,2025-04-26,86,83,1
PO000984,S039,P0274,W05,2026-02-08,2026-03-03,2026-03-03,49,47,2
PO000985,S020,P0001,W03,2025-04-23,2025-04-28,2025-05-01,73,66,6
PO000986,S024,P0392,W13,2026-04-21,2026-05-25,2026-05-24,82,74,6
PO000987,S020,P0189,W13,2026-03-27,2026-04-09,2026-04-07,48,43,5
PO000988,S021,P0106,W07,2025-11-11,2025-11-18,2025-11-18,53,46,5
PO000989,S031,P0259,W07,2025-01-10,2025-01-27,2025-01-26,26,23,2
PO000990,S034,P0262,W09,2025-07-11,2025-07-28,2025-07-28,51,47,3
PO000991,S018,P0324,W15,2026-06-21,2026-07-11,2026-07-09,80,68,8
PO000992,S040,P0218,W01,2025-01-07,2025-01-10,2025-01-08,27,26,0
PO000993,S006,P0064,W01,2025-11-20,2025-11-23,2025-11-23,114,103,6
PO000994,S034,P0072,W08,2025-07-18,2025-07-21,2025-07-19,106,95,9
PO000995,S016,P0400,W05,2025-02-01,2025-02-22,2025-02-22,105,98,7
PO000996,S023,P0107,W06,2025-09-14,2025-09-26,2025-10-08,75,67,5
PO000997,S032,P0136,W13,2025-01-12,2025-01-31,2025-01-29,48,46,2
PO000998,S017,P0282,W04,2025-02-22,2025-03-19,2025-03-17,144,136,7
PO000999,S020,P0106,W09,2025-09-11,2025-10-01,2025-09-29,612,528,54
PO001000,S031,P0161,W09,2026-03-15,2026-04-08,2026-04-06,73,69,4
PO001001,S018,P0207,W04,2025-01-21,2025-02-22,2025-02-20,135,122,12
PO001002,S032,P0332,W06,2025-07-29,2025-08-18,2025-08-24,56,53,1
PO001003,S009,P0269,W08,2025-10-27,2025-11-08,2025-11-08,108,102,5
PO001004,S015,P0038,W15,2026-01-29,2026-02-18,2026-02-17,83,71,10
PO001005,S015,P0009,W13,2026-05-27,2026-06-06,2026-06-05,39,34,4
PO001006,S034,P0261,W07,2025-08-06,2025-08-14,2025-08-14,56,51,3
PO001007,S013,P0182,W03,2025-03-08,2025-04-09,2025-04-08,93,89,3
PO001008,S018,P0240,W09,2025-10-10,2025-10-25,2025-10-25,83,71,10
PO001009,S029,P0098,W02,2025-10-30,2025-11-06,2025-11-05,63,59,1
PO001010,S038,P0345,W01,2025-01-16,2025-02-01,2025-02-02,33,30,2
PO001011,S028,P0116,W01,2025-11-13,2025-12-06,2025-12-07,110,98,7
PO001012,S019,P0154,W03,2025-05-26,2025-06-01,2025-05-30,98,91,6
PO001013,S030,P0052,W15,2025-05-29,2025-06-19,2025-06-17,55,50,4
PO001014,S023,P0023,W05,2026-02-24,2026-03-22,2026-03-21,89,78,8
PO001015,S011,P0030,W03,2025-02-16,2025-03-04,,37,37,0
PO001016,S022,P0308,W13,2026-06-22,2026-07-06,2026-07-06,112,106,5
PO001017,S014,P0338,W05,2025-04-17,2025-04-30,2025-04-28,38,35,2
PO001018,S002,P0356,W15,2025-10-03,2025-10-31,2025-10-29,126,116,8
PO001019,S039,P0229,W10,2026-04-09,2026-04-26,2026-04-25,25,23,1
PO001020,S027,P0124,W09,2025-04-22,2025-05-23,2025-05-21,88,78,6
PO001021,S002,P0010,W10,2025-05-21,2025-06-17,2025-06-25,43,39,3
PO001022,S002,P0348,W05,2025-10-24,2025-11-17,2025-11-17,76,72,4
PO001023,S014,P0320,W11,2025-05-08,2025-05-14,2025-05-14,56,52,3
PO001024,S031,P0208,W07,2026-01-26,2026-02-05,2026-02-03,50,46,4
PO001025,S034,P0286,W02,2026-04-18,2026-05-01,2026-05-01,19,17,1
PO001026,S033,P0144,W01,2025-07-20,2025-08-14,2025-08-12,91,87,4
PO001027,S015,P0333,W01,2026-01-27,2026-02-06,2026-02-04,108,91,12
PO001028,S018,P0095,W10,2026-06-17,2026-07-10,2026-07-09,80,71,7
PO001029,S014,P0090,W08,2026-04-03,2026-04-14,2026-04-12,58,52,4
PO001030,S030,P0146,W11,2026-02-28,2026-03-19,2026-03-18,39,36,3
PO001031,S002,P0234,W04,2025-10-18,2025-11-14,2025-11-12,81,74,5
PO001032,S011,P0380,W03,2025-02-23,2025-03-09,2025-03-07,30,29,1
PO001033,S013,P0122,W13,2026-04-02,2026-05-06,2026-05-05,39,39,0
PO001034,S022,P0136,W04,2025-07-29,2025-08-14,2025-08-14,94,89,3
PO001035,S033,P0360,W10,2025-04-15,2025-05-13,2025-05-13,27,24,2
PO001036,S040,P0077,W07,2025-12-31,2026-01-13,2026-01-12,34,33,0
PO001037,S008,P0287,W07,2025-06-02,2025-06-20,2025-06-22,65,59,3
PO001038,S011,P0099,W08,2025-02-27,2025-03-14,2025-03-13,52,50,1
PO001039,S006,P0397,W06,2026-03-20,2026-03-30,2026-03-28,41,39,1
PO001040,S016,P0007,W07,2026-06-04,2026-06-27,2026-06-26,92,85,7
PO001041,S006,P0057,W11,2025-08-15,2025-08-28,2025-08-27,109,98,6
PO001042,S016,P0057,W11,2025-03-09,2025-03-28,2025-03-28,35,32,3
PO001043,S018,P0077,W03,2025-03-29,2025-04-16,2025-04-15,140,125,14
PO001044,S016,P0164,W09,2025-04-18,2025-04-30,2025-04-29,56,50,5
PO001045,S011,P0392,W05,2025-12-02,2025-12-07,2025-12-07,85,81,0
PO001046,S005,P0324,W06,2026-03-13,2026-04-03,2026-04-03,61,57,1
PO001047,S023,P0385,W09,2025-07-09,2025-07-22,2025-07-31,179,159,14
PO001048,S021,P0273,W07,2025-02-01,2025-02-07,2025-02-07,18,16,2
PO001049,S003,P0300,W11,2025-01-26,2025-02-18,2025-02-17,29,28,1
PO001050,S027,P0120,W08,2025-11-21,2025-12-12,2025-12-11,203,179,18
PO001051,S006,P0219,W03,2025-11-04,2025-11-07,2025-11-05,96,87,7
PO001052,S007,P0121,W03,2025-10-05,2025-11-01,2025-10-31,153,133,15
PO001053,S019,P0309,W07,2025-06-05,2025-06-25,2025-06-24,271,255,14
PO001054,S035,P0171,W01,2025-01-11,2025-01-16,2025-01-15,44,40,4
PO001055,S011,P0214,W13,2026-06-14,2026-06-20,2026-06-28,128,126,2
PO001056,S008,P0238,W01,2026-01-06,2026-01-20,2026-01-18,111,104,7
PO001057,S013,P0239,W10,2025-11-01,2025-12-09,2025-12-09,62,59,3
PO001058,S010,P0236,W10,2025-12-15,2026-01-12,2026-01-10,131,116,10
PO001059,S013,P0276,W06,2026-05-13,2026-06-05,2026-06-05,39,38,0
PO001060,S021,P0396,W10,2026-01-23,2026-01-28,2026-01-29,47,41,4
PO001061,S009,P0189,W14,2025-01-01,2025-01-11,2025-01-11,42,41,1
PO001062,S019,P0239,W10,2025-04-22,2025-05-13,2025-05-13,63,58,4
PO001063,S024,P0249,W06,2025-08-08,2025-09-09,2025-09-07,40,36,3
PO001064,S008,P0075,W10,2025-12-25,2026-01-07,2026-01-07,59,55,2
PO001065,S033,P0288,W01,2025-05-07,2025-06-18,2025-06-17,156,138,16
PO001066,S016,P0032,W13,2026-04-28,2026-05-11,2026-05-11,34,31,2
PO001067,S034,P0082,W09,2025-06-01,2025-06-16,2025-06-16,45,40,3
PO001068,S008,P0099,W05,2025-09-13,2025-10-02,2025-10-02,25,23,1
PO001069,S024,P0324,W02,2025-04-02,2025-05-04,2025-05-04,55,50,4
PO001070,S038,P0019,W07,2025-04-23,2025-05-20,2025-05-18,165,147,10
PO001071,S019,P0223,W06,2025-09-02,2025-09-10,2025-09-08,122,116,6
PO001072,S010,P0174,W13,2025-04-29,2025-05-28,2025-05-26,47,43,2
PO001073,S002,P0001,W02,2026-01-04,2026-02-03,2026-02-03,99,89,6
PO001074,S038,P0278,W01,2026-04-04,2026-04-28,2026-04-26,55,48,5
PO001075,S003,P0062,W01,2025-09-20,2025-10-15,2025-10-14,59,54,3
PO001076,S008,P0155,W09,2025-02-23,2025-03-04,2025-03-09,20,18,1
PO001077,S011,P0102,W12,2025-02-06,2025-02-23,2025-02-22,30,30,0
PO001078,S014,P0226,W02,2026-04-19,2026-05-01,2026-04-29,38,35,3
PO001079,S030,P0374,W07,2025-06-01,2025-06-21,2025-06-19,90,81,8
PO001080,S033,P0283,W07,2026-05-04,2026-05-31,2026-05-31,137,124,12
PO001081,S010,P0346,W03,2025-12-22,2026-01-18,2026-01-18,114,103,7
PO001082,S034,P0242,W11,2025-05-31,2025-06-08,2025-06-08,33,31,1
PO001083,S026,P0061,W12,2025-01-29,2025-02-11,2025-02-16,80,69,9
PO001084,S035,P0397,W09,2026-06-19,2026-07-02,2026-07-09,45,39,4
PO001085,S039,P0237,W06,2025-09-10,2025-10-04,2025-10-12,36,33,2
PO001086,S003,P0335,W10,2025-10-18,2025-11-06,2025-11-04,102,92,5
PO001087,S003,P0126,W05,2025-11-19,2025-12-07,2025-12-06,146,137,2
PO001088,S001,P0225,W07,2026-06-09,2026-06-16,2026-06-14,261,255,5
PO001089,S007,P0059,W03,2026-03-25,2026-04-19,2026-04-17,31,28,3
PO001090,S040,P0283,W05,2026-03-04,2026-03-12,2026-03-11,40,38,0
PO001091,S001,P0007,W08,2026-03-09,2026-03-12,2026-03-22,46,44,1
PO001092,S009,P0157,W09,2025-01-10,2025-02-01,2025-01-30,201,182,11
PO001093,S026,P0234,W11,2025-12-27,2026-01-06,2026-01-06,94,85,9
PO001094,S018,P0273,W05,2026-03-31,2026-04-26,2026-04-27,57,50,6
PO001095,S036,P0155,W02,2026-03-03,2026-03-31,2026-03-30,34,32,2
PO001096,S017,P0057,W11,2026-04-23,2026-05-16,2026-05-15,91,86,5
PO001097,S036,P0137,W09,2025-10-13,2025-11-16,2025-11-14,31,29,1
PO001098,S012,P0249,W15,2026-05-19,2026-06-29,2026-06-29,81,73,4
PO001099,S038,P0037,W10,2025-10-06,2025-10-30,2025-10-29,36,33,3
PO001100,S005,P0091,W13,2025-04-11,2025-05-07,2025-05-06,27,27,0
PO001101,S023,P0197,W11,2026-06-11,2026-06-24,2026-06-23,148,130,13
PO001102,S012,P0244,W01,2025-02-04,2025-03-10,2025-03-08,24,22,1
PO001103,S013,P0268,W12,2025-02-06,2025-03-17,2025-03-23,208,201,5
PO001104,S027,P0274,W12,2025-10-18,2025-11-18,2025-11-23,31,28,2
PO001105,S032,P0122,W10,2026-01-04,2026-01-24,2026-01-23,66,65,1
PO001106,S040,P0208,W04,2025-12-02,2025-12-17,2025-12-16,68,67,0
PO001107,S032,P0278,W10,2026-03-02,2026-03-22,2026-03-21,73,70,2
PO001108,S019,P0318,W03,2025-09-28,2025-10-13,2025-10-12,27,25,1
PO001109,S024,P0365,W07,2026-01-25,2026-02-25,2026-02-28,177,158,13
PO001110,S013,P0363,W03,2025-01-10,2025-02-07,2025-02-05,69,69,0
PO001111,S016,P0180,W07,2025-10-04,2025-10-23,2025-10-21,26,24,2
PO001112,S012,P0287,W01,2026-06-23,2026-07-30,2026-07-30,55,51,2
PO001113,S040,P0316,W08,2025-01-03,2025-01-15,2025-01-14,60,60,0
PO001114,S018,P0366,W06,2026-02-17,2026-03-09,2026-03-16,65,55,7
PO001115,S006,P0147,W12,2026-02-01,2026-02-07,2026-02-05,109,108,1
PO001116,S018,P0069,W08,2026-04-25,2026-05-18,2026-05-18,10,10,0
PO001117,S008,P0138,W06,2025-10-17,2025-10-28,2025-10-26,98,92,6
PO001118,S004,P0210,W04,2026-04-12,2026-05-01,2026-05-01,59,52,7
PO001119,S013,P0015,W13,2025-01-07,2025-02-10,2025-02-10,91,84,4
PO001120,S013,P0161,W08,2025-12-19,2026-01-23,2026-01-21,64,63,0
PO001121,S027,P0109,W01,2025-04-18,2025-05-23,2025-05-25,107,96,10
PO001122,S027,P0034,W07,2025-07-25,2025-08-23,2025-08-22,221,199,14
PO001123,S012,P0024,W15,2025-12-14,2026-01-19,2026-01-19,44,40,3
PO001124,S020,P0045,W08,2026-04-15,2026-04-29,2026-04-28,35,31,4
PO001125,S018,P0013,W10,2026-04-12,2026-05-10,2026-05-09,86,76,9
PO001126,S012,P0199,W02,2025-11-25,2025-12-24,2025-12-22,56,53,3
PO001127,S031,P0255,W07,2025-12-25,2026-01-03,2026-01-03,157,140,12
PO001128,S016,P0067,W10,2025-04-09,2025-04-16,2025-04-14,31,28,3
PO001129,S028,P0230,W10,2025-11-25,2025-12-19,2025-12-19,26,24,2
PO001130,S022,P0322,W15,2026-06-13,2026-07-03,2026-07-01,111,106,4
PO001131,S010,P0132,W14,2026-05-04,2026-06-02,2026-06-02,148,131,16
PO001132,S003,P0053,W02,2026-05-12,2026-06-02,2026-06-01,49,46,1
PO001133,S032,P0144,W09,2025-09-29,2025-10-16,2025-10-16,131,119,6
PO001134,S020,P0232,W06,2025-10-05,2025-10-19,2025-10-19,60,52,5
PO001135,S017,P0293,W05,2026-05-06,2026-06-01,2026-06-01,84,76,5
PO001136,S009,P0277,W09,2025-03-18,2025-03-27,2025-03-26,66,61,3
PO001137,S007,P0196,W15,2025-03-27,2025-04-29,2025-05-04,26,24,2
PO001138,S030,P0246,W15,2025-01-29,2025-02-15,2025-02-14,389,347,26
PO001139,S035,P0365,W08,2025-04-02,2025-04-16,2025-04-20,28,25,3
PO001140,S010,P0335,W14,2026-03-16,2026-04-09,2026-04-09,59,54,5
PO001141,S012,P0017,W11,2025-02-21,2025-04-04,2025-04-03,136,125,5
PO001142,S018,P0036,W15,2026-02-06,2026-02-23,2026-02-21,30,27,3
PO001143,S017,P0353,W04,2025-05-30,2025-06-27,2025-06-26,30,28,1
PO001144,S005,P0222,W01,2026-06-06,2026-06-30,2026-06-29,25,25,0
PO001145,S007,P0310,W15,2025-08-29,2025-09-23,2025-09-21,89,78,10
PO001146,S031,P0236,W06,2025-06-15,2025-07-13,2025-07-12,30,28,2
PO001147,S026,P0302,W11,2026-04-02,2026-04-19,2026-04-19,15,14,1
PO001148,S040,P0276,W02,2026-03-17,2026-03-26,2026-03-26,34,33,0
PO001149,S022,P0259,W15,2026-06-03,2026-06-18,2026-06-18,56,52,2
PO001150,S017,P0287,W06,2026-01-02,2026-01-20,2026-01-19,93,88,3
PO001151,S018,P0339,W15,2025-01-08,2025-02-02,2025-02-10,149,133,15
PO001152,S036,P0305,W10,2025-03-18,2025-04-22,2025-04-22,74,68,3
PO001153,S011,P0208,W11,2025-07-23,2025-08-01,2025-07-31,132,129,0
PO001154,S019,P0208,W15,2025-04-02,2025-04-22,2025-04-20,116,106,6
PO001155,S009,P0275,W05,2026-05-28,2026-06-21,2026-06-19,118,112,6
PO001156,S021,P0132,W04,2026-03-19,2026-03-22,2026-03-20,124,111,12
PO001157,S017,P0281,W04,2025-11-17,2025-12-03,2025-12-02,53,48,4
PO001158,S017,P0036,W01,2026-02-05,2026-03-01,2026-03-10,128,120,5
PO001159,S015,P0138,W13,2025-11-22,2025-12-04,2025-12-11,45,40,4
PO001160,S024,P0102,W02,2025-06-28,2025-08-07,2025-08-05,80,70,6
PO001161,S032,P0346,W07,2026-01-24,2026-02-01,2026-02-01,130,122,5
PO001162,S036,P0149,W13,2025-06-29,2025-07-27,2025-07-25,79,75,4
PO001163,S016,P0368,W03,2025-05-07,2025-05-22,2025-05-21,66,58,6
PO001164,S009,P0063,W01,2026-03-16,2026-04-08,2026-04-06,47,44,2
PO001165,S011,P0248,W11,2026-06-06,2026-06-16,2026-06-15,61,60,0
PO001166,S016,P0236,W07,2026-01-25,2026-02-04,2026-02-07,114,103,7
PO001167,S026,P0035,W04,2025-11-25,2025-12-11,2025-12-11,95,84,9
PO001168,S011,P0072,W11,2026-03-05,2026-03-23,2026-03-22,105,99,2
PO001169,S012,P0126,W04,2026-04-12,2026-05-19,2026-05-17,89,85,4
PO001170,S022,P0221,W08,2025-10-15,2025-10-28,2025-10-26,222,205,11
PO001171,S028,P0216,W11,2025-12-30,2026-01-23,2026-01-23,64,57,5
PO001172,S013,P0134,W10,2025-03-14,2025-04-04,2025-04-02,88,86,2
PO001173,S038,P0372,W14,2026-02-12,2026-02-27,2026-02-25,82,73,6
PO001174,S028,P0223,W15,2025-07-20,2025-08-17,2025-08-16,177,158,11
PO001175,S016,P0208,W07,2025-12-29,2026-01-11,2026-01-11,53,47,4
PO001176,S018,P0202,W03,2026-01-01,2026-01-24,2026-02-03,152,133,14
PO001177,S002,P0256,W08,2025-12-01,2026-01-05,2026-01-16,26,23,2
PO001178,S008,P0327,W15,2025-01-25,2025-02-09,2025-02-09,56,54,1
PO001179,S016,P0017,W06,2026-04-14,2026-05-07,2026-05-07,24,22,2
PO001180,S008,P0120,W14,2025-01-23,2025-02-02,2025-02-13,53,48,3
PO001181,S011,P0211,W07,2026-02-09,2026-02-23,2026-02-21,94,89,1
PO001182,S012,P0145,W11,2025-05-02,2025-06-12,2025-06-11,68,65,3
PO001183,S007,P0001,W13,2026-03-16,2026-04-20,2026-04-19,67,61,6
PO001184,S016,P0270,W05,2026-06-14,2026-06-28,2026-06-26,27,25,2
PO001185,S019,P0202,W07,2025-11-22,2025-12-10,2025-12-10,90,84,4
PO001186,S026,P0400,W03,2025-08-15,2025-08-28,2025-08-27,63,53,7
PO001187,S018,P0320,W02,2025-09-22,2025-10-22,2025-10-21,30,27,3
PO001188,S035,P0236,W12,2026-04-08,2026-04-14,2026-04-13,37,32,4
PO001189,S029,P0250,W03,2025-10-12,2025-10-18,2025-10-16,66,61,2
PO001190,S013,P0113,W02,2025-08-18,2025-09-21,2025-09-20,168,165,3
PO001191,S034,P0011,W08,2025-07-28,2025-08-08,2025-08-08,195,179,10
PO001192,S013,P0038,W09,2026-05-24,2026-06-19,2026-06-18,41,40,1
PO001193,S003,P0364,W10,2026-04-10,2026-05-07,2026-05-07,81,79,1
PO001194,S025,P0181,W09,2025-12-10,2026-01-04,2026-01-13,27,25,1
PO001195,S012,P0049,W06,2026-06-30,2026-07-27,2026-07-27,62,60,2
PO001196,S003,P0018,W14,2025-11-09,2025-11-29,2025-11-29,122,119,2
PO001197,S004,P0159,W14,2026-02-17,2026-03-23,2026-03-21,61,52,6
PO001198,S026,P0394,W15,2025-05-23,2025-06-13,2025-06-12,59,53,5
PO001199,S006,P0356,W02,2025-01-10,2025-01-19,2025-01-20,172,160,7
PO001200,S002,P0179,W05,2025-05-04,2025-05-28,2025-05-26,120,103,11
PO001201,S036,P0303,W10,2026-05-15,2026-06-11,2026-06-13,101,91,6
PO001202,S033,P0103,W01,2025-12-15,2026-01-16,2026-01-14,31,29,2
PO001203,S032,P0214,W05,2026-06-01,2026-06-18,2026-06-16,56,55,0
PO001204,S017,P0212,W10,2025-01-25,2025-02-20,2025-02-20,84,75,5
PO001205,S031,P0067,W08,2025-12-14,2025-12-26,2025-12-24,79,72,4
PO001206,S030,P0107,W14,2026-03-27,2026-04-11,2026-04-11,55,52,3
PO001207,S034,P0195,W11,2026-03-04,2026-03-12,2026-03-19,49,46,3
PO001208,S003,P0071,W07,2026-04-15,2026-05-07,2026-05-05,138,131,4
PO001209,S006,P0205,W10,2025-12-31,2026-01-10,2026-01-08,65,61,3
PO001210,S030,P0228,W09,2025-07-15,2025-07-27,2025-07-26,59,52,5
PO001211,S008,P0141,W09,2025-04-20,2025-05-01,2025-05-04,314,299,14
PO001212,S012,P0307,W01,2025-08-04,2025-08-30,2025-08-28,51,48,2
PO001213,S025,P0160,W12,2025-06-22,2025-07-13,2025-07-12,107,96,6
PO001214,S019,P0367,W15,2026-04-18,2026-05-07,2026-05-07,88,84,1
PO001215,S033,P0104,W03,2025-04-03,2025-05-02,2025-04-30,221,198,19
PO001216,S033,P0144,W01,2025-09-16,2025-10-23,2025-10-22,100,90,7
PO001217,S035,P0384,W04,2025-04-28,2025-05-12,2025-05-12,38,35,3
PO001218,S038,P0137,W08,2026-04-07,2026-04-24,2026-04-24,230,213,16
PO001219,S020,P0253,W02,2025-07-19,2025-07-29,2025-07-27,157,144,12
PO001220,S035,P0295,W01,2025-05-16,2025-05-20,2025-05-18,81,72,9
PO001221,S003,P0081,W05,2026-06-12,2026-07-11,2026-07-10,116,112,2
PO001222,S028,P0365,W01,2026-06-20,2026-07-15,2026-07-15,89,83,6
PO001223,S016,P0255,W04,2025-03-12,2025-03-24,2025-03-22,81,72,6
PO001224,S030,P0005,W13,2025-12-07,2025-12-26,2025-12-24,45,41,3
PO001225,S009,P0103,W10,2025-07-28,2025-08-20,2025-08-20,48,46,2
PO001226,S007,P0238,W13,2025-12-23,2026-01-22,2026-01-20,69,62,7
PO001227,S001,P0157,W14,2025-10-07,2025-10-16,2025-10-14,42,40,0
PO001228,S004,P0122,W12,2026-05-22,2026-05-31,2026-06-07,21,19,1
PO001229,S005,P0196,W05,2025-03-08,2025-03-30,2025-03-29,106,100,2
PO001230,S039,P0284,W02,2026-02-14,2026-03-05,2026-03-03,312,294,15
PO001231,S030,P0163,W09,2025-10-10,2025-10-26,2025-10-24,172,154,10
PO001232,S004,P0206,W15,2025-07-12,2025-08-02,2025-08-01,119,108,10
PO001233,S007,P0073,W14,2026-01-18,2026-02-25,2026-03-01,46,39,6
PO001234,S005,P0015,W06,2026-06-09,2026-06-29,2026-06-27,111,108,2
PO001235,S023,P0042,W15,2025-10-28,2025-11-09,2025-11-09,57,50,5
PO001236,S013,P0084,W13,2025-09-30,2025-11-06,2025-11-05,167,156,8
PO001237,S026,P0193,W01,2026-01-28,2026-02-15,2026-02-14,171,152,17
PO001238,S012,P0113,W03,2026-04-16,2026-05-09,2026-05-13,25,23,1
PO001239,S026,P0091,W09,2026-02-05,2026-02-21,2026-02-19,23,20,2
PO001240,S034,P0150,W10,2026-06-18,2026-06-25,2026-06-27,32,30,2
PO001241,S001,P0079,W11,2025-10-02,2025-10-05,2025-10-05,52,49,2
PO001242,S012,P0238,W03,2026-03-03,2026-04-10,2026-04-16,309,287,20
PO001243,S032,P0383,W03,2025-12-16,2025-12-27,2025-12-27,38,38,0
PO001244,S007,P0376,W13,2025-10-27,2025-12-02,2025-11-30,51,43,6
PO001245,S019,P0011,W09,2025-08-06,2025-08-24,2025-08-25,57,55,2
PO001246,S019,P0326,W11,2025-11-08,2025-11-30,2025-11-29,53,50,2
PO001247,S039,P0126,W13,2026-05-24,2026-06-15,2026-06-14,50,47,3
PO001248,S015,P0071,W15,2026-05-07,2026-05-28,2026-05-28,47,42,5
PO001249,S002,P0186,W05,2025-11-08,2025-12-09,2025-12-08,36,35,1
PO001250,S037,P0061,W14,2025-09-23,2025-10-08,2025-10-08,30,30,0
PO001251,S014,P0345,W12,2025-09-06,2025-09-12,2025-09-11,166,152,11
PO001252,S006,P0044,W11,2025-05-31,2025-06-08,2025-06-20,36,35,0
PO001253,S003,P0176,W07,2025-08-20,2025-09-11,2025-09-09,42,40,0
PO001254,S035,P0177,W15,2026-01-20,2026-02-02,2026-02-13,105,95,10
PO001255,S029,P0106,W09,2026-06-18,2026-06-21,2026-06-20,83,76,4
PO001256,S023,P0338,W10,2026-04-25,2026-05-08,2026-05-08,64,58,3
PO001257,S015,P0021,W15,2025-06-02,2025-06-16,2025-06-14,45,38,5
PO001258,S037,P0305,W11,2025-04-19,2025-04-29,2025-04-29,105,103,2
PO001259,S029,P0391,W08,2025-07-29,2025-08-07,2025-08-06,25,25,0
PO001260,S021,P0192,W13,2025-01-27,2025-01-30,2025-01-30,22,19,3
PO001261,S006,P0316,W04,2026-05-06,2026-05-11,2026-05-11,39,37,1
PO001262,S031,P0349,W10,2025-03-05,2025-03-21,2025-03-21,110,97,8
PO001263,S033,P0053,W10,2026-04-09,2026-05-17,2026-05-15,207,184,18
PO001264,S029,P0174,W05,2025-05-19,2025-05-24,2025-05-24,97,94,3
PO001265,S004,P0160,W04,2025-09-17,2025-10-09,2025-10-16,88,79,6
PO001266,S006,P0114,W04,2025-02-01,2025-02-09,2025-02-08,74,68,3
PO001267,S024,P0086,W14,2025-05-18,2025-06-14,2025-06-13,59,52,7
PO001268,S024,P0141,W10,2026-01-14,2026-02-17,2026-02-15,70,64,6
PO001269,S011,P0209,W04,2025-02-18,2025-02-23,2025-02-21,30,30,0
PO001270,S019,P0087,W09,2025-01-18,2025-02-13,2025-02-12,52,47,3
PO001271,S035,P0299,W13,2025-06-12,2025-06-27,2025-06-27,30,27,3
PO001272,S025,P0312,W09,2025-12-03,2025-12-28,2025-12-28,37,36,1
PO001273,S040,P0185,W05,2025-08-13,2025-08-26,2025-08-24,118,113,1
PO001274,S018,P0392,W11,2025-09-28,2025-10-18,2025-10-19,62,53,6
PO001275,S028,P0346,W13,2025-06-17,2025-07-24,2025-07-26,37,35,2
PO001276,S013,P0146,W10,2026-03-21,2026-05-03,2026-05-01,53,50,1
PO001277,S040,P0355,W15,2025-08-12,2025-08-20,2025-08-20,18,18,0
PO001278,S002,P0182,W02,2025-02-16,2025-03-20,2025-03-18,118,107,6
PO001279,S028,P0253,W12,2025-11-20,2025-12-13,2025-12-12,68,62,5
PO001280,S036,P0240,W15,2025-09-30,2025-11-07,2025-11-07,123,113,4
PO001281,S029,P0191,W09,2025-01-11,2025-01-18,2025-01-17,68,64,2
PO001282,S029,P0302,W05,2026-03-02,2026-03-13,2026-03-11,64,61,1
PO001283,S039,P0321,W12,2025-07-29,2025-08-12,2025-08-10,81,74,4
PO001284,S031,P0015,W14,2025-08-27,2025-09-18,2025-09-16,98,94,3
PO001285,S026,P0253,W05,2026-03-29,2026-04-13,2026-04-11,91,81,10
PO001286,S002,P0288,W15,2026-06-16,2026-07-12,2026-07-12,201,178,14
PO001287,S009,P0133,W06,2026-04-10,2026-04-26,2026-04-25,79,74,4
PO001288,S021,P0283,W12,2025-09-01,2025-09-13,2025-09-11,80,70,9
PO001289,S034,P0063,W04,2025-02-05,2025-02-13,2025-02-11,109,101,8
PO001290,S033,P0231,W14,2025-07-04,2025-07-30,2025-07-29,377,345,27
PO001291,S024,P0137,W05,2025-11-23,2026-01-02,2025-12-31,44,41,3
PO001292,S031,P0184,W09,2026-04-02,2026-04-24,2026-04-24,43,41,2
PO001293,S025,P0293,W14,2025-10-07,2025-10-29,2025-10-28,43,43,0
PO001294,S040,P0288,W05,2025-08-18,2025-08-29,2025-08-29,60,55,2
PO001295,S037,P0373,W11,2025-12-01,2025-12-10,2025-12-08,48,46,2
PO001296,S023,P0106,W14,2025-01-10,2025-01-16,2025-01-16,133,116,12
PO001297,S017,P0313,W14,2026-04-18,2026-05-11,2026-05-11,167,148,11
PO001298,S023,P0217,W07,2026-03-24,2026-04-01,2026-04-01,80,72,7
PO001299,S027,P0060,W15,2026-02-04,2026-03-13,2026-03-11,100,89,9
PO001300,S040,P0367,W10,2025-01-29,2025-02-08,2025-02-06,69,66,1
PO001301,S009,P0150,W01,2026-04-05,2026-04-24,2026-04-22,72,65,5
PO001302,S031,P0342,W13,2025-02-02,2025-02-14,2025-02-16,109,103,5
PO001303,S039,P0364,W03,2025-04-29,2025-05-12,2025-05-12,66,58,5
PO001304,S030,P0245,W11,2026-06-01,2026-06-16,2026-06-15,164,145,16
PO001305,S030,P0118,W11,2025-01-09,2025-01-21,2025-01-21,98,87,10
PO001306,S023,P0006,W14,2025-01-20,2025-02-03,2025-02-02,52,48,4
PO001307,S026,P0153,W09,2026-04-16,2026-04-30,2026-04-30,276,244,28
PO001308,S017,P0145,W10,2025-04-23,2025-05-11,2025-05-09,29,28,0
PO001309,S010,P0175,W06,2025-08-22,2025-09-13,2025-09-12,64,57,7
PO001310,S016,P0002,W08,2025-12-06,2025-12-26,2026-01-03,25,24,1
PO001311,S025,P0110,W09,2025-02-17,2025-03-10,2025-03-09,74,72,2
PO001312,S003,P0336,W13,2025-11-10,2025-11-23,2025-11-22,71,66,2
PO001313,S011,P0036,W02,2025-08-05,2025-08-19,2025-08-19,217,205,5
PO001314,S013,P0131,W05,2026-01-10,2026-02-13,2026-02-12,117,110,4
PO001315,S032,P0331,W09,2026-02-04,2026-02-18,2026-02-17,111,104,3
PO001316,S014,P0384,W08,2025-09-13,2025-09-22,2025-09-20,92,84,4
PO001317,S008,P0223,W04,2025-03-18,2025-03-29,2025-03-27,82,77,4
PO001318,S024,P0070,W14,2026-06-15,2026-07-24,2026-07-23,58,53,4
PO001319,S010,P0096,W11,2025-11-19,2025-12-17,2025-12-15,39,34,4
PO001320,S002,P0051,W09,2025-01-07,2025-02-07,2025-02-06,47,45,2
PO001321,S030,P0054,W11,2025-03-14,2025-04-03,2025-04-02,47,44,3
PO001322,S007,P0244,W08,2025-12-06,2026-01-04,2026-01-04,59,51,7
PO001323,S040,P0242,W08,2026-04-17,2026-04-20,2026-04-18,32,31,0
PO001324,S019,P0391,W05,2025-09-12,2025-10-06,2025-10-06,67,64,2
PO001325,S016,P0277,W12,2026-02-22,2026-03-10,2026-03-10,156,136,14
PO001326,S039,P0027,W13,2025-07-16,2025-08-04,2025-08-03,184,167,12
PO001327,S002,P0352,W07,2026-04-29,2026-05-24,2026-05-25,27,25,1
PO001328,S006,P0378,W15,2025-11-19,2025-11-22,2025-11-22,69,65,2
PO001329,S001,P0265,W10,2026-01-20,2026-01-23,2026-01-23,74,69,2
PO001330,S002,P0322,W14,2025-03-09,2025-04-08,2025-04-08,180,164,16
PO001331,S011,P0097,W07,2025-08-20,2025-09-06,2025-09-04,36,34,1
PO001332,S002,P0076,W01,2025-05-08,2025-05-24,2025-05-31,115,103,8
PO001333,S032,P0290,W11,2025-11-05,2025-11-21,2025-11-19,48,46,2
PO001334,S010,P0379,W07,2025-01-26,2025-02-23,2025-02-23,64,60,3
PO001335,S039,P0012,W12,2025-04-17,2025-05-13,2025-05-21,97,92,4
PO001336,S013,P0390,W04,2026-02-08,2026-03-11,2026-03-09,23,22,0
PO001337,S008,P0022,W08,2026-06-21,2026-06-30,2026-06-28,149,140,6
PO001338,S033,P0371,W10,2026-04-18,2026-05-21,2026-05-19,84,76,5
PO001339,S005,P0372,W13,2026-06-27,2026-07-16,2026-07-27,154,145,3
PO001340,S014,P0382,W13,2025-12-11,2025-12-19,2025-12-27,44,40,2
PO001341,S002,P0349,W07,2025-04-17,2025-05-22,2025-05-22,46,42,2
PO001342,S014,P0366,W01,2026-04-20,2026-04-23,2026-04-23,107,98,7
PO001343,S029,P0360,W05,2025-07-19,2025-07-28,2025-07-28,54,52,2
PO001344,S031,P0357,W10,2026-03-20,2026-04-03,2026-04-03,19,18,1
PO001345,S029,P0112,W08,2026-06-03,2026-06-06,2026-06-05,268,255,2
PO001346,S025,P0118,W15,2025-05-23,2025-06-21,2025-06-20,52,51,1
PO001347,S034,P0371,W15,2026-01-02,2026-01-11,2026-01-11,72,68,4
PO001348,S022,P0286,W13,2025-05-15,2025-06-04,2025-06-15,104,96,3
PO001349,S017,P0170,W02,2025-09-25,2025-10-17,2025-10-16,25,25,0
PO001350,S025,P0112,W10,2026-03-15,2026-03-31,2026-03-29,67,64,3
PO001351,S028,P0251,W10,2025-07-29,2025-08-26,2025-08-27,92,85,6
PO001352,S009,P0080,W06,2026-06-26,2026-07-13,2026-07-11,29,27,1
PO001353,S002,P0200,W03,2025-02-22,2025-03-22,2025-03-21,36,33,2
PO001354,S019,P0383,W04,2025-02-28,2025-03-12,2025-03-11,37,33,3
PO001355,S017,P0159,W12,2026-06-16,2026-07-12,2026-07-12,37,36,0
PO001356,S017,P0021,W15,2025-03-26,2025-04-19,2025-04-18,78,73,5
PO001357,S016,P0026,W11,2026-05-15,2026-06-10,2026-06-08,58,52,5
PO001358,S007,P0318,W12,2025-08-28,2025-10-01,2025-10-01,61,51,7
PO001359,S003,P0148,W11,2025-03-22,2025-04-16,2025-04-14,227,216,7
PO001360,S018,P0143,W06,2025-05-10,2025-06-02,2025-06-01,90,81,9
PO001361,S032,P0279,W11,2025-01-13,2025-02-04,2025-02-02,31,30,1
PO001362,S019,P0186,W09,2025-08-20,2025-09-06,2025-09-16,41,37,2
PO001363,S036,P0202,W01,2026-05-29,2026-07-02,2026-06-30,34,32,1
PO001364,S036,P0282,W03,2025-03-23,2025-05-01,2025-05-12,270,242,17
PO001365,S002,P0155,W10,2026-06-18,2026-07-13,2026-07-12,21,19,1
PO001366,S004,P0016,W08,2026-01-18,2026-02-06,2026-02-06,248,226,19
PO001367,S028,P0172,W05,2025-05-02,2025-05-17,2025-05-17,119,109,9
PO001368,S021,P0172,W11,2025-08-27,2025-09-05,2025-09-05,70,62,5
PO001369,S035,P0149,W03,2026-02-06,2026-02-22,2026-02-21,15,13,1
PO001370,S002,P0227,W01,2026-02-08,2026-03-02,2026-03-02,83,75,4
PO001371,S028,P0346,W12,2025-03-05,2025-03-18,2025-03-18,79,70,7
PO001372,S014,P0372,W09,2026-01-31,2026-02-15,2026-02-15,88,80,7
PO001373,S014,P0389,W10,2025-09-17,2025-10-03,2025-10-03,84,79,4
PO001374,S028,P0118,W09,2025-11-16,2025-12-12,2025-12-12,55,50,4
PO001375,S025,P0314,W01,2025-05-07,2025-06-08,2025-06-06,173,162,5
PO001376,S003,P0295,W04,2025-02-18,2025-03-14,2025-03-12,32,31,1
PO001377,S029,P0224,W13,2025-09-03,2025-09-12,2025-09-10,50,48,0
PO001378,S021,P0363,W11,2025-12-09,2025-12-12,2025-12-11,34,31,2
PO001379,S028,P0283,W11,2025-08-21,2025-09-18,2025-09-16,28,26,1
PO001380,S014,P0376,W01,2026-04-03,2026-04-12,2026-04-12,44,40,2
PO001381,S024,P0285,W05,2025-03-14,2025-04-18,2025-04-29,214,183,24
PO001382,S002,P0263,W07,2025-02-18,2025-03-26,2025-03-26,110,102,5
PO001383,S015,P0218,W09,2025-12-25,2026-01-12,2026-01-12,30,26,3
PO001384,S018,P0108,W01,2025-09-05,2025-10-05,2025-10-05,165,145,17
PO001385,S039,P0183,W05,2025-07-13,2025-07-29,2025-07-27,90,83,4
PO001386,S005,P0305,W09,2026-02-27,2026-03-17,2026-03-19,105,98,2
PO001387,S015,P0297,W13,2025-02-28,2025-03-15,2025-03-15,102,87,10
PO001388,S036,P0132,W06,2025-12-02,2026-01-01,2026-01-01,147,139,5
PO001389,S022,P0038,W08,2025-01-01,2025-01-18,2025-01-16,52,49,2
PO001390,S023,P0366,W07,2025-02-26,2025-03-05,2025-03-04,153,136,13
PO001391,S019,P0174,W03,2025-02-01,2025-02-19,2025-02-18,163,154,9
PO001392,S007,P0118,W03,2025-12-31,2026-01-24,2026-01-23,100,86,11
PO001393,S038,P0330,W05,2025-12-09,2025-12-24,2025-12-27,49,44,3
PO001394,S020,P0008,W03,2025-01-24,2025-02-04,2025-02-04,41,37,3
PO001395,S027,P0271,W09,2026-02-27,2026-04-03,2026-04-01,213,185,23
PO001396,S007,P0088,W13,2025-09-19,2025-10-23,2025-10-21,36,32,3
PO001397,S039,P0368,W01,2025-07-28,2025-08-17,2025-08-15,46,45,1
PO001398,S028,P0324,W13,2025-12-14,2026-01-07,2026-01-07,54,51,3
PO001399,S025,P0217,W14,2026-02-28,2026-04-03,2026-04-01,67,61,4
PO001400,S005,P0176,W07,2026-05-16,2026-06-11,2026-06-15,15,14,0
PO001401,S023,P0116,W13,2025-11-14,2025-11-23,2025-11-21,105,94,8
PO001402,S014,P0272,W08,2026-04-14,2026-04-17,2026-04-15,36,32,3
PO001403,S019,P0141,W09,2025-12-17,2026-01-04,2026-01-04,74,66,5
PO001404,S031,P0351,W12,2026-02-09,2026-03-04,2026-03-02,216,199,16
PO001405,S008,P0108,W04,2025-02-03,2025-02-21,2025-02-21,194,179,12
PO001406,S023,P0354,W15,2025-09-09,2025-09-15,2025-09-14,38,34,3
PO001407,S034,P0256,W06,2025-04-12,2025-04-22,2025-04-29,220,199,10
PO001408,S036,P0214,W10,2025-06-22,2025-07-20,2025-07-19,32,31,1
PO001409,S015,P0242,W08,2026-06-23,2026-07-18,2026-07-16,98,82,12
PO001410,S027,P0227,W02,2025-08-25,2025-09-22,2025-09-22,223,204,17
PO001411,S026,P0032,W06,2026-02-28,2026-03-12,2026-03-11,67,59,6
PO001412,S011,P0014,W01,2025-09-10,2025-09-13,2025-09-19,38,37,0
PO001413,S002,P0107,W10,2025-07-05,2025-08-02,2025-08-08,52,47,3
PO001414,S022,P0016,W15,2025-11-13,2025-11-21,2025-11-20,93,90,3
PO001415,S039,P0177,W01,2025-02-12,2025-03-03,2025-03-03,116,110,3
PO001416,S011,P0243,W10,2025-07-31,2025-08-16,2025-08-14,77,76,1
PO001417,S040,P0185,W12,2025-08-23,2025-09-02,2025-08-31,167,160,3
PO001418,S035,P0044,W14,2026-06-24,2026-07-12,2026-07-12,44,38,4
PO001419,S032,P0319,W10,2026-05-12,2026-06-08,2026-06-15,106,103,3
PO001420,S003,P0047,W03,2026-01-15,2026-02-04,2026-02-03,93,86,4
PO001421,S021,P0018,W06,2025-05-11,2025-05-14,2025-05-14,12,11,1
PO001422,S009,P0103,W06,2025-06-07,2025-06-23,2025-06-29,45,43,2
PO001423,S005,P0014,W05,2026-03-20,2026-04-07,2026-04-07,62,62,0
PO001424,S030,P0120,W13,2025-09-17,2025-10-01,2025-10-01,129,113,11
PO001425,S030,P0237,W13,2026-05-31,2026-06-17,2026-06-17,39,35,3
PO001426,S006,P0296,W01,2025-03-21,2025-04-03,2025-04-01,107,98,5
PO001427,S035,P0019,W09,2025-12-09,2025-12-25,2025-12-28,105,90,11
PO001428,S039,P0069,W06,2026-04-04,2026-04-18,2026-04-16,68,63,2
PO001429,S012,P0363,W09,2025-07-21,2025-08-25,2025-08-25,175,162,9
PO001430,S025,P0081,W15,2025-10-16,2025-11-11,2025-11-10,38,36,2
PO001431,S029,P0015,W11,2026-06-08,2026-06-16,2026-06-16,204,193,5
PO001432,S012,P0175,W06,2025-05-04,2025-05-30,2025-05-30,223,202,16
PO001433,S029,P0208,W01,2025-12-03,2025-12-13,2025-12-11,24,22,1
PO001434,S016,P0038,W09,2025-08-13,2025-09-03,2025-09-01,45,43,2
PO001435,S033,P0280,W09,2025-10-08,2025-11-15,2025-11-13,22,20,1
PO001436,S003,P0122,W08,2025-01-19,2025-02-15,2025-02-16,79,75,1
PO001437,S014,P0377,W06,2026-01-28,2026-02-08,2026-02-07,43,38,3
PO001438,S010,P0271,W13,2025-04-03,2025-04-27,2025-04-26,71,64,6
PO001439,S028,P0376,W10,2025-11-09,2025-11-30,2025-12-01,35,33,1
PO001440,S031,P0051,W12,2026-04-15,2026-05-01,2026-05-01,178,156,14
PO001441,S033,P0297,W08,2026-04-08,2026-05-21,2026-05-21,33,30,2
PO001442,S016,P0195,W11,2025-06-02,2025-06-19,2025-06-19,50,44,4
PO001443,S039,P0242,W14,2025-08-29,2025-09-12,2025-09-11,127,123,4
PO001444,S009,P0231,W14,2025-07-15,2025-08-06,2025-08-04,60,55,3
PO001445,S010,P0295,W08,2026-02-28,2026-03-29,2026-03-27,28,25,2
PO001446,S019,P0181,W01,2025-02-25,2025-03-12,2025-03-10,80,72,4
PO001447,S020,P0282,W07,2025-07-31,2025-08-10,2025-08-09,67,61,5
PO001448,S035,P0128,W02,2026-01-24,2026-02-02,2026-01-31,59,52,7
PO001449,S012,P0218,W06,2026-04-26,2026-06-01,2026-05-30,79,71,6
PO001450,S012,P0381,W12,2025-01-14,2025-02-11,2025-02-11,87,82,4
PO001451,S026,P0302,W12,2025-04-28,2025-05-19,2025-05-26,55,50,5
PO001452,S001,P0006,W12,2025-01-16,2025-01-21,2025-01-21,41,39,0
PO001453,S038,P0119,W01,2025-04-23,2025-05-09,2025-05-08,33,32,1
PO001454,S034,P0183,W10,2025-11-06,2025-11-09,2025-11-08,16,14,1
PO001455,S037,P0308,W01,2025-09-17,2025-09-28,2025-10-09,57,54,1
PO001456,S011,P0007,W09,2026-02-23,2026-03-09,2026-03-08,52,50,0
PO001457,S026,P0153,W09,2025-01-03,2025-01-23,2025-02-03,38,34,3
PO001458,S013,P0382,W15,2025-08-11,2025-09-08,2025-09-08,105,103,2
PO001459,S005,P0129,W02,2025-04-01,2025-04-23,2025-04-22,54,51,2
PO001460,S023,P0172,W12,2025-08-20,2025-09-02,2025-09-07,34,31,2
PO001461,S005,P0286,W03,2025-11-28,2025-12-07,2025-12-18,46,44,0
PO001462,S020,P0156,W12,2025-11-10,2025-11-23,2025-11-30,103,91,10
PO001463,S030,P0221,W07,2025-09-28,2025-10-14,2025-10-14,44,40,4
PO001464,S020,P0295,W14,2025-10-14,2025-10-20,2025-10-20,59,53,5
PO001465,S005,P0055,W02,2025-03-18,2025-04-02,2025-04-02,24,23,0
PO001466,S017,P0149,W09,2025-09-26,2025-10-23,2025-10-23,96,86,7
PO001467,S018,P0168,W14,2025-09-03,2025-09-22,2025-09-22,90,80,8
PO001468,S034,P0272,W12,2025-01-05,2025-01-08,2025-01-07,70,63,4
PO001469,S008,P0394,W02,2026-03-25,2026-04-13,2026-04-12,96,90,3
PO001470,S040,P0324,W01,2025-04-21,2025-04-30,2025-04-28,64,63,0
PO001471,S035,P0055,W12,2025-07-12,2025-07-31,2025-07-31,141,129,12
PO001472,S008,P0087,W12,2025-04-25,2025-05-10,2025-05-08,60,58,2
PO001473,S013,P0002,W10,2026-02-24,2026-03-23,2026-03-29,206,196,8
PO001474,S020,P0003,W12,2025-03-23,2025-04-02,2025-04-02,30,28,2
PO001475,S017,P0294,W04,2026-03-26,2026-04-30,2026-04-30,109,102,5
PO001476,S019,P0134,W09,2025-04-06,2025-04-17,2025-04-16,96,90,4
PO001477,S010,P0250,W13,2025-07-27,2025-08-27,2025-08-29,99,88,9
PO001478,S017,P0020,W09,2025-01-02,2025-02-02,2025-02-01,63,58,4
PO001479,S011,P0386,W06,2026-04-20,2026-05-07,2026-05-06,114,110,4
PO001480,S034,P0150,W01,2026-04-29,2026-05-04,2026-05-02,80,72,5
PO001481,S028,P0346,W04,2025-08-04,2025-08-28,2025-09-03,17,17,0
PO001482,S025,P0210,W11,2026-03-29,2026-04-23,2026-04-23,95,91,3
PO001483,S009,P0093,W07,2026-04-23,2026-05-18,2026-05-16,22,21,0
PO001484,S012,P0083,W06,2026-02-25,2026-04-06,2026-04-15,109,101,6
PO001485,S007,P0098,W06,2025-12-19,2026-01-07,2026-01-07,186,167,18
PO001486,S017,P0364,W10,2026-06-28,2026-07-25,2026-07-23,155,140,11
PO001487,S007,P0051,W04,2025-04-18,2025-05-23,2025-05-27,69,62,7
PO001488,S019,P0033,W13,2025-09-08,2025-09-27,2025-09-28,80,73,3
PO001489,S026,P0251,W10,2025-03-04,2025-03-19,2025-03-17,75,65,8
PO001490,S040,P0295,W15,2026-04-29,2026-05-10,2026-05-08,71,71,0
PO001491,S019,P0166,W07,2025-07-14,2025-08-02,2025-08-01,63,61,2
PO001492,S004,P0132,W01,2025-08-26,2025-08-31,2025-08-30,73,63,7
PO001493,S003,P0250,W12,2025-08-21,2025-09-06,2025-09-05,64,63,0
PO001494,S023,P0104,W13,2026-03-09,2026-03-24,2026-03-23,170,154,14
PO001495,S007,P0273,W07,2026-02-09,2026-03-15,2026-03-15,75,64,9
PO001496,S027,P0187,W07,2025-07-08,2025-08-06,2025-08-04,133,123,9
PO001497,S023,P0317,W11,2026-02-21,2026-03-01,2026-02-28,41,38,3
PO001498,S034,P0137,W02,2025-06-12,2025-06-28,2025-06-28,215,197,8
PO001499,S028,P0016,W15,2026-03-08,2026-03-19,2026-03-18,30,27,2
PO001500,S006,P0378,W01,2026-06-06,2026-06-20,2026-06-20,21,20,1
PO001501,S005,P0141,W11,2026-02-19,2026-03-07,2026-03-07,110,105,2
PO001502,S014,P0300,W07,2025-11-22,2025-12-01,2025-12-01,59,53,5
PO001503,S035,P0227,W12,2025-12-25,2026-01-11,2026-01-10,65,58,7
PO001504,S028,P0319,W14,2025-03-25,2025-04-14,2025-04-12,99,88,9
PO001505,S026,P0304,W05,2025-02-04,2025-02-09,2025-02-09,34,31,3
PO001506,S023,P0199,W14,2025-10-22,2025-11-07,2025-11-06,55,49,5
PO001507,S008,P0179,W10,2026-05-14,2026-05-24,2026-05-23,191,172,10
PO001508,S018,P0087,W14,2026-01-07,2026-01-26,2026-01-26,42,36,4
PO001509,S022,P0356,W12,2025-03-14,2025-04-02,2025-04-11,187,178,8
PO001510,S028,P0162,W07,2025-02-13,2025-03-09,2025-03-08,469,444,23
PO001511,S016,P0131,W12,2025-05-31,2025-06-24,2025-06-22,155,139,14
PO001512,S028,P0133,W13,2026-06-16,2026-07-13,2026-07-13,44,41,3
PO001513,S010,P0052,W07,2025-01-20,2025-02-17,2025-02-16,48,45,3
PO001514,S006,P0113,W02,2025-02-28,2025-03-08,2025-03-08,80,76,3
PO001515,S037,P0049,W11,2026-05-22,2026-05-25,2026-06-03,86,82,3
PO001516,S010,P0135,W06,2026-05-04,2026-06-06,2026-06-17,37,34,3
PO001517,S034,P0124,W01,2025-08-07,2025-08-12,2025-08-12,169,154,8
PO001518,S006,P0134,W14,2025-05-25,2025-06-05,2025-06-05,102,93,6
PO001519,S021,P0390,W13,2025-04-16,2025-05-02,2025-05-05,50,45,5
PO001520,S001,P0019,W04,2025-01-01,2025-01-04,2025-01-02,100,92,3
PO001521,S006,P0276,W07,2025-09-22,2025-10-04,2025-10-03,109,101,3
PO001522,S039,P0190,W10,2025-06-12,2025-06-25,2025-06-24,83,77,5
PO001523,S020,P0008,W11,2025-11-19,2025-12-09,2025-12-07,78,71,7
PO001524,S003,P0353,W12,2026-04-03,2026-04-20,2026-04-20,70,68,0
PO001525,S012,P0244,W13,2025-01-14,2025-02-15,2025-02-14,52,51,1
PO001526,S037,P0316,W08,2025-12-19,2025-12-28,2025-12-27,61,56,2
PO001527,S032,P0355,W05,2025-02-22,2025-03-13,2025-03-11,70,66,3
PO001528,S024,P0121,W13,2025-10-25,2025-12-02,2025-11-30,144,130,8
PO001529,S037,P0398,W11,2026-02-17,2026-02-20,2026-02-18,35,35,0
PO001530,S018,P0062,W14,2025-10-02,2025-10-21,2025-10-21,16,15,1
PO001531,S035,P0362,W08,2025-04-12,2025-04-27,2025-04-25,139,126,12
PO001532,S005,P0384,W03,2025-07-21,2025-08-10,2025-08-10,54,52,0
PO001533,S022,P0154,W10,2026-03-15,2026-04-01,2026-03-30,241,229,10
PO001534,S030,P0170,W02,2025-05-21,2025-06-14,2025-06-13,67,61,4
PO001535,S003,P0340,W10,2025-07-07,2025-07-28,2025-07-28,43,40,2
PO001536,S011,P0284,W15,2025-02-26,2025-03-04,2025-03-03,115,115,0
PO001537,S015,P0241,W05,2025-07-13,2025-07-30,2025-07-28,181,161,17
PO001538,S034,P0005,W10,2025-06-26,2025-07-03,2025-07-01,42,39,3
PO001539,S002,P0155,W10,2025-04-22,2025-05-18,2025-05-18,28,26,2
PO001540,S015,P0040,W03,2025-09-10,2025-10-15,2025-10-17,57,51,5
PO001541,S029,P0151,W07,2025-09-22,2025-09-27,2025-09-27,39,37,1
PO001542,S005,P0359,W15,2025-09-12,2025-10-13,2025-10-11,26,26,0
PO001543,S008,P0031,W01,2026-04-21,2026-05-04,2026-05-04,32,30,1
PO001544,S014,P0053,W11,2026-05-03,2026-05-14,2026-05-13,60,56,4
PO001545,S005,P0316,W12,2026-04-20,2026-05-09,2026-05-09,61,57,1
PO001546,S019,P0040,W05,2026-01-08,2026-02-02,2026-01-31,103,98,3
PO001547,S018,P0357,W13,2026-05-14,2026-06-01,2026-06-04,26,23,2
PO001548,S028,P0227,W01,2025-11-23,2025-12-15,2025-12-15,105,100,5
PO001549,S027,P0143,W10,2026-06-11,2026-07-06,2026-07-05,229,206,21
PO001550,S038,P0037,W02,2025-07-27,2025-08-21,2025-08-20,251,222,21
PO001551,S037,P0064,W04,2025-05-27,2025-06-04,2025-06-04,57,56,1
PO001552,S037,P0336,W10,2026-04-24,2026-05-02,2026-05-01,92,89,2
PO001553,S035,P0224,W06,2025-04-20,2025-05-10,2025-05-09,52,46,6
PO001554,S002,P0250,W05,2025-03-06,2025-03-28,2025-03-28,118,108,8
PO001555,S039,P0204,W01,2025-04-30,2025-05-19,2025-05-19,56,54,2
PO001556,S019,P0172,W15,2026-05-15,2026-05-28,2026-05-26,59,58,1
PO001557,S006,P0245,W01,2026-05-24,2026-05-27,2026-05-27,78,71,4
PO001558,S030,P0203,W10,2026-04-02,2026-04-14,2026-04-19,39,37,2
PO001559,S024,P0139,W08,2025-01-06,2025-02-02,2025-02-11,41,36,4
PO001560,S024,P0006,W08,2025-07-28,2025-08-25,2025-08-23,63,60,3
PO001561,S013,P0181,W06,2026-02-09,2026-03-17,2026-03-17,82,80,2
PO001562,S034,P0189,W11,2025-12-17,2025-12-21,2026-01-01,81,75,3
PO001563,S002,P0155,W07,2025-07-09,2025-08-05,2025-08-06,160,155,4
PO001564,S034,P0400,W11,2025-09-09,2025-09-22,2025-09-20,71,67,2
PO001565,S009,P0310,W15,2025-05-13,2025-05-24,2025-05-26,71,65,4
PO001566,S027,P0104,W01,2026-02-06,2026-03-17,2026-03-18,141,122,13
PO001567,S020,P0049,W13,2026-04-20,2026-04-27,2026-04-27,21,19,1
PO001568,S013,P0221,W01,2026-04-27,2026-05-31,2026-05-31,87,82,1
PO001569,S037,P0375,W09,2025-05-08,2025-05-17,2025-05-15,48,48,0
PO001570,S034,P0281,W03,2025-11-20,2025-12-01,2025-11-30,75,66,6
PO001571,S016,P0156,W11,2026-06-07,2026-06-27,2026-06-27,74,65,7
PO001572,S030,P0006,W04,2026-03-05,2026-03-12,2026-03-10,51,46,4
PO001573,S031,P0255,W03,2025-03-24,2025-04-10,2025-04-10,71,62,6
PO001574,S028,P0390,W07,2026-03-30,2026-04-22,2026-04-22,82,75,4
PO001575,S009,P0049,W10,2025-10-12,2025-11-02,2025-11-01,125,116,3
PO001576,S015,P0167,W07,2025-02-20,2025-03-09,2025-03-15,14,13,1
PO001577,S010,P0262,W12,2026-04-16,2026-05-24,2026-05-22,77,69,6
PO001578,S026,P0324,W15,2025-08-30,2025-09-18,2025-09-18,29,26,3
PO001579,S004,P0312,W01,2026-03-11,2026-03-25,2026-03-31,46,42,4
PO001580,S024,P0030,W14,2025-03-03,2025-04-06,2025-04-06,71,63,5
PO001581,S004,P0077,W03,2026-06-05,2026-06-18,2026-06-18,162,150,11
PO001582,S039,P0016,W08,2025-10-27,2025-11-17,2025-11-17,66,60,3
PO001583,S039,P0186,W12,2025-03-11,2025-03-30,2025-03-28,386,354,26
PO001584,S008,P0137,W04,2025-05-11,2025-05-18,2025-05-18,50,47,3
PO001585,S004,P0282,W02,2025-07-20,2025-08-09,2025-08-08,92,79,9
PO001586,S002,P0354,W09,2025-11-17,2025-12-12,2025-12-10,101,92,7
PO001587,S032,P0345,W14,2025-12-12,2026-01-03,2026-01-02,40,38,0
PO001588,S024,P0080,W12,2025-09-24,2025-10-20,2025-10-19,157,134,17
PO001589,S012,P0050,W14,2026-06-09,2026-07-13,2026-07-13,267,253,14
PO001590,S033,P0282,W05,2025-10-18,2025-11-21,2025-11-29,181,165,12
PO001591,S028,P0322,W08,2025-03-19,2025-04-10,2025-04-08,17,17,0
PO001592,S001,P0377,W15,2026-04-12,2026-04-20,2026-04-30,59,57,0
PO001593,S007,P0083,W03,2025-10-19,2025-11-18,2025-11-17,87,77,10
PO001594,S007,P0318,W01,2026-01-29,2026-03-02,2026-03-02,124,107,17
PO001595,S015,P0245,W08,2025-01-04,2025-01-18,2025-01-24,19,17,2
PO001596,S017,P0168,W02,2025-04-22,2025-05-17,2025-05-28,75,68,5
PO001597,S032,P0362,W01,2025-03-07,2025-03-27,2025-03-27,45,42,2
PO001598,S027,P0187,W03,2026-02-01,2026-03-08,2026-03-19,69,60,8
PO001599,S003,P0186,W07,2025-01-07,2025-01-29,2025-01-28,218,204,7
PO001600,S026,P0372,W04,2025-05-28,2025-06-17,2025-06-24,33,30,2
PO001601,S019,P0317,W09,2026-05-07,2026-05-21,2026-05-20,170,160,9
PO001602,S012,P0033,W06,2026-02-20,2026-03-27,2026-04-01,49,45,2
PO001603,S036,P0381,W03,2025-05-25,2025-06-22,2025-06-22,129,120,9
PO001604,S002,P0354,W06,2025-08-27,2025-09-22,2025-09-20,160,140,14
PO001605,S023,P0213,W02,2026-06-05,2026-06-20,2026-06-19,135,116,14
PO001606,S035,P0375,W01,2025-11-09,2025-11-16,2025-11-15,82,70,9
PO001607,S018,P0259,W05,2025-05-11,2025-06-02,2025-06-02,40,36,4
PO001608,S014,P0019,W01,2025-07-08,2025-07-15,2025-07-14,32,31,1
PO001609,S004,P0098,W02,2025-05-01,2025-05-29,2025-05-28,32,28,3
PO001610,S010,P0365,W02,2025-07-07,2025-08-05,2025-08-16,25,23,2
PO001611,S019,P0124,W11,2026-03-25,2026-04-16,2026-04-15,141,132,2
PO001612,S010,P0314,W01,2025-01-06,2025-02-03,2025-02-15,54,47,6
PO001613,S003,P0222,W09,2026-04-12,2026-05-01,2026-05-12,59,57,1
PO001614,S036,P0365,W11,2025-04-30,2025-05-26,2025-05-25,46,44,2
PO001615,S034,P0238,W07,2025-02-23,2025-03-07,2025-03-05,28,27,1
PO001616,S034,P0385,W05,2026-06-21,2026-06-27,2026-06-26,191,175,7
PO001617,S012,P0103,W15,2025-04-11,2025-05-03,2025-05-03,90,81,7
PO001618,S027,P0075,W13,2026-05-30,2026-06-30,2026-06-29,41,37,3
PO001619,S021,P0207,W08,2025-01-25,2025-01-30,2025-01-29,25,22,2
PO001620,S039,P0107,W12,2026-06-10,2026-06-30,2026-06-30,63,59,4
PO001621,S032,P0194,W13,2026-03-14,2026-03-30,2026-04-08,23,21,1
PO001622,S027,P0106,W01,2025-03-30,2025-04-24,2025-04-23,44,41,3
PO001623,S025,P0097,W08,2026-01-26,2026-02-23,2026-02-22,89,83,4
PO001624,S037,P0304,W08,2026-01-22,2026-01-25,2026-01-25,91,88,3
PO001625,S029,P0122,W05,2026-06-30,2026-07-03,2026-07-03,32,31,0
PO001626,S018,P0326,W07,2025-06-09,2025-06-27,2025-06-25,83,73,7
PO001627,S014,P0078,W09,2025-03-08,2025-03-17,2025-03-17,27,26,1
PO001628,S027,P0279,W05,2026-06-28,2026-08-03,2026-08-03,63,59,4
PO001629,S018,P0125,W10,2026-01-06,2026-01-31,2026-01-29,55,49,4
PO001630,S012,P0084,W03,2025-02-17,2025-03-24,2025-03-24,10,9,0
PO001631,S006,P0186,W08,2025-01-14,2025-01-25,2025-02-04,133,125,5
PO001632,S037,P0276,W12,2025-05-16,2025-05-22,2025-05-21,57,55,1
PO001633,S038,P0263,W02,2026-02-17,2026-03-11,2026-03-10,32,29,2
PO001634,S026,P0261,W01,2026-03-13,2026-03-24,2026-03-23,108,92,12
PO001635,S039,P0102,W05,2025-11-29,2025-12-18,2025-12-16,153,143,8
PO001636,S039,P0395,W12,2026-02-06,2026-02-18,2026-02-16,94,84,6
PO001637,S014,P0371,W09,2025-01-15,2025-01-25,2025-01-24,38,36,2
PO001638,S037,P0068,W10,2025-12-12,2025-12-31,2026-01-04,82,75,3
PO001639,S035,P0194,W03,2026-01-23,2026-02-14,2026-02-14,48,43,5
PO001640,S003,P0215,W01,2025-06-10,2025-07-06,2025-07-04,158,147,6
PO001641,S037,P0067,W15,2025-02-20,2025-03-04,2025-03-03,31,29,1
PO001642,S036,P0337,W06,2025-11-28,2026-01-02,2026-01-01,159,152,6
PO001643,S031,P0068,W10,2025-01-17,2025-02-06,2025-02-06,70,63,5
PO001644,S011,P0148,W01,2025-01-15,2025-01-23,2025-01-23,91,89,1
PO001645,S038,P0050,W02,2025-10-09,2025-11-07,2025-11-07,77,69,6
PO001646,S011,P0295,W08,2026-01-06,2026-01-16,2026-01-15,35,35,0
PO001647,S020,P0144,W10,2026-05-10,2026-05-28,2026-06-02,120,105,10
PO001648,S022,P0148,W15,2025-03-27,2025-04-13,2025-04-11,24,24,0
PO001649,S029,P0105,W11,2026-06-28,2026-07-07,2026-07-07,58,55,1
PO001650,S033,P0067,W13,2025-04-08,2025-05-18,2025-05-17,41,37,3
PO001651,S021,P0398,W08,2025-08-25,2025-09-02,2025-08-31,45,42,3
PO001652,S032,P0212,W03,2025-06-21,2025-07-08,2025-07-07,10,10,0
PO001653,S013,P0166,W05,2025-01-30,2025-03-03,2025-03-02,211,205,0
PO001654,S006,P0322,W02,2025-07-16,2025-07-26,2025-07-24,69,66,2
PO001655,S006,P0218,W15,2026-04-13,2026-04-16,2026-04-16,125,120,4
PO001656,S032,P0166,W02,2025-06-23,2025-07-14,2025-07-18,85,83,2
PO001657,S001,P0198,W14,2026-04-02,2026-04-12,2026-04-12,71,70,0
PO001658,S016,P0299,W04,2025-02-19,2025-03-05,2025-03-04,52,48,4
PO001659,S038,P0367,W09,2025-12-20,2026-01-20,2026-01-20,60,52,5
PO001660,S030,P0065,W14,2026-03-04,2026-03-20,2026-03-20,61,56,4
PO001661,S014,P0007,W03,2025-12-03,2025-12-18,2025-12-16,47,43,3
PO001662,S009,P0056,W01,2026-02-26,2026-03-19,2026-03-30,33,31,2
PO001663,S028,P0140,W12,2026-02-05,2026-02-25,2026-02-24,265,233,22
PO001664,S024,P0162,W12,2026-04-26,2026-05-17,2026-05-17,24,23,1
PO001665,S032,P0247,W08,2025-01-28,2025-02-16,2025-02-16,36,34,1
PO001666,S015,P0007,W07,2025-07-06,2025-07-29,2025-07-27,55,48,6
PO001667,S024,P0126,W09,2025-11-20,2025-12-25,2025-12-23,71,65,4
PO001668,S012,P0334,W01,2025-09-27,2025-11-01,2025-10-30,14,14,0
PO001669,S008,P0282,W13,2025-11-13,2025-11-28,2025-12-09,74,69,5
PO001670,S025,P0375,W04,2025-01-22,2025-02-12,2025-02-17,31,28,2
PO001671,S005,P0201,W02,2025-11-30,2025-12-22,2025-12-28,43,40,2
PO001672,S010,P0302,W02,2025-08-26,2025-09-25,2025-09-24,112,106,6
PO001673,S006,P0341,W08,2026-05-21,2026-05-27,2026-05-25,53,50,1
PO001674,S004,P0195,W01,2026-02-14,2026-03-08,2026-03-20,48,44,4
PO001675,S034,P0149,W03,2026-05-15,2026-05-30,2026-05-29,71,65,4
PO001676,S027,P0367,W14,2025-06-30,2025-08-03,2025-08-03,19,18,1
PO001677,S004,P0167,W07,2025-02-12,2025-03-01,2025-02-27,87,76,7
PO001678,S033,P0080,W03,2025-07-24,2025-08-23,2025-08-21,47,43,4
PO001679,S001,P0349,W15,2025-04-05,2025-04-08,2025-04-07,60,60,0
PO001680,S006,P0044,W09,2025-06-05,2025-06-16,2025-06-14,35,35,0
PO001681,S031,P0049,W06,2026-06-15,2026-07-03,2026-07-03,45,42,3
PO001682,S017,P0087,W02,2025-07-08,2025-08-07,2025-08-07,94,87,3
PO001683,S006,P0301,W13,2025-04-23,2025-04-27,2025-04-26,27,26,0
PO001684,S034,P0089,W01,2026-04-11,2026-04-18,2026-04-27,62,55,5
PO001685,S006,P0055,W04,2025-01-01,2025-01-12,2025-01-11,47,44,1
PO001686,S012,P0061,W10,2025-05-13,2025-06-04,2025-06-03,82,77,4
PO001687,S034,P0143,W08,2025-05-30,2025-06-09,2025-06-08,40,36,3
PO001688,S023,P0193,W09,2025-03-24,2025-04-05,2025-04-07,63,57,4
PO001689,S011,P0067,W14,2025-03-06,2025-03-14,2025-03-12,44,43,0
PO001690,S038,P0181,W09,2025-11-16,2025-12-01,2025-11-29,34,31,3
PO001691,S010,P0321,W13,2025-01-26,2025-02-24,2025-02-22,34,31,3
PO001692,S001,P0369,W03,2026-02-19,2026-02-22,2026-02-20,305,290,7
PO001693,S008,P0287,W14,2026-01-07,2026-01-19,2026-01-19,42,38,2
PO001694,S032,P0394,W06,2026-03-02,2026-03-12,2026-03-11,62,60,1
PO001695,S022,P0169,W03,2025-02-06,2025-02-24,2025-03-03,58,55,2
PO001696,S020,P0340,W04,2025-03-11,2025-03-20,2025-03-20,62,57,5
PO001697,S040,P0161,W07,2026-04-09,2026-04-23,2026-04-22,86,79,3
PO001698,S027,P0066,W03,2026-02-05,2026-03-06,2026-03-05,48,46,2
PO001699,S016,P0376,W01,2025-04-01,2025-04-25,2025-04-24,125,115,7
PO001700,S016,P0163,W05,2025-05-10,2025-05-26,2025-05-24,43,40,3
PO001701,S028,P0365,W02,2025-08-05,2025-08-31,2025-08-30,32,29,2
PO001702,S010,P0216,W15,2025-04-26,2025-05-20,2025-05-29,125,111,12
PO001703,S031,P0318,W06,2025-08-14,2025-08-30,2025-08-28,52,50,2
PO001704,S040,P0197,W12,2025-10-01,2025-10-11,2025-10-10,296,283,6
PO001705,S029,P0172,W12,2025-03-03,2025-03-12,2025-03-17,24,23,0
PO001706,S008,P0037,W08,2025-09-20,2025-10-01,2025-09-29,25,24,1
PO001707,S026,P0012,W03,2026-03-20,2026-04-05,2026-04-04,108,95,10
PO001708,S013,P0385,W05,2025-08-04,2025-08-26,2025-08-24,66,64,2
PO001709,S008,P0009,W04,2025-06-16,2025-07-12,2025-07-10,238,224,10
PO001710,S003,P0096,W12,2026-04-10,2026-04-28,2026-04-27,25,25,0
PO001711,S003,P0264,W04,2025-02-09,2025-03-11,2025-03-11,94,91,2
PO001712,S020,P0315,W07,2025-08-02,2025-08-22,2025-08-30,12,11,1
PO001713,S006,P0209,W01,2026-01-18,2026-01-31,2026-01-30,47,45,1
PO001714,S004,P0367,W02,2026-04-09,2026-04-21,2026-04-19,88,80,6
PO001715,S030,P0338,W14,2025-05-07,2025-05-19,2025-05-19,78,70,6
PO001716,S027,P0214,W08,2025-08-09,2025-09-13,2025-09-12,43,40,3
PO001717,S005,P0075,W13,2026-05-11,2026-06-04,2026-06-03,44,44,0
PO001718,S020,P0296,W11,2026-02-11,2026-03-02,2026-03-02,43,38,3
PO001719,S039,P0312,W15,2026-05-20,2026-06-14,2026-06-14,69,65,3
PO001720,S006,P0032,W02,2025-10-03,2025-10-21,2025-10-19,76,72,1
PO001721,S004,P0386,W06,2025-04-20,2025-05-15,2025-05-13,54,46,6
PO001722,S006,P0245,W05,2025-01-06,2025-01-21,2025-01-19,27,25,1
PO001723,S021,P0098,W01,2025-05-21,2025-06-03,2025-06-06,61,55,6
PO001724,S010,P0121,W06,2025-04-14,2025-05-07,2025-05-05,27,24,2
PO001725,S028,P0304,W13,2025-01-25,2025-02-15,2025-02-14,51,47,4
PO001726,S028,P0312,W14,2025-01-07,2025-01-23,2025-01-22,27,26,1
PO001727,S008,P0061,W11,2025-08-05,2025-08-16,2025-08-14,112,103,6
PO001728,S026,P0280,W02,2026-04-13,2026-04-22,2026-04-20,32,28,3
PO001729,S036,P0282,W14,2025-02-05,2025-03-06,2025-03-06,89,82,3
PO001730,S036,P0358,W12,2026-03-17,2026-04-10,2026-04-08,30,29,1
PO001731,S033,P0184,W11,2025-10-13,2025-11-20,2025-11-19,75,70,5
PO001732,S037,P0035,W03,2025-08-29,2025-09-07,2025-09-05,91,85,3
PO001733,S008,P0290,W05,2026-05-22,2026-06-05,2026-06-05,75,69,4
PO001734,S016,P0300,W10,2026-04-05,2026-04-09,2026-04-09,68,60,5
PO001735,S015,P0272,W07,2025-02-17,2025-02-28,2025-02-26,60,53,5
PO001736,S031,P0151,W11,2026-02-27,2026-03-21,2026-03-31,95,87,8
PO001737,S024,P0224,W10,2025-06-17,2025-07-25,2025-07-31,46,41,4
PO001738,S027,P0277,W05,2025-01-12,2025-02-04,2025-02-02,56,49,6
PO001739,S003,P0080,W12,2026-03-20,2026-04-08,2026-04-06,43,41,1
PO001740,S002,P0052,W03,2025-04-13,2025-05-14,2025-05-14,52,50,2
PO001741,S038,P0372,W09,2025-08-03,2025-08-21,2025-08-21,39,36,2
PO001742,S033,P0385,W12,2025-07-30,2025-08-24,2025-08-23,72,63,8
PO001743,S040,P0027,W15,2026-04-13,2026-04-19,2026-04-18,74,71,3
PO001744,S004,P0153,W10,2025-04-03,2025-04-27,2025-04-27,39,34,4
PO001745,S017,P0190,W06,2026-04-21,2026-05-17,2026-05-17,192,177,13
PO001746,S023,P0069,W02,2026-01-23,2026-01-26,2026-01-24,56,52,3
PO001747,S037,P0314,W02,2026-03-30,2026-04-14,2026-04-13,41,39,1
PO001748,S002,P0067,W08,2025-01-03,2025-01-23,2025-01-29,64,59,3
PO001749,S038,P0095,W02,2025-09-10,2025-10-02,2025-09-30,94,86,6
PO001750,S012,P0039,W01,2025-12-26,2026-02-02,2026-02-01,164,157,6
PO001751,S001,P0253,W01,2025-01-18,2025-01-24,2025-01-22,84,82,2
PO001752,S015,P0043,W04,2025-12-26,2026-01-08,2026-01-17,39,36,3
PO001753,S031,P0017,W08,2025-06-18,2025-07-07,2025-07-12,98,90,7
PO001754,S020,P0026,W02,2026-01-13,2026-02-04,2026-02-03,54,48,5
PO001755,S040,P0179,W04,2025-01-22,2025-01-30,2025-01-29,124,121,3
PO001756,S018,P0383,W13,2026-01-13,2026-02-11,2026-02-09,52,47,4
PO001757,S036,P0050,W05,2025-03-15,2025-04-20,2025-04-19,36,34,2
PO001758,S017,P0288,W15,2025-02-10,2025-03-13,2025-03-24,76,70,4
PO001759,S036,P0157,W12,2025-01-01,2025-01-25,2025-01-25,92,84,5
PO001760,S001,P0107,W01,2026-01-16,2026-01-19,2026-01-28,70,67,2
PO001761,S038,P0307,W05,2026-05-29,2026-06-15,2026-06-15,153,144,9
PO001762,S006,P0299,W03,2025-02-11,2025-02-22,2025-02-22,43,40,1
PO001763,S035,P0081,W03,2026-04-09,2026-04-16,2026-04-16,118,99,14
PO001764,S026,P0044,W15,2025-11-10,2025-11-28,2025-11-26,26,23,2
PO001765,S023,P0067,W07,2026-01-26,2026-02-10,2026-02-10,113,101,8
PO001766,S024,P0147,W09,2026-01-20,2026-02-19,2026-02-24,35,31,3
PO001767,S004,P0068,W08,2025-04-03,2025-04-19,2025-04-23,95,88,6
PO001768,S021,P0393,W01,2025-06-24,2025-06-29,2025-07-03,131,118,13
PO001769,S022,P0305,W07,2026-01-19,2026-02-14,2026-02-25,185,174,10
PO001770,S027,P0193,W01,2025-10-27,2025-11-22,2025-11-20,91,80,8
PO001771,S033,P0306,W07,2025-08-04,2025-09-17,2025-09-17,224,206,13
PO001772,S037,P0335,W06,2025-12-30,2026-01-06,2026-01-05,120,114,4
PO001773,S025,P0181,W01,2026-05-29,2026-06-22,2026-06-21,10,10,0
PO001774,S014,P0094,W04,2025-09-03,2025-09-06,2025-09-14,111,101,6
PO001775,S015,P0346,W07,2026-05-01,2026-05-26,2026-05-24,37,32,4
PO001776,S010,P0305,W14,2025-06-18,2025-07-14,2025-07-21,58,53,5
PO001777,S015,P0057,W15,2025-09-03,2025-09-22,2025-09-20,39,35,4
PO001778,S028,P0369,W02,2025-05-11,2025-06-01,2025-05-30,87,80,6
PO001779,S028,P0337,W12,2026-01-01,2026-02-03,2026-02-03,54,50,3
PO001780,S012,P0176,W07,2026-03-08,2026-04-02,2026-04-01,45,43,2
PO001781,S029,P0301,W09,2026-05-28,2026-06-10,2026-06-09,23,22,0
PO001782,S013,P0132,W10,2025-10-21,2025-11-17,2025-11-29,119,113,2
PO001783,S018,P0333,W01,2025-12-18,2026-01-10,2026-01-11,45,40,5
PO001784,S009,P0077,W09,2026-03-05,2026-03-30,2026-03-30,45,42,1
PO001785,S011,P0048,W02,2025-05-14,2025-05-18,2025-05-17,105,102,2
PO001786,S017,P0399,W06,2026-01-31,2026-02-18,2026-02-18,85,80,1
PO001787,S008,P0243,W05,2025-06-03,2025-06-20,2025-06-30,47,45,1
PO001788,S018,P0207,W05,2025-09-19,2025-10-18,2025-10-18,49,44,4
PO001789,S015,P0028,W15,2025-10-02,2025-10-20,2025-10-22,67,59,7
PO001790,S034,P0194,W01,2026-05-18,2026-05-29,2026-05-28,42,39,3
PO001791,S027,P0384,W09,2026-06-25,2026-07-24,2026-07-23,90,79,8
PO001792,S008,P0334,W12,2026-04-21,2026-05-07,2026-05-07,63,59,4
PO001793,S040,P0329,W05,2025-06-06,2025-06-13,2025-06-22,29,27,1
PO001794,S004,P0322,W04,2026-02-18,2026-03-13,2026-03-11,77,70,6
PO001795,S001,P0069,W03,2026-03-13,2026-03-20,2026-03-19,86,85,1
PO001796,S040,P0081,W10,2025-12-05,2025-12-12,2025-12-11,138,132,0
PO001797,S019,P0153,W11,2025-08-01,2025-08-19,2025-08-17,30,29,1
PO001798,S040,P0390,W01,2025-11-28,2025-12-03,2025-12-02,37,36,0
PO001799,S025,P0352,W04,2025-08-06,2025-09-01,2025-09-01,43,40,2
PO001800,S014,P0296,W12,2025-06-22,2025-06-25,2025-06-25,31,28,2
PO001801,S026,P0171,W03,2025-03-06,2025-03-28,2025-03-27,67,58,9
PO001802,S010,P0300,W14,2025-12-09,2026-01-02,2026-01-02,85,78,6
PO001803,S017,P0109,W08,2025-10-11,2025-11-01,2025-10-31,127,113,8
PO001804,S029,P0374,W03,2026-06-05,2026-06-26,2026-06-26,45,44,1
PO001805,S021,P0207,W10,2025-10-12,2025-10-17,2025-10-15,49,45,4
PO001806,S005,P0377,W11,2025-04-27,2025-05-25,2025-05-24,36,34,1
PO001807,S023,P0003,W03,2026-01-10,2026-01-15,2026-01-14,136,124,9
PO001808,S029,P0380,W04,2025-01-13,2025-01-16,2025-01-14,68,63,2
PO001809,S007,P0371,W08,2025-08-26,2025-09-16,2025-09-17,46,38,6
PO001810,S018,P0263,W06,2026-05-24,2026-06-17,2026-06-16,153,129,19
PO001811,S031,P0372,W01,2025-03-22,2025-03-31,2025-03-31,63,57,3
PO001812,S021,P0309,W01,2025-04-19,2025-04-29,2025-04-27,75,69,5
PO001813,S025,P0167,W12,2026-06-09,2026-06-28,2026-07-02,116,111,3
PO001814,S028,P0191,W05,2026-04-18,2026-05-12,2026-05-11,112,104,8
PO001815,S013,P0376,W02,2025-02-12,2025-03-09,2025-03-19,31,30,1
PO001816,S012,P0220,W05,2025-03-31,2025-04-28,2025-04-26,86,81,4
PO001817,S029,P0133,W01,2025-02-03,2025-02-17,2025-02-15,21,20,1
PO001818,S031,P0176,W03,2025-09-18,2025-10-15,2025-10-13,53,47,4
PO001819,S032,P0312,W01,2026-01-11,2026-01-30,2026-01-30,89,82,3
PO001820,S008,P0252,W05,2026-06-22,2026-06-28,2026-06-27,96,87,5
PO001821,S013,P0207,W10,2025-09-17,2025-10-09,2025-10-12,62,59,3
PO001822,S016,P0344,W09,2026-02-03,2026-02-19,2026-02-18,152,140,10
PO001823,S003,P0193,W14,2025-12-02,2025-12-30,2025-12-30,82,78,3
PO001824,S006,P0139,W09,2025-01-21,2025-01-31,2025-01-29,171,161,6
PO001825,S007,P0111,W02,2025-04-22,2025-05-20,2025-05-20,338,296,41
PO001826,S012,P0241,W02,2026-05-24,2026-06-23,2026-06-22,160,152,6
PO001827,S006,P0369,W07,2025-10-12,2025-10-19,2025-10-18,88,82,2
PO001828,S030,P0011,W06,2025-08-13,2025-09-03,2025-09-01,229,210,15
PO001829,S034,P0171,W14,2025-12-05,2025-12-08,2025-12-11,44,41,2
PO001830,S004,P0214,W04,2026-06-21,2026-07-18,2026-07-18,58,52,5
PO001831,S012,P0005,W09,2026-02-24,2026-03-23,2026-03-21,60,57,2
PO001832,S001,P0310,W05,2025-06-15,2025-06-18,2025-06-17,126,125,1
PO001833,S006,P0120,W08,2025-01-09,2025-01-23,2025-01-23,206,181,16
PO001834,S012,P0355,W07,2026-02-28,2026-04-03,2026-04-02,134,124,4
PO001835,S017,P0079,W13,2025-04-27,2025-05-26,2025-05-24,71,68,3
PO001836,S028,P0202,W11,2025-07-05,2025-07-25,2025-07-25,43,40,2
PO001837,S001,P0197,W11,2025-08-14,2025-08-17,2025-08-15,54,54,0
PO001838,S040,P0243,W08,2025-06-08,2025-06-14,2025-06-14,87,85,1
PO001839,S026,P0101,W07,2026-01-22,2026-02-08,2026-02-08,50,45,5
PO001840,S020,P0094,W08,2026-03-24,2026-03-30,2026-03-28,24,21,2
PO001841,S033,P0030,W11,2025-01-04,2025-02-04,2025-02-02,18,16,2
PO001842,S004,P0336,W01,2025-04-03,2025-04-19,2025-04-18,68,63,4
PO001843,S012,P0184,W15,2026-05-09,2026-06-16,2026-06-14,162,151,5
PO001844,S004,P0142,W15,2026-01-24,2026-02-09,2026-02-10,56,49,5
PO001845,S014,P0307,W10,2025-12-17,2025-12-24,2025-12-26,148,131,11
PO001846,S026,P0338,W05,2025-06-22,2025-07-07,2025-07-06,55,48,6
PO001847,S008,P0004,W12,2026-03-06,2026-03-20,2026-03-20,76,70,5
PO001848,S006,P0189,W11,2026-04-05,2026-04-10,2026-04-09,28,27,0
PO001849,S017,P0245,W11,2026-03-01,2026-03-30,2026-03-29,154,146,6
PO001850,S030,P0164,W07,2026-05-27,2026-06-09,2026-06-09,20,18,1
PO001851,S002,P0304,W10,2025-08-01,2025-08-28,2025-08-26,75,67,6
PO001852,S029,P0332,W03,2025-02-18,2025-02-27,2025-02-27,57,53,2
PO001853,S037,P0303,W15,2026-03-18,2026-03-29,2026-03-27,116,106,5
PO001854,S021,P0130,W02,2026-04-06,2026-04-09,2026-04-08,39,34,4
PO001855,S037,P0161,W09,2025-10-06,2025-10-22,2025-10-21,70,67,3
PO001856,S039,P0313,W09,2025-09-19,2025-10-11,2025-10-09,49,45,2
PO001857,S010,P0284,W12,2025-10-18,2025-11-15,2025-11-23,46,40,4
PO001858,S020,P0058,W05,2026-06-15,2026-06-26,2026-06-25,64,57,6
PO001859,S015,P0284,W11,2026-06-10,2026-06-22,2026-06-23,46,41,5
PO001860,S016,P0244,W10,2026-03-23,2026-04-10,2026-04-17,68,64,4
PO001861,S002,P0195,W01,2025-04-01,2025-04-28,2025-04-28,94,84,8
PO001862,S019,P0156,W04,2026-06-05,2026-06-19,2026-06-20,20,20,0
PO001863,S033,P0304,W12,2025-12-13,2026-01-14,2026-01-14,86,80,6
PO001864,S003,P0100,W14,2026-05-26,2026-06-17,2026-06-22,106,105,0
PO001865,S007,P0042,W03,2025-10-06,2025-10-30,2025-11-05,50,43,5
PO001866,S001,P0229,W10,2025-06-11,2025-06-14,2025-06-12,93,87,2
PO001867,S031,P0323,W09,2025-09-01,2025-09-17,2025-09-17,143,129,9
PO001868,S003,P0233,W06,2025-09-15,2025-10-11,2025-10-10,29,28,0
PO001869,S027,P0087,W03,2025-09-16,2025-10-21,2025-10-19,75,67,5
PO001870,S006,P0229,W07,2026-04-16,2026-04-19,2026-05-01,45,43,0
PO001871,S024,P0102,W01,2026-01-23,2026-03-05,2026-03-04,71,62,6
PO001872,S013,P0273,W08,2025-10-05,2025-11-05,2025-11-03,97,89,5
PO001873,S006,P0266,W01,2025-05-13,2025-05-16,2025-05-14,56,52,3
PO001874,S012,P0089,W01,2026-04-18,2026-05-15,2026-05-13,18,18,0
PO001875,S004,P0386,W10,2026-01-09,2026-02-02,2026-01-31,49,45,4
PO001876,S005,P0092,W02,2025-05-02,2025-05-25,2025-05-24,92,88,1
PO001877,S005,P0184,W11,2026-03-18,2026-04-03,2026-04-02,157,152,2
PO001878,S003,P0061,W02,2025-09-27,2025-10-20,2025-10-29,43,41,1
PO001879,S011,P0085,W09,2026-01-05,2026-01-24,2026-01-24,77,75,1
PO001880,S028,P0262,W01,2025-06-13,2025-07-04,2025-07-02,70,67,2
PO001881,S037,P0310,W14,2026-03-24,2026-03-31,2026-03-29,128,118,5
PO001882,S035,P0068,W02,2025-12-05,2025-12-23,2025-12-21,47,43,3
PO001883,S002,P0367,W12,2025-05-10,2025-06-08,2025-06-11,63,56,5
PO001884,S004,P0371,W09,2026-03-22,2026-04-20,2026-04-20,113,106,5
PO001885,S005,P0361,W01,2025-11-06,2025-11-22,2025-11-20,102,101,1
PO001886,S014,P0050,W14,2025-01-29,2025-02-12,2025-02-12,48,42,4
PO001887,S032,P0002,W03,2025-09-16,2025-10-07,2025-10-07,36,35,1
PO001888,S011,P0249,W12,2025-05-06,2025-05-20,2025-05-19,111,104,2
PO001889,S039,P0164,W01,2025-07-21,2025-08-16,2025-08-14,78,72,4
PO001890,S018,P0243,W07,2026-04-06,2026-04-24,2026-04-23,110,97,11
PO001891,S017,P0364,W08,2025-04-08,2025-04-30,2025-04-29,143,133,8
PO001892,S039,P0309,W05,2025-11-21,2025-12-15,2025-12-15,38,36,1
PO001893,S028,P0387,W11,2025-03-15,2025-04-08,2025-04-06,67,58,6
PO001894,S023,P0134,W15,2026-04-17,2026-05-03,2026-05-02,29,27,2
PO001895,S008,P0182,W04,2025-03-19,2025-03-24,2025-03-23,136,125,6
PO001896,S033,P0209,W01,2026-03-19,2026-04-27,2026-05-01,43,37,4
PO001897,S018,P0339,W01,2026-01-27,2026-02-15,2026-02-13,48,42,4
PO001898,S035,P0081,W12,2026-03-08,2026-03-17,2026-03-16,38,34,4
PO001899,S022,P0040,W08,2026-04-06,2026-04-20,2026-04-20,52,48,2
PO001900,S029,P0257,W08,2025-02-09,2025-02-14,2025-02-12,33,33,0
PO001901,S010,P0335,W11,2025-12-28,2026-01-29,2026-01-28,35,31,3
PO001902,S010,P0393,W12,2026-01-14,2026-02-08,2026-02-16,62,53,6
PO001903,S036,P0311,W03,2025-08-30,2025-10-02,2025-10-02,97,92,3
PO001904,S020,P0141,W10,2025-03-24,2025-04-14,2025-04-13,46,41,4
PO001905,S003,P0112,W14,2026-03-08,2026-03-31,2026-03-29,37,36,0
PO001906,S023,P0096,W02,2026-05-21,2026-05-30,2026-05-29,57,50,5
PO001907,S031,P0399,W09,2025-01-17,2025-01-30,2025-01-30,18,17,1
PO001908,S009,P0354,W13,2025-08-04,2025-08-21,2025-08-20,165,153,8
PO001909,S021,P0244,W04,2025-04-14,2025-04-17,2025-04-15,66,60,6
PO001910,S036,P0279,W15,2026-01-22,2026-02-19,2026-02-17,45,44,1
PO001911,S028,P0229,W08,2025-07-06,2025-07-27,2025-08-01,47,44,3
PO001912,S039,P0336,W02,2025-06-21,2025-07-11,2025-07-10,127,119,7
PO001913,S003,P0153,W02,2025-01-28,2025-02-19,2025-02-18,39,38,1
PO001914,S028,P0211,W08,2025-05-29,2025-06-25,2025-06-25,121,112,8
PO001915,S008,P0244,W05,2025-07-04,2025-07-13,2025-07-12,80,72,5
PO001916,S014,P0394,W10,2025-03-25,2025-04-05,2025-04-03,41,39,1
PO001917,S008,P0066,W04,2026-03-08,2026-03-22,2026-03-21,50,48,2
PO001918,S002,P0005,W15,2025-08-19,2025-09-13,2025-09-13,10,9,0
PO001919,S028,P0340,W14,2025-04-15,2025-05-12,2025-05-21,71,64,7
PO001920,S040,P0042,W13,2026-04-17,2026-04-25,2026-04-25,88,84,2
PO001921,S040,P0282,W01,2025-10-23,2025-11-08,2025-11-06,108,101,2
PO001922,S036,P0186,W12,2025-09-01,2025-10-01,2025-10-01,58,55,3
PO001923,S009,P0305,W06,2025-02-09,2025-02-27,2025-02-25,72,68,4
PO001924,S004,P0239,W11,2025-11-28,2025-12-20,2025-12-19,24,21,2
PO001925,S034,P0179,W04,2025-02-12,2025-02-23,2025-02-22,157,139,11
PO001926,S036,P0158,W12,2025-04-23,2025-05-22,2025-05-20,154,145,8
PO001927,S037,P0233,W06,2025-04-06,2025-04-15,2025-04-13,62,61,1
PO001928,S023,P0051,W14,2026-02-08,2026-02-23,2026-02-23,58,51,6
PO001929,S022,P0297,W12,2025-07-08,2025-07-19,2025-07-23,143,134,6
PO001930,S024,P0185,W15,2025-10-16,2025-11-15,2025-11-15,21,20,1
PO001931,S022,P0276,W04,2025-04-01,2025-04-09,2025-04-08,59,56,2
PO001932,S010,P0195,W08,2025-04-14,2025-05-12,2025-05-11,162,142,12
PO001933,S001,P0279,W08,2025-10-04,2025-10-07,2025-10-06,176,171,3
PO001934,S027,P0147,W14,2025-12-22,2026-01-19,2026-01-28,134,121,9
PO001935,S026,P0380,W07,2025-07-13,2025-07-25,2025-07-25,23,20,2
PO001936,S008,P0234,W11,2025-05-23,2025-05-30,2025-05-29,236,221,12
PO001937,S023,P0371,W09,2025-10-02,2025-10-11,2025-10-12,18,16,1
PO001938,S028,P0289,W07,2026-06-28,2026-07-16,2026-07-15,88,81,6
PO001939,S024,P0193,W07,2025-07-24,2025-08-24,2025-08-29,107,98,9
PO001940,S007,P0366,W04,2025-08-30,2025-10-03,2025-10-01,45,38,5
PO001941,S025,P0335,W03,2025-03-05,2025-03-26,2025-03-26,143,134,9
PO001942,S026,P0007,W15,2025-06-28,2025-07-11,2025-07-10,45,39,4
PO001943,S031,P0023,W10,2025-01-14,2025-01-26,2025-01-24,166,150,13
PO001944,S040,P0324,W07,2025-07-24,2025-07-27,2025-07-25,39,37,1
PO001945,S012,P0222,W13,2026-03-10,2026-04-07,2026-04-07,34,31,2
PO001946,S003,P0271,W01,2025-11-27,2025-12-19,2025-12-18,32,32,0
PO001947,S020,P0197,W02,2026-02-02,2026-02-14,2026-02-14,56,49,5
PO001948,S028,P0276,W11,2026-04-25,2026-05-21,2026-05-21,60,54,5
PO001949,S037,P0149,W11,2025-03-02,2025-03-09,2025-03-14,14,13,0
PO001950,S010,P0080,W05,2025-03-07,2025-03-28,2025-03-26,66,62,3
PO001951,S037,P0263,W05,2026-05-09,2026-05-14,2026-05-12,79,74,4
PO001952,S008,P0186,W12,2025-04-15,2025-04-27,2025-04-30,74,68,3
PO001953,S010,P0014,W02,2025-01-31,2025-02-25,2025-02-25,88,81,6
PO001954,S011,P0226,W08,2025-09-25,2025-10-10,2025-10-10,34,32,1
PO001955,S033,P0194,W01,2025-12-13,2026-01-14,2026-01-21,64,56,6
PO001956,S038,P0303,W05,2026-01-25,2026-02-18,2026-02-16,147,134,13
PO001957,S010,P0132,W05,2026-01-29,2026-03-05,2026-03-04,188,167,12
PO001958,S024,P0199,W05,2025-04-13,2025-05-17,2025-05-15,94,82,10
PO001959,S028,P0270,W13,2025-03-07,2025-03-28,2025-04-04,48,42,4
PO001960,S019,P0048,W10,2025-06-20,2025-07-02,2025-06-30,51,47,4
PO001961,S008,P0206,W14,2025-07-25,2025-08-08,2025-08-07,29,27,1
PO001962,S020,P0081,W15,2025-09-10,2025-09-25,2025-09-23,36,35,1
PO001963,S022,P0170,W05,2025-03-12,2025-03-31,2025-03-30,69,63,4
PO001964,S036,P0202,W03,2026-03-28,2026-05-01,2026-04-30,69,65,4
PO001965,S023,P0322,W04,2025-11-17,2025-12-07,2025-12-07,64,59,5
PO001966,S040,P0337,W04,2025-03-22,2025-04-05,2025-04-04,69,66,0
PO001967,S040,P0158,W01,2025-02-15,2025-02-25,2025-03-08,199,193,5
PO001968,S020,P0232,W10,2026-04-20,2026-04-29,2026-04-29,101,88,9
PO001969,S038,P0001,W10,2025-01-20,2025-02-11,2025-02-10,104,94,8
PO001970,S026,P0397,W09,2026-06-27,2026-07-16,2026-07-16,18,16,1
PO001971,S029,P0191,W06,2026-02-19,2026-03-04,2026-03-04,74,70,1
PO001972,S010,P0323,W12,2025-08-12,2025-09-09,2025-09-07,43,38,4
PO001973,S006,P0133,W15,2025-05-01,2025-05-17,2025-05-17,302,290,8
PO001974,S027,P0156,W12,2025-06-23,2025-08-02,2025-07-31,36,33,3
PO001975,S032,P0014,W06,2025-01-25,2025-02-19,2025-02-19,112,105,7
PO001976,S037,P0356,W08,2026-05-03,2026-05-17,2026-05-16,176,170,5
PO001977,S030,P0356,W07,2025-11-17,2025-11-28,2025-11-26,45,41,3
PO001978,S026,P0330,W15,2026-01-03,2026-01-22,2026-01-21,24,22,2
PO001979,S035,P0238,W05,2026-05-06,2026-05-26,2026-06-04,55,50,4
PO001980,S027,P0224,W04,2026-03-30,2026-05-05,2026-05-05,181,163,13
PO001981,S027,P0116,W04,2025-07-03,2025-07-26,2025-07-24,63,59,4
PO001982,S040,P0300,W13,2025-04-05,2025-04-13,2025-04-13,35,34,0
PO001983,S014,P0046,W05,2025-03-19,2025-03-24,2025-03-23,63,58,2
PO001984,S020,P0341,W15,2026-02-25,2026-03-06,2026-03-13,85,73,8
PO001985,S018,P0048,W08,2026-02-11,2026-03-08,2026-03-20,46,41,4
PO001986,S021,P0106,W10,2025-05-03,2025-05-12,2025-05-11,15,14,1
PO001987,S040,P0246,W14,2026-02-25,2026-03-07,2026-03-06,70,66,1
PO001988,S034,P0103,W11,2025-08-23,2025-09-02,2025-09-02,16,16,0
PO001989,S002,P0195,W06,2026-04-24,2026-05-24,2026-05-22,63,58,5
PO001990,S012,P0089,W07,2025-11-01,2025-11-25,2025-11-25,108,102,3
PO001991,S035,P0243,W06,2025-03-18,2025-04-01,2025-03-30,32,28,3
PO001992,S011,P0260,W04,2025-05-31,2025-06-19,2025-06-18,149,141,7
PO001993,S015,P0097,W04,2025-11-09,2025-11-28,2025-11-28,59,51,8
PO001994,S010,P0091,W04,2025-08-21,2025-10-01,2025-09-29,209,189,13
PO001995,S018,P0288,W02,2025-06-29,2025-07-29,2025-07-28,32,28,3
PO001996,S007,P0321,W07,2026-03-13,2026-04-09,2026-04-09,165,145,19
PO001997,S023,P0274,W03,2026-04-20,2026-04-26,2026-04-25,70,63,6
PO001998,S006,P0007,W02,2025-10-06,2025-10-10,2025-10-10,42,41,1
PO001999,S039,P0163,W13,2025-09-01,2025-09-24,2025-09-23,112,109,1
PO002000,S022,P0061,W04,2025-08-29,2025-09-12,2025-09-11,17,16,0
PO002001,S031,P0156,W01,2025-09-29,2025-10-23,2025-10-21,79,73,5
PO002002,S038,P0041,W01,2025-01-26,2025-02-20,2025-02-19,51,45,4
PO002003,S007,P0300,W09,2025-02-28,2025-04-08,2025-04-16,71,61,9
PO002004,S036,P0221,W07,2026-03-01,2026-04-01,2026-03-31,40,37,2
PO002005,S027,P0053,W02,2025-10-13,2025-11-11,2025-11-11,91,84,7
PO002006,S001,P0046,W03,2026-06-30,2026-07-03,2026-07-03,142,142,0
PO002007,S018,P0323,W02,2025-10-21,2025-11-06,2025-11-06,88,76,8
PO002008,S040,P0197,W03,2025-01-26,2025-01-31,2025-01-29,28,27,1
PO002009,S004,P0061,W10,2025-05-01,2025-05-25,2025-05-25,52,47,5
PO002010,S017,P0121,W12,2025-06-27,2025-07-21,2025-07-19,18,17,0
PO002011,S036,P0237,W10,2025-05-18,2025-06-22,2025-06-20,63,58,2
PO002012,S012,P0162,W15,2025-09-16,2025-10-30,2025-10-30,58,54,3
PO002013,S027,P0285,W09,2025-06-27,2025-07-29,2025-07-28,28,25,3
PO002014,S007,P0231,W06,2025-03-18,2025-04-20,2025-04-19,37,31,5
PO002015,S017,P0294,W07,2025-12-23,2026-01-16,2026-01-14,86,81,2
PO002016,S032,P0010,W11,2025-10-04,2025-10-23,2025-10-23,134,132,2
PO002017,S014,P0203,W01,2025-07-07,2025-07-12,2025-07-11,38,36,2
PO002018,S034,P0229,W04,2026-05-23,2026-05-26,2026-06-04,81,78,3
PO002019,S022,P0306,W02,2026-01-05,2026-02-01,2026-02-01,108,100,3
PO002020,S036,P0016,W13,2025-02-15,2025-03-23,2025-03-22,46,43,1
PO002021,S016,P0284,W01,2025-08-30,2025-09-24,2025-09-24,65,57,6
PO002022,S009,P0241,W09,2025-08-23,2025-09-16,2025-09-15,148,139,7
PO002023,S037,P0309,W13,2026-02-09,2026-02-22,2026-02-21,74,70,1
PO002024,S026,P0073,W09,2025-09-22,2025-09-27,2025-09-25,32,28,3
PO002025,S021,P0056,W14,2026-05-28,2026-06-08,2026-06-08,68,59,6
PO002026,S033,P0285,W14,2026-03-08,2026-04-17,2026-04-16,50,45,4
PO002027,S026,P0268,W14,2026-05-22,2026-05-25,2026-05-23,93,81,10
PO002028,S018,P0104,W06,2025-02-13,2025-03-10,2025-03-09,41,35,5
PO002029,S018,P0050,W02,2026-02-17,2026-03-07,2026-03-13,42,37,4
PO002030,S034,P0327,W09,2026-01-20,2026-02-07,2026-02-18,32,29,2
PO002031,S008,P0150,W10,2025-07-25,2025-08-07,2025-08-07,76,70,3
PO002032,S029,P0169,W15,2025-03-09,2025-03-14,2025-03-14,55,52,1
PO002033,S015,P0034,W07,2026-02-25,2026-03-13,2026-03-11,125,109,16
PO002034,S036,P0034,W10,2025-10-02,2025-11-11,2025-11-11,97,92,4
PO002035,S031,P0344,W15,2025-01-26,2025-02-12,2025-02-10,58,54,4
PO002036,S036,P0046,W12,2025-02-17,2025-03-25,2025-03-24,80,73,3
PO002037,S019,P0030,W14,2025-01-21,2025-02-03,2025-02-03,82,76,6
PO002038,S018,P0192,W12,2025-08-09,2025-08-29,2025-08-28,36,31,4
PO002039,S020,P0259,W07,2025-04-18,2025-04-21,2025-04-21,175,153,15
PO002040,S036,P0152,W14,2025-07-02,2025-08-11,,39,36,2
PO002041,S036,P0393,W09,2025-11-25,2025-12-27,2025-12-26,40,38,2
PO002042,S016,P0230,W04,2025-06-07,2025-06-23,2025-06-23,78,75,3
PO002043,S032,P0218,W03,2025-06-20,2025-07-07,2025-07-05,159,150,3
PO002044,S040,P0192,W02,2025-10-03,2025-10-06,2025-10-06,83,81,0
PO002045,S004,P0091,W01,2026-04-18,2026-05-04,2026-05-02,127,117,10
PO002046,S033,P0183,W02,2025-05-03,2025-06-11,2025-06-10,35,32,3
PO002047,S001,P0384,W05,2025-03-11,2025-03-15,2025-03-14,73,70,2
PO002048,S028,P0188,W13,2025-02-27,2025-03-16,2025-03-16,97,88,6
PO002049,S033,P0269,W03,2025-08-18,2025-09-21,2025-09-30,33,30,2
PO002050,S014,P0177,W03,2026-01-23,2026-01-28,,69,63,5
PO002051,S026,P0349,W07,2025-05-07,2025-05-23,2025-05-21,70,64,6
PO002052,S025,P0130,W08,2025-05-28,2025-06-14,2025-06-22,185,170,12
PO002053,S017,P0289,W08,2025-04-07,2025-05-02,2025-05-01,51,48,3
PO002054,S024,P0062,W14,2025-12-25,2026-01-30,2026-01-29,51,46,3
PO002055,S006,P0244,W13,2025-05-12,2025-05-15,2025-05-14,315,297,9
PO002056,S001,P0198,W14,2025-10-05,2025-10-14,2025-10-13,132,128,3
PO002057,S010,P0374,W01,2025-11-01,2025-12-01,2025-11-30,42,37,4
PO002058,S026,P0107,W09,2025-03-24,2025-04-05,2025-04-03,162,145,17
PO002059,S009,P0057,W12,2025-07-19,2025-08-10,2025-08-09,84,77,5
PO002060,S023,P0374,W06,2025-10-24,2025-11-06,2025-11-06,105,99,6
PO002061,S025,P0187,W03,2025-08-15,2025-09-05,2025-09-05,96,93,3
PO002062,S029,P0135,W11,2025-10-24,2025-10-27,2025-10-26,78,73,4
PO002063,S018,P0279,W03,2025-10-16,2025-11-08,2025-11-06,22,20,2
PO002064,S033,P0286,W15,2026-06-21,2026-07-22,2026-07-22,88,78,6
PO002065,S003,P0372,W11,2025-04-06,2025-04-22,2025-04-20,149,142,3
PO002066,S025,P0222,W09,2025-09-21,2025-10-12,2025-10-11,23,22,1
PO002067,S032,P0197,W14,2025-04-14,2025-04-27,2025-04-27,68,68,0
PO002068,S016,P0374,W13,2026-01-20,2026-02-09,2026-02-09,41,38,2
PO002069,S016,P0091,W08,2025-11-02,2025-11-18,2025-11-18,60,55,4
PO002070,S013,P0070,W13,2025-10-20,2025-11-19,2025-11-20,179,167,8
PO002071,S007,P0390,W14,2025-01-31,2025-03-03,2025-03-01,170,149,18
PO002072,S010,P0008,W09,2026-05-16,2026-06-18,2026-06-24,45,43,1
PO002073,S034,P0102,W14,2026-06-19,2026-06-22,2026-06-20,122,112,7
PO002074,S040,P0399,W14,2026-03-16,2026-03-26,2026-03-26,14,13,0
PO002075,S018,P0291,W06,2026-05-14,2026-06-08,2026-06-07,80,72,8
PO002076,S002,P0160,W05,2025-06-07,2025-07-04,2025-07-02,141,126,9
PO002077,S037,P0396,W12,2025-01-25,2025-01-30,2025-01-28,191,183,4
PO002078,S015,P0318,W05,2026-05-25,2026-05-28,2026-05-27,64,55,6
PO002079,S025,P0012,W04,2026-01-06,2026-01-30,2026-01-28,41,39,2
PO002080,S013,P0027,W09,2026-04-02,2026-05-04,2026-05-02,45,43,1
PO002081,S023,P0185,W05,2025-06-20,2025-06-23,2025-06-29,190,173,17
PO002082,S012,P0223,W10,2025-03-03,2025-04-03,2025-04-02,34,32,1
PO002083,S029,P0217,W12,2025-06-12,2025-06-23,2025-06-22,45,42,1
PO002084,S031,P0219,W13,2026-04-18,2026-05-06,2026-05-08,48,45,3
PO002085,S012,P0059,W14,2025-12-30,2026-02-04,2026-02-02,31,29,2
PO002086,S027,P0319,W10,2026-03-09,2026-04-13,2026-04-12,81,69,8
PO002087,S034,P0329,W15,2025-11-16,2025-11-27,2025-11-27,137,119,12
PO002088,S014,P0076,W15,2025-05-02,2025-05-07,2025-05-06,64,60,4
PO002089,S001,P0321,W03,2025-10-27,2025-10-30,2025-11-04,64,61,0
PO002090,S009,P0343,W12,2026-03-16,2026-04-07,2026-04-07,198,184,10
PO002091,S001,P0278,W14,2025-08-06,2025-08-12,2025-08-10,68,68,0
PO002092,S024,P0382,W14,2025-08-17,2025-09-24,2025-09-22,76,68,5
PO002093,S039,P0265,W15,2025-05-13,2025-06-02,2025-06-04,42,39,1
PO002094,S023,P0383,W10,2026-04-01,2026-04-06,2026-04-04,51,46,5
PO002095,S020,P0141,W03,2025-12-12,2025-12-25,2025-12-25,28,26,2
PO002096,S020,P0355,W08,2025-09-02,2025-09-15,2025-09-15,64,58,4
PO002097,S025,P0018,W04,2025-10-28,2025-12-02,2025-12-02,50,46,3
PO002098,S016,P0201,W09,2025-12-02,2025-12-23,2025-12-23,107,98,9
PO002099,S024,P0385,W04,2025-07-02,2025-08-09,2025-08-08,61,55,5
PO002100,S007,P0064,W09,2025-04-11,2025-05-16,2025-05-15,65,59,6
PO002101,S010,P0020,W10,2025-04-22,2025-05-28,2025-05-28,48,42,4
PO002102,S025,P0130,W11,2026-06-19,2026-07-06,2026-07-05,98,88,6
PO002103,S006,P0135,W07,2025-11-08,2025-11-21,2025-11-20,56,54,1
PO002104,S036,P0280,W11,2026-02-23,2026-03-26,2026-03-27,48,46,0
PO002105,S016,P0218,W04,2025-10-31,2025-11-17,2025-11-16,46,43,3
PO002106,S008,P0228,W06,2025-07-25,2025-08-08,2025-08-07,128,119,7
PO002107,S004,P0212,W15,2025-02-16,2025-02-27,2025-02-25,34,31,3
PO002108,S018,P0109,W09,2026-05-28,2026-06-21,2026-06-23,76,63,10
PO002109,S007,P0061,W07,2026-06-15,2026-07-12,2026-07-11,60,54,6
PO002110,S040,P0008,W15,2026-06-04,2026-06-15,2026-06-14,221,217,2
PO002111,S015,P0230,W14,2026-02-11,2026-02-26,2026-02-25,128,111,14
PO002112,S013,P0272,W12,2026-03-06,2026-04-07,2026-04-05,96,93,0
PO002113,S016,P0366,W14,2025-05-05,2025-05-30,2025-05-30,164,144,17
PO002114,S018,P0105,W04,2025-08-21,2025-09-19,2025-09-18,305,261,34
PO002115,S039,P0393,W07,2025-05-08,2025-05-18,2025-05-27,72,68,2
PO002116,S035,P0343,W05,2025-07-14,2025-07-27,2025-08-04,58,53,5
PO002117,S020,P0352,W06,2025-07-11,2025-07-27,2025-07-27,135,122,11
PO002118,S022,P0301,W10,2025-09-05,2025-09-18,2025-09-17,24,24,0
PO002119,S032,P0131,W14,2025-04-28,2025-05-19,2025-05-17,68,66,2
PO002120,S020,P0135,W10,2026-02-14,2026-02-27,2026-02-26,36,33,3
PO002121,S035,P0363,W10,2025-11-16,2025-11-26,2025-11-26,77,66,8
PO002122,S003,P0164,W04,2026-06-06,2026-07-05,2026-07-05,52,50,1
PO002123,S010,P0111,W10,2025-12-08,2026-01-04,2026-01-03,47,43,4
PO002124,S016,P0029,W05,2025-01-25,2025-02-04,2025-02-03,52,49,3
PO002125,S014,P0113,W01,2026-04-27,2026-05-11,2026-05-09,79,76,3
PO002126,S007,P0283,W03,2025-01-05,2025-01-30,2025-01-30,79,70,7
PO002127,S038,P0188,W07,2025-03-18,2025-04-07,2025-04-05,36,34,2
PO002128,S020,P0071,W09,2026-01-09,2026-01-24,2026-01-24,19,17,1
PO002129,S024,P0330,W02,2026-04-05,2026-05-11,2026-05-09,62,55,5
PO002130,S011,P0342,W04,2025-12-01,2025-12-13,2025-12-12,56,55,1
PO002131,S037,P0233,W06,2025-05-03,2025-05-09,2025-05-08,107,105,1
PO002132,S022,P0108,W03,2025-07-29,2025-08-07,2025-08-06,22,21,0
PO002133,S038,P0305,W04,2025-05-06,2025-05-28,2025-06-09,112,103,7
PO002134,S004,P0106,W02,2025-02-02,2025-02-11,2025-02-11,38,34,4
PO002135,S014,P0326,W12,2025-01-14,2025-01-25,2025-01-27,45,41,3
PO002136,S040,P0042,W10,2026-06-30,2026-07-06,2026-07-05,17,17,0
PO002137,S013,P0114,W07,2026-03-10,2026-04-11,2026-04-10,20,19,0
PO002138,S004,P0071,W06,2026-03-30,2026-04-19,2026-04-19,90,80,8
PO002139,S029,P0007,W03,2026-06-25,2026-06-28,2026-06-27,99,96,3
PO002140,S022,P0354,W05,2026-04-15,2026-05-06,2026-05-05,66,63,3
PO002141,S035,P0138,W03,2026-06-17,2026-06-29,2026-06-30,81,73,8
PO002142,S006,P0026,W01,2026-02-10,2026-02-15,2026-02-19,129,121,5
PO002143,S032,P0366,W10,2025-11-18,2025-12-05,2025-12-05,32,32,0
PO002144,S028,P0156,W08,2025-02-01,2025-02-25,2025-02-25,27,24,2
PO002145,S029,P0069,W10,2026-06-22,2026-07-02,2026-07-14,70,64,3
PO002146,S022,P0166,W01,2025-12-01,2025-12-17,2025-12-17,69,65,3
PO002147,S006,P0387,W09,2025-06-12,2025-06-23,2025-06-21,29,28,1
PO002148,S037,P0340,W09,2025-07-06,2025-07-20,2025-07-20,125,118,4
PO002149,S039,P0356,W03,2025-07-02,2025-07-26,2025-07-26,128,120,6
PO002150,S019,P0107,W09,2025-11-20,2025-12-06,2025-12-05,161,151,7
PO002151,S010,P0112,W14,2025-09-20,2025-10-16,2025-10-16,93,81,11
PO002152,S024,P0213,W08,2025-12-15,2026-01-14,2026-01-13,120,107,7
PO002153,S008,P0135,W04,2026-04-11,2026-04-29,2026-04-27,64,60,2
PO002154,S009,P0190,W09,2025-11-05,2025-11-20,2025-11-18,52,49,2
PO002155,S013,P0156,W14,2025-07-14,2025-08-14,2025-08-14,101,96,1
PO002156,S027,P0018,W15,2026-02-19,2026-03-19,2026-03-18,121,110,7
PO002157,S038,P0152,W12,2025-11-27,2025-12-12,2025-12-11,162,143,14
PO002158,S031,P0344,W13,2026-04-05,2026-04-27,2026-04-28,58,53,4
PO002159,S030,P0328,W07,2025-04-07,2025-04-25,2025-04-24,119,103,13
PO002160,S026,P0051,W05,2025-06-16,2025-07-03,2025-07-02,73,64,6
PO002161,S014,P0039,W02,2025-03-31,2025-04-06,2025-04-05,145,135,9
PO002162,S010,P0131,W10,2025-02-09,2025-03-10,2025-03-08,38,34,3
PO002163,S036,P0040,W13,2026-03-26,2026-04-25,2026-04-30,193,182,11
PO002164,S040,P0143,W10,2026-02-13,2026-02-19,2026-02-18,101,98,1
PO002165,S030,P0064,W13,2025-03-08,2025-03-24,2025-03-22,56,53,3
PO002166,S036,P0248,W03,2026-03-17,2026-04-19,2026-04-17,37,35,2
PO002167,S029,P0015,W10,2025-07-29,2025-08-01,2025-07-30,84,79,2
PO002168,S014,P0094,W08,2025-06-25,2025-07-06,2025-07-05,154,138,16
PO002169,S021,P0352,W13,2026-06-20,2026-06-29,2026-07-11,105,90,10
PO002170,S002,P0175,W10,2025-11-17,2025-12-18,2025-12-16,55,53,2
PO002171,S017,P0070,W01,2025-03-18,2025-04-22,2025-04-22,121,108,8
PO002172,S015,P0013,W09,2026-02-27,2026-03-09,2026-03-08,116,98,13
PO002173,S040,P0058,W03,2025-07-11,2025-07-19,2025-07-18,64,63,1
PO002174,S008,P0214,W07,2026-04-28,2026-05-10,2026-05-11,62,58,1
PO002175,S010,P0122,W01,2025-07-23,2025-08-19,2025-08-27,46,43,3
PO002176,S009,P0034,W15,2025-03-13,2025-04-02,2025-04-01,79,77,2
PO002177,S003,P0147,W03,2025-01-19,2025-02-10,2025-02-09,72,72,0
PO002178,S001,P0046,W08,2025-11-07,2025-11-15,2025-11-14,37,36,1
PO002179,S038,P0133,W06,2025-02-28,2025-03-25,2025-04-01,103,97,4
PO002180,S037,P0027,W01,2026-05-02,2026-05-12,2026-05-11,52,50,0
PO002181,S018,P0288,W09,2025-07-29,2025-08-22,2025-08-21,67,57,8
PO002182,S021,P0105,W10,2025-07-08,2025-07-14,2025-07-17,93,87,6
PO002183,S011,P0094,W13,2025-05-10,2025-05-31,2025-05-31,85,79,2
PO002184,S005,P0218,W03,2026-06-21,2026-07-07,2026-07-08,321,307,5
PO002185,S036,P0148,W10,2025-12-07,2026-01-06,2026-01-05,556,516,26
PO002186,S003,P0143,W11,2025-07-07,2025-07-23,2025-07-23,72,70,2
PO002187,S012,P0195,W14,2026-06-29,2026-07-27,2026-08-07,86,83,1
PO002188,S003,P0349,W06,2026-02-01,2026-02-26,2026-02-26,54,52,1
PO002189,S007,P0341,W10,2025-06-08,2025-07-05,2025-07-04,102,90,9
PO002190,S014,P0311,W02,2025-12-07,2025-12-10,2025-12-08,47,44,2
PO002191,S034,P0171,W07,2025-12-22,2025-12-29,2025-12-27,70,65,3
PO002192,S023,P0185,W07,2025-05-09,2025-05-28,2025-05-26,72,64,6
PO002193,S026,P0332,W02,2026-04-19,2026-04-26,2026-04-25,57,50,6
PO002194,S026,P0259,W14,2026-06-03,2026-06-18,2026-06-17,74,68,6
PO002195,S030,P0376,W03,2025-05-27,2025-05-30,2025-05-30,111,101,10
PO002196,S036,P0245,W07,2025-05-05,2025-06-12,2025-06-10,58,55,3
PO002197,S025,P0307,W05,2025-09-11,2025-10-07,2025-10-06,128,122,4
PO002198,S028,P0396,W06,2025-11-12,2025-12-03,2025-12-01,38,35,2
PO002199,S029,P0232,W15,2025-03-28,2025-03-31,2025-03-31,69,64,3
PO002200,S010,P0293,W06,2025-11-20,2025-12-23,2025-12-22,42,37,3
PO002201,S012,P0244,W07,2026-04-08,2026-04-25,2026-05-01,41,37,2
PO002202,S022,P0212,W01,2025-06-17,2025-06-25,2025-06-24,36,35,1
PO002203,S026,P0361,W01,2025-08-05,2025-08-16,2025-08-15,75,64,9
PO002204,S021,P0290,W13,2025-10-07,2025-10-13,2025-10-13,10,9,1
PO002205,S004,P0300,W03,2025-10-11,2025-11-07,2025-11-07,51,44,5
PO002206,S026,P0043,W14,2025-02-02,2025-02-24,2025-02-22,48,42,4
PO002207,S018,P0324,W06,2026-04-11,2026-05-05,2026-05-16,268,241,23
PO002208,S023,P0204,W15,2026-06-25,2026-07-11,2026-07-10,53,50,3
PO002209,S032,P0326,W10,2025-05-07,2025-05-10,2025-05-09,141,131,5
PO002210,S020,P0086,W12,2025-07-01,2025-07-15,2025-07-13,147,128,13
PO002211,S028,P0078,W03,2025-11-13,2025-11-27,2025-11-26,77,69,5
PO002212,S036,P0303,W15,2026-03-05,2026-04-04,2026-04-03,60,54,4
PO002213,S020,P0029,W08,2025-10-30,2025-11-07,2025-11-05,64,56,7
PO002214,S013,P0292,W12,2025-04-25,2025-05-24,2025-05-24,73,72,1
PO002215,S038,P0184,W15,2026-05-31,2026-06-19,2026-06-18,158,144,12
PO002216,S040,P0073,W08,2025-07-28,2025-08-07,2025-08-05,54,52,0
PO002217,S011,P0078,W05,2025-02-27,2025-03-11,2025-03-15,33,32,1
PO002218,S001,P0356,W10,2025-12-07,2025-12-10,2025-12-22,96,94,1
PO002219,S011,P0239,W10,2025-11-01,2025-11-14,2025-11-13,106,102,1
PO002220,S026,P0316,W05,2025-01-26,2025-02-03,2025-02-03,46,41,4
PO002221,S011,P0300,W15,2026-06-06,2026-06-14,2026-06-13,84,78,2
PO002222,S010,P0074,W14,2026-04-28,2026-05-24,2026-05-24,111,101,9
PO002223,S030,P0135,W02,2025-03-01,2025-03-23,2025-03-23,51,46,4
PO002224,S029,P0126,W11,2025-11-13,2025-11-18,2025-11-16,93,86,3
PO002225,S008,P0003,W02,2025-07-27,2025-08-03,2025-08-03,23,21,1
PO002226,S025,P0063,W03,2025-07-14,2025-07-27,2025-07-27,72,65,4
PO002227,S006,P0352,W14,2026-04-18,2026-04-21,2026-04-21,85,78,4
PO002228,S002,P0140,W05,2025-11-23,2025-12-20,2025-12-18,106,99,7
PO002229,S002,P0352,W03,2025-02-19,2025-03-16,2025-03-16,14,14,0
PO002230,S011,P0199,W03,2025-06-28,2025-07-02,2025-06-30,166,158,3
PO002231,S007,P0130,W04,2026-06-24,2026-07-22,2026-07-21,142,124,14
PO002232,S024,P0195,W02,2026-04-18,2026-05-25,2026-05-23,34,29,4
PO002233,S008,P0050,W10,2025-07-02,2025-07-17,2025-07-17,116,109,3
PO002234,S012,P0318,W08,2025-12-07,2026-01-10,2026-01-13,19,18,1
PO002235,S004,P0128,W09,2025-12-14,2025-12-26,2025-12-24,67,60,5
PO002236,S036,P0076,W05,2025-10-02,2025-11-13,2025-11-13,78,73,4
PO002237,S024,P0195,W05,2026-03-07,2026-04-05,2026-04-04,62,57,4
PO002238,S032,P0207,W06,2025-02-28,2025-03-19,2025-03-18,67,64,2
PO002239,S028,P0337,W09,2025-12-14,2026-01-05,2026-01-03,61,55,4
PO002240,S033,P0329,W14,2026-06-19,2026-07-26,2026-07-24,57,53,4
PO002241,S018,P0376,W01,2025-03-19,2025-04-13,2025-04-12,41,37,3
PO002242,S006,P0278,W15,2025-02-23,2025-03-02,2025-02-28,44,41,1
PO002243,S031,P0202,W11,2025-12-28,2026-01-15,2026-01-13,27,25,1
PO002244,S021,P0116,W14,2026-02-07,2026-02-16,2026-02-16,232,203,22
PO002245,S019,P0337,W08,2026-05-01,2026-05-26,2026-05-26,130,120,7
PO002246,S002,P0090,W08,2025-06-08,2025-07-06,2025-07-06,34,33,1
PO002247,S027,P0175,W12,2025-10-20,2025-11-19,2025-11-19,152,136,11
PO002248,S030,P0174,W06,2026-02-01,2026-02-20,2026-02-18,75,66,6
PO002249,S015,P0184,W09,2026-04-08,2026-04-26,2026-04-24,32,28,3
PO002250,S024,P0192,W06,2026-01-12,2026-02-09,2026-02-08,74,66,6
PO002251,S035,P0068,W14,2025-06-22,2025-07-11,2025-07-18,73,64,7
PO002252,S034,P0038,W13,2026-05-14,2026-05-26,2026-05-24,73,65,6
PO002253,S037,P0036,W05,2026-03-28,2026-04-15,2026-04-15,38,37,0
PO002254,S033,P0189,W15,2025-07-23,2025-08-29,2025-08-29,68,64,4
PO002255,S027,P0149,W12,2026-03-10,2026-04-02,2026-04-02,89,82,6
PO002256,S029,P0357,W07,2025-01-09,2025-01-27,2025-01-27,40,39,0
PO002257,S010,P0379,W02,2025-03-09,2025-04-08,2025-04-08,20,18,1
PO002258,S025,P0171,W09,2025-12-25,2026-01-16,2026-01-14,120,114,6
PO002259,S006,P0151,W10,2025-02-17,2025-02-25,2025-03-02,62,61,1
PO002260,S030,P0317,W13,2025-01-16,2025-01-29,2025-01-27,144,126,13
PO002261,S028,P0372,W03,2025-01-06,2025-01-30,2025-01-29,150,136,13
PO002262,S023,P0213,W07,2025-04-05,2025-04-22,2025-04-21,64,59,5
PO002263,S038,P0135,W05,2025-11-11,2025-12-05,2025-12-04,18,16,1
PO002264,S027,P0029,W05,2025-04-20,2025-05-17,2025-05-16,234,208,15
PO002265,S010,P0148,W06,2026-03-04,2026-04-02,2026-04-02,77,69,5
PO002266,S018,P0127,W11,2026-05-30,2026-06-25,2026-06-25,73,62,8
PO002267,S037,P0252,W11,2025-07-16,2025-07-25,2025-07-24,318,305,12
PO002268,S012,P0290,W07,2026-01-29,2026-03-12,2026-03-16,107,101,2
PO002269,S037,P0287,W09,2025-03-08,2025-03-15,2025-03-15,99,94,2
PO002270,S022,P0180,W04,2026-05-11,2026-05-23,2026-05-31,153,147,4
PO002271,S007,P0137,W15,2025-02-13,2025-03-16,2025-03-15,55,47,7
PO002272,S033,P0230,W11,2025-09-07,2025-10-02,2025-10-08,36,34,2
PO002273,S014,P0279,W08,2025-09-03,2025-09-15,2025-09-19,121,110,6
PO002274,S018,P0256,W06,2025-01-15,2025-02-02,2025-01-31,113,97,12
PO002275,S009,P0005,W10,2026-01-15,2026-02-04,2026-02-04,46,43,1
PO002276,S023,P0293,W10,2025-01-29,2025-02-14,2025-02-12,59,55,3
PO002277,S027,P0331,W14,2025-02-19,2025-03-25,2025-03-24,75,71,4
PO002278,S021,P0152,W03,2025-07-26,2025-08-13,2025-08-13,113,102,10
PO002279,S026,P0015,W05,2026-05-10,2026-06-02,2026-06-02,86,77,8
PO002280,S040,P0148,W13,2025-01-08,2025-01-11,2025-01-09,272,262,7
PO002281,S005,P0008,W10,2025-10-16,2025-11-16,2025-11-15,52,50,0
PO002282,S006,P0065,W09,2025-07-27,2025-08-03,2025-08-02,150,140,7
PO002283,S015,P0327,W02,2026-01-15,2026-02-02,2026-02-01,148,128,19
PO002284,S003,P0280,W06,2025-06-03,2025-06-21,2025-06-21,80,72,4
PO002285,S034,P0121,W09,2025-01-26,2025-02-04,2025-02-04,105,96,7
PO002286,S039,P0182,W05,2025-09-23,2025-10-08,2025-10-17,53,52,1
PO002287,S012,P0004,W12,2026-01-31,2026-03-02,2026-02-28,135,128,6
PO002288,S005,P0346,W03,2025-04-03,2025-05-04,2025-05-04,161,154,7
PO002289,S036,P0069,W11,2025-02-12,2025-03-08,2025-03-06,78,77,1
PO002290,S001,P0330,W13,2026-06-13,2026-06-24,2026-07-06,193,181,4
PO002291,S037,P0064,W02,2026-06-15,2026-06-18,2026-06-17,106,102,4
PO002292,S036,P0138,W03,2025-12-18,2026-01-13,2026-01-11,133,122,9
PO002293,S014,P0155,W06,2026-03-07,2026-03-10,2026-03-10,18,18,0
PO002294,S011,P0160,W05,2025-02-05,2025-02-16,2025-02-15,70,69,1
PO002295,S010,P0095,W06,2026-05-23,2026-06-22,2026-06-21,37,34,3
PO002296,S028,P0383,W03,2025-05-09,2025-06-06,2025-06-04,86,78,6
PO002297,S038,P0231,W09,2025-08-20,2025-09-07,2025-09-06,22,20,1
PO002298,S012,P0143,W13,2026-03-09,2026-04-15,2026-04-14,34,32,1
PO002299,S028,P0258,W12,2026-06-18,2026-07-20,2026-07-18,88,79,8
PO002300,S040,P0380,W15,2026-04-20,2026-05-02,2026-04-30,67,64,1
PO002301,S004,P0385,W07,2026-01-28,2026-02-23,2026-03-07,110,97,12
PO002302,S035,P0375,W10,2025-12-30,2026-01-14,2026-01-13,42,37,3
PO002303,S001,P0362,W08,2026-02-28,2026-03-14,2026-03-13,69,66,2
PO002304,S008,P0128,W10,2025-05-27,2025-06-11,2025-06-10,110,100,6
PO002305,S001,P0378,W14,2026-05-15,2026-05-24,2026-05-22,25,24,0
PO002306,S001,P0231,W04,2026-03-15,2026-03-20,2026-03-20,109,103,4
PO002307,S030,P0385,W11,2025-09-23,2025-10-12,2025-10-11,25,23,1
PO002308,S019,P0277,W13,2026-04-26,2026-05-22,2026-05-22,29,28,1
PO002309,S025,P0125,W11,2026-04-11,2026-05-10,2026-05-09,206,187,10
PO002310,S003,P0048,W01,2025-04-28,2025-05-20,2025-05-20,61,58,0
PO002311,S021,P0250,W13,2026-02-28,2026-03-03,2026-03-02,204,179,16
PO002312,S024,P0224,W08,2025-02-14,2025-03-28,2025-03-28,125,111,11
PO002313,S017,P0013,W15,2025-05-08,2025-06-07,2025-06-07,33,32,1
PO002314,S005,P0032,W15,2026-05-31,2026-06-20,2026-06-20,58,58,0
PO002315,S009,P0065,W12,2026-05-04,2026-05-29,2026-05-27,69,66,3
PO002316,S007,P0365,W12,2026-06-16,2026-07-17,2026-07-15,61,53,5
PO002317,S034,P0394,W14,2026-04-18,2026-04-21,2026-04-19,138,132,5
PO002318,S009,P0164,W11,2025-01-18,2025-02-02,2025-01-31,163,157,5
PO002319,S023,P0181,W01,2026-02-20,2026-03-14,2026-03-13,13,11,1
PO002320,S004,P0169,W12,2026-02-06,2026-02-22,2026-02-20,18,16,1
PO002321,S007,P0183,W04,2025-11-25,2025-12-11,2025-12-10,74,64,9
PO002322,S030,P0095,W14,2026-02-07,2026-02-27,2026-02-26,54,49,4
PO002323,S013,P0246,W13,2025-12-30,2026-01-27,2026-01-26,47,46,0
PO002324,S036,P0045,W05,2025-09-17,2025-10-17,2025-10-17,43,39,3
PO002325,S040,P0165,W03,2025-10-08,2025-10-21,2025-10-20,107,107,0
PO002326,S010,P0062,W06,2025-07-09,2025-08-13,2025-08-24,108,100,7
PO002327,S038,P0334,W04,2026-03-23,2026-04-16,2026-04-19,125,112,7
PO002328,S022,P0149,W14,2025-11-17,2025-12-10,2025-12-08,55,52,2
PO002329,S028,P0059,W08,2026-06-05,2026-06-28,2026-06-28,22,21,1
PO002330,S027,P0367,W09,2026-02-06,2026-03-09,2026-03-07,62,53,7
PO002331,S014,P0345,W08,2025-11-08,2025-11-19,2025-11-17,50,44,4
PO002332,S022,P0275,W13,2025-12-27,2026-01-06,2026-01-06,58,55,1
PO002333,S036,P0060,W12,2026-05-02,2026-05-31,2026-05-31,117,107,6
PO002334,S025,P0398,W15,2025-07-14,2025-08-08,2025-08-07,41,40,1
PO002335,S026,P0362,W07,2025-03-06,2025-04-01,2025-03-31,98,88,9
PO002336,S003,P0359,W12,2025-05-13,2025-06-14,2025-06-13,26,26,0
PO002337,S026,P0229,W11,2025-05-25,2025-06-13,2025-06-11,12,11,1
PO002338,S035,P0275,W13,2026-03-14,2026-03-30,2026-03-29,56,49,6
PO002339,S038,P0386,W13,2025-03-14,2025-03-30,2025-03-29,69,61,6
PO002340,S032,P0144,W07,2026-03-08,2026-03-30,2026-03-29,97,93,4
PO002341,S004,P0329,W04,2025-05-17,2025-06-06,2025-06-06,51,47,4
PO002342,S006,P0303,W14,2025-03-11,2025-03-22,2025-03-21,52,50,1
PO002343,S029,P0103,W09,2025-11-18,2025-11-29,2025-12-01,98,92,5
PO002344,S002,P0056,W13,2025-10-07,2025-10-25,2025-10-23,91,84,5
PO002345,S016,P0268,W15,2025-10-23,2025-11-07,2025-11-05,111,101,8
PO002346,S039,P0076,W11,2025-09-18,2025-10-04,2025-10-04,78,74,2
PO002347,S028,P0012,W12,2025-04-20,2025-05-20,2025-05-18,20,19,1
PO002348,S011,P0018,W10,2025-06-21,2025-07-12,2025-07-10,60,60,0
PO002349,S004,P0060,W15,2026-06-29,2026-07-11,2026-07-09,20,19,1
PO002350,S026,P0276,W14,2025-08-18,2025-08-24,2025-08-27,59,52,6
PO002351,S040,P0074,W06,2025-11-26,2025-11-29,2025-11-27,131,126,2
PO002352,S031,P0193,W09,2025-12-22,2026-01-01,2026-01-01,66,58,5
PO002353,S030,P0256,W06,2025-02-22,2025-03-06,2025-03-05,31,27,3
PO002354,S040,P0315,W15,2025-05-31,2025-06-20,2025-06-18,121,119,2
PO002355,S001,P0245,W03,2026-05-02,2026-05-08,2026-05-08,55,54,1
PO002356,S021,P0346,W10,2025-07-27,2025-07-31,2025-08-05,19,17,1
PO002357,S039,P0338,W08,2026-01-22,2026-02-21,2026-02-24,117,112,4
PO002358,S017,P0096,W06,2025-04-30,2025-05-31,2025-05-31,92,87,5
PO002359,S012,P0095,W08,2026-06-20,2026-07-19,2026-07-19,153,139,9
PO002360,S012,P0115,W15,2025-07-29,2025-08-29,2025-08-27,81,76,4
PO002361,S012,P0291,W05,2025-07-02,2025-08-09,2025-08-07,174,160,7
PO002362,S018,P0005,W08,2026-01-01,2026-01-29,2026-01-29,32,28,3
PO002363,S037,P0030,W09,2026-02-16,2026-02-22,2026-02-20,58,56,1
PO002364,S035,P0192,W13,2026-04-23,2026-05-11,2026-05-19,157,136,20
PO002365,S029,P0130,W03,2025-12-02,2025-12-08,2025-12-08,103,100,3
PO002366,S005,P0036,W04,2026-04-30,2026-05-19,2026-05-17,17,16,0
PO002367,S017,P0325,W07,2025-07-24,2025-08-18,2025-08-17,51,49,2
PO002368,S028,P0216,W04,2025-04-27,2025-05-17,2025-05-15,51,48,3
PO002369,S002,P0023,W12,2025-11-22,2025-12-11,2025-12-11,52,48,3
PO002370,S017,P0028,W08,2025-07-09,2025-08-03,2025-08-14,25,24,0
PO002371,S031,P0194,W05,2025-08-09,2025-08-26,2025-08-25,186,167,15
PO002372,S012,P0175,W02,2026-01-04,2026-01-28,2026-01-27,56,53,2
PO002373,S021,P0057,W15,2025-05-27,2025-05-30,2025-05-28,174,151,16
PO002374,S025,P0310,W11,2026-06-20,2026-07-22,2026-07-21,174,157,10
PO002375,S027,P0324,W03,2025-07-26,2025-08-25,2025-08-25,24,21,2
PO002376,S016,P0113,W09,2025-07-15,2025-07-23,2025-07-23,73,67,4
PO002377,S005,P0236,W12,2025-06-11,2025-07-09,2025-07-08,70,67,3
PO002378,S019,P0284,W07,2026-06-10,2026-07-07,2026-07-06,160,153,6
PO002379,S012,P0351,W06,2025-11-25,2025-12-24,2025-12-29,38,35,2
PO002380,S009,P0293,W02,2026-02-15,2026-03-08,2026-03-07,22,21,0
PO002381,S019,P0331,W11,2026-05-11,2026-05-23,2026-05-23,159,146,11
PO002382,S016,P0187,W14,2025-04-20,2025-05-07,2025-05-14,70,63,7
PO002383,S015,P0353,W14,2025-03-24,2025-04-08,2025-04-16,34,29,4
PO002384,S025,P0115,W01,2025-08-17,2025-09-11,2025-09-11,52,47,3
PO002385,S016,P0095,W14,2025-10-05,2025-10-24,2025-10-24,55,51,3
PO002386,S034,P0062,W08,2026-03-29,2026-04-01,2026-04-09,71,65,5
PO002387,S008,P0353,W15,2026-01-12,2026-01-21,2026-01-23,85,78,3
PO002388,S033,P0109,W04,2025-03-12,2025-04-18,2025-04-16,68,63,5
PO002389,S014,P0250,W07,2025-03-09,2025-03-27,2025-03-27,13,12,0
PO002390,S031,P0316,W13,2026-06-23,2026-07-10,2026-07-08,109,98,7
PO002391,S003,P0367,W01,2025-05-11,2025-06-06,2025-06-05,176,164,9
PO002392,S037,P0384,W03,2025-04-03,2025-04-07,2025-04-07,53,50,3
PO002393,S013,P0006,W02,2025-11-23,2025-12-22,2025-12-20,58,56,2
PO002394,S026,P0360,W02,2025-09-08,2025-09-21,2025-09-19,51,44,5
PO002395,S016,P0034,W10,2025-07-27,2025-08-11,2025-08-10,75,65,8
PO002396,S033,P0047,W12,2025-06-15,2025-07-18,2025-07-18,104,93,9
PO002397,S017,P0263,W07,2025-12-27,2026-01-27,2026-02-06,56,52,4
PO002398,S002,P0065,W11,2025-07-14,2025-08-10,2025-08-08,71,64,7
PO002399,S024,P0386,W14,2025-08-04,2025-09-08,2025-09-07,35,32,2
PO002400,S035,P0397,W13,2025-09-17,2025-09-25,2025-09-25,81,70,7
PO002401,S012,P0312,W09,2026-03-09,2026-04-16,2026-04-20,66,61,4
PO002402,S005,P0339,W03,2025-02-02,2025-02-18,2025-02-18,178,170,3
PO002403,S004,P0047,W04,2025-01-24,2025-02-13,2025-02-12,149,129,14
PO002404,S004,P0313,W03,2026-05-23,2026-06-10,2026-06-08,32,29,3
PO002405,S035,P0081,W10,2025-12-19,2025-12-29,2025-12-29,15,13,1
PO002406,S014,P0384,W03,2025-12-08,2025-12-23,2025-12-21,71,65,3
PO002407,S006,P0320,W15,2025-02-11,2025-02-16,2025-02-14,171,166,4
PO002408,S012,P0261,W01,2026-04-06,2026-05-12,2026-05-12,95,90,5
PO002409,S009,P0180,W15,2026-01-08,2026-01-23,2026-01-23,172,161,4
PO002410,S038,P0389,W06,2026-06-27,2026-07-19,2026-07-26,75,66,6
PO002411,S030,P0018,W10,2025-06-05,2025-06-27,2025-06-26,44,41,3
PO002412,S021,P0149,W11,2026-02-20,2026-03-10,2026-03-18,69,62,6
PO002413,S032,P0103,W14,2025-06-18,2025-07-11,2025-07-09,108,101,6
PO002414,S040,P0287,W04,2025-11-21,2025-11-29,2025-11-28,55,53,2
PO002415,S031,P0153,W04,2025-07-07,2025-07-29,2025-07-27,39,36,3
PO002416,S013,P0355,W05,2025-01-07,2025-02-04,2025-02-04,182,174,1
PO002417,S010,P0334,W08,2025-04-16,2025-05-08,2025-05-06,21,18,2
PO002418,S031,P0128,W08,2026-01-02,2026-01-20,2026-01-19,38,35,2
PO002419,S005,P0327,W07,2025-07-08,2025-07-28,2025-08-04,51,51,0
PO002420,S019,P0047,W06,2025-12-27,2026-01-22,2026-01-22,210,193,8
PO002421,S023,P0240,W03,2025-10-09,2025-10-17,2025-10-27,68,61,4
PO002422,S013,P0157,W01,2025-10-25,2025-11-20,2025-11-19,38,36,1
PO002423,S004,P0311,W07,2026-03-04,2026-03-28,2026-03-28,39,37,2
PO002424,S011,P0036,W05,2026-02-20,2026-03-11,2026-03-18,23,21,1
PO002425,S004,P0318,W14,2025-12-30,2026-01-20,2026-01-19,41,35,4
PO002426,S032,P0332,W06,2026-06-15,2026-07-01,2026-07-01,50,49,1
PO002427,S012,P0293,W12,2026-06-08,2026-07-07,2026-07-07,88,83,5
PO002428,S019,P0282,W14,2025-05-06,2025-05-23,2025-05-23,141,128,7
PO002429,S037,P0259,W02,2025-02-13,2025-03-02,2025-03-01,79,73,5
PO002430,S038,P0117,W15,2026-05-25,2026-06-22,2026-06-20,40,35,3
PO002431,S027,P0288,W08,2025-03-31,2025-05-05,2025-05-04,90,78,8
PO002432,S016,P0027,W06,2025-08-13,2025-08-28,2025-08-27,36,32,3
PO002433,S014,P0248,W14,2026-04-22,2026-04-27,2026-04-27,44,42,2
PO002434,S022,P0323,W12,2025-05-31,2025-06-17,2025-06-16,55,53,2
PO002435,S006,P0285,W06,2025-05-20,2025-05-24,2025-05-23,38,37,0
PO002436,S009,P0144,W11,2026-01-08,2026-02-03,2026-02-01,119,112,6
PO002437,S027,P0122,W01,2025-10-22,2025-11-17,2025-11-15,117,106,7
PO002438,S026,P0352,W15,2026-01-23,2026-01-30,2026-01-30,34,32,2
PO002439,S019,P0272,W04,2025-11-22,2025-12-09,2025-12-08,35,35,0
PO002440,S015,P0114,W02,2025-06-02,2025-06-16,2025-06-14,140,124,15
PO002441,S024,P0066,W04,2025-01-28,2025-03-10,2025-03-08,52,49,3
PO002442,S015,P0316,W09,2026-01-25,2026-02-18,2026-02-16,88,74,12
PO002443,S022,P0056,W02,2026-02-16,2026-03-07,2026-03-05,104,99,3
PO002444,S026,P0269,W02,2025-04-15,2025-05-03,2025-05-02,96,81,11
PO002445,S040,P0008,W15,2026-06-23,2026-07-04,2026-07-02,78,77,0
PO002446,S003,P0087,W05,2025-12-19,2026-01-07,2026-01-05,64,62,0
PO002447,S002,P0127,W09,2025-12-11,2025-12-25,2025-12-24,42,39,2
PO002448,S032,P0164,W07,2026-04-11,2026-04-25,2026-04-24,21,20,0
PO002449,S038,P0395,W06,2025-05-09,2025-05-22,2025-05-28,33,31,2
PO002450,S038,P0293,W13,2026-02-26,2026-03-22,2026-03-21,59,54,3
PO002451,S005,P0206,W05,2025-01-11,2025-01-29,2025-01-28,40,38,0
PO002452,S021,P0352,W09,2025-07-12,2025-07-22,2025-07-20,23,21,1
PO002453,S020,P0095,W08,2026-01-19,2026-01-29,2026-01-28,300,270,27
PO002454,S020,P0397,W14,2025-03-03,2025-03-16,2025-03-16,43,37,4
PO002455,S013,P0155,W02,2025-12-31,2026-01-26,2026-01-26,68,62,3
PO002456,S036,P0202,W06,2026-06-04,2026-07-06,2026-07-07,110,105,5
PO002457,S008,P0334,W09,2025-07-25,2025-08-03,2025-08-06,87,84,3
PO002458,S015,P0035,W04,2025-06-23,2025-07-17,2025-07-18,152,130,19
PO002459,S022,P0256,W11,2026-03-15,2026-03-26,2026-04-02,50,49,1
PO002460,S009,P0026,W13,2025-04-30,2025-05-24,2025-05-25,38,36,1
PO002461,S016,P0145,W14,2026-03-13,2026-04-01,2026-03-30,131,116,11
PO002462,S012,P0144,W07,2026-02-01,2026-02-24,2026-02-23,58,53,3
PO002463,S003,P0395,W11,2025-04-21,2025-05-09,2025-05-07,124,120,4
PO002464,S019,P0349,W06,2025-11-10,2025-11-27,2025-11-28,46,43,2
PO002465,S039,P0099,W03,2026-05-21,2026-06-14,2026-06-14,65,63,2
PO002466,S027,P0043,W04,2025-01-08,2025-02-12,2025-02-12,56,50,4
PO002467,S034,P0024,W03,2026-03-15,2026-03-19,2026-03-24,100,93,6
PO002468,S016,P0255,W04,2025-03-13,2025-04-02,2025-03-31,126,117,9
PO002469,S033,P0299,W08,2025-09-19,2025-10-14,2025-10-14,28,25,2
PO002470,S022,P0299,W09,2026-01-30,2026-02-09,2026-02-07,19,18,0
PO002471,S037,P0068,W11,2026-01-15,2026-01-18,2026-01-16,82,79,3
PO002472,S032,P0026,W06,2025-09-18,2025-10-08,2025-10-06,131,123,3
PO002473,S015,P0286,W12,2025-03-12,2025-04-06,2025-04-08,160,138,16
PO002474,S015,P0374,W11,2026-01-20,2026-02-10,2026-02-10,40,34,4
PO002475,S032,P0213,W14,2026-02-16,2026-03-11,2026-03-09,64,62,2
PO002476,S017,P0266,W04,2025-12-06,2025-12-31,2025-12-30,106,101,4
PO002477,S027,P0114,W07,2026-04-03,2026-05-03,2026-05-04,60,56,3
PO002478,S040,P0049,W07,2026-06-18,2026-07-04,2026-07-14,48,45,1
PO002479,S004,P0065,W02,2025-11-05,2025-11-20,2025-11-19,30,28,2
PO002480,S014,P0231,W07,2026-01-24,2026-02-06,2026-02-05,266,238,24
PO002481,S014,P0365,W15,2026-03-18,2026-03-28,2026-03-28,202,180,15
PO002482,S001,P0333,W08,2025-08-09,2025-08-22,2025-08-22,68,64,1
PO002483,S002,P0038,W08,2026-05-17,2026-06-09,2026-06-09,84,74,7
PO002484,S006,P0135,W10,2025-03-04,2025-03-20,2025-03-19,32,31,1
PO002485,S018,P0082,W01,2025-07-19,2025-08-11,2025-08-11,143,126,14
PO002486,S028,P0195,W13,2025-05-21,2025-06-12,2025-06-15,52,49,3
PO002487,S022,P0389,W13,2025-06-16,2025-06-29,2025-06-29,124,115,7
PO002488,S003,P0311,W14,2026-05-25,2026-06-25,2026-06-24,258,243,12
PO002489,S019,P0270,W11,2025-06-29,2025-07-08,2025-07-06,44,41,1
PO002490,S003,P0385,W04,2025-12-25,2026-01-19,2026-01-18,82,77,3
PO002491,S037,P0239,W13,2025-06-23,2025-07-04,2025-07-03,112,107,4
PO002492,S004,P0206,W14,2025-01-14,2025-02-01,2025-02-04,86,73,9
PO002493,S005,P0066,W14,2026-06-28,2026-07-16,2026-07-16,102,101,0
PO002494,S011,P0262,W09,2025-10-12,2025-10-22,2025-10-30,50,49,1
PO002495,S034,P0021,W11,2026-04-18,2026-04-21,2026-04-29,35,34,1
PO002496,S038,P0154,W10,2025-08-12,2025-09-08,2025-09-11,56,50,4
PO002497,S036,P0148,W13,2025-01-25,2025-03-01,2025-02-27,127,120,2
PO002498,S008,P0032,W07,2025-10-20,2025-10-30,2025-10-29,34,32,1
PO002499,S007,P0105,W09,2025-05-07,2025-06-02,2025-06-02,56,47,7
PO002500,S038,P0203,W12,2026-03-13,2026-04-04,2026-04-03,87,81,6
PO002501,S028,P0200,W10,2025-01-15,2025-02-09,2025-02-09,89,77,8
PO002502,S039,P0391,W09,2026-06-01,2026-06-29,2026-06-27,130,123,7
PO002503,S021,P0339,W08,2026-02-06,2026-02-09,2026-02-20,45,39,5
PO002504,S022,P0092,W05,2026-01-06,2026-01-20,2026-01-19,27,25,1
PO002505,S011,P0141,W11,2026-06-09,2026-06-22,2026-06-22,90,88,0
PO002506,S014,P0175,W06,2025-06-19,2025-06-22,2025-06-20,59,55,4
PO002507,S031,P0169,W13,2025-07-30,2025-08-20,2025-08-18,24,22,1
PO002508,S024,P0296,W09,2025-02-12,2025-03-28,2025-03-28,35,33,2
PO002509,S018,P0141,W10,2025-04-10,2025-05-10,2025-05-09,59,53,6
PO002510,S026,P0196,W03,2025-12-03,2025-12-15,2025-12-15,111,96,11
PO002511,S003,P0102,W02,2025-10-02,2025-10-24,2025-10-22,156,146,7
PO002512,S023,P0355,W06,2025-10-23,2025-10-31,2025-10-29,131,119,11
PO002513,S001,P0304,W10,2025-04-09,2025-04-12,2025-04-10,51,51,0
PO002514,S035,P0160,W13,2025-11-01,2025-11-16,2025-11-25,83,72,7
PO002515,S037,P0135,W03,2025-08-29,2025-09-11,2025-09-09,73,66,4
PO002516,S036,P0098,W09,2026-05-28,2026-06-26,2026-06-25,62,58,3
PO002517,S005,P0270,W15,2025-10-22,2025-11-04,2025-11-03,79,76,1
PO002518,S036,P0255,W14,2026-01-11,2026-02-17,2026-02-16,71,63,5
PO002519,S019,P0109,W05,2026-06-19,2026-07-03,2026-07-02,50,46,2
PO002520,S031,P0331,W04,2025-09-15,2025-10-03,2025-10-03,146,134,10
PO002521,S009,P0275,W13,2025-12-19,2025-12-26,2025-12-31,479,443,27
PO002522,S032,P0054,W02,2025-11-24,2025-12-04,2025-12-02,58,55,2
PO002523,S006,P0325,W05,2025-01-28,2025-02-07,2025-02-06,127,123,3
PO002524,S028,P0223,W03,2025-01-02,2025-01-28,2025-01-28,54,48,4
PO002525,S036,P0158,W05,2025-05-19,2025-06-24,2025-06-23,120,110,5
PO002526,S009,P0392,W02,2025-03-30,2025-04-20,2025-04-20,40,40,0
PO002527,S027,P0286,W07,2025-07-12,2025-08-19,2025-08-18,40,36,3
PO002528,S014,P0016,W04,2025-12-22,2026-01-01,2026-01-01,21,20,1
PO002529,S020,P0122,W05,2026-04-23,2026-05-05,2026-05-14,36,33,3
PO002530,S030,P0081,W08,2025-08-23,2025-09-05,2025-09-05,89,78,7
PO002531,S036,P0259,W01,2025-05-07,2025-06-14,2025-06-13,47,45,1
PO002532,S033,P0341,W09,2025-01-12,2025-02-23,2025-02-21,112,102,9
PO002533,S024,P0248,W14,2025-07-28,2025-08-16,2025-08-25,26,24,1
PO002534,S011,P0304,W04,2025-05-11,2025-05-30,2025-05-28,138,135,2
PO002535,S014,P0284,W15,2025-10-31,2025-11-03,2025-11-02,79,74,5
PO002536,S009,P0257,W09,2025-06-01,2025-06-22,2025-06-21,44,41,3
PO002537,S034,P0180,W11,2025-02-03,2025-02-17,2025-02-15,43,38,3
PO002538,S034,P0185,W11,2025-12-26,2026-01-06,2026-01-05,91,80,7
PO002539,S012,P0030,W09,2025-02-17,2025-03-29,2025-04-08,33,31,1
PO002540,S008,P0046,W07,2025-03-11,2025-03-28,2025-03-28,103,94,5
PO002541,S033,P0290,W15,2026-04-12,2026-05-12,2026-05-10,45,41,4
PO002542,S024,P0179,W08,2025-08-30,2025-09-30,2025-09-28,101,94,7
PO002543,S024,P0055,W15,2026-05-30,2026-06-27,2026-06-26,90,83,6
PO002544,S029,P0184,W05,2025-03-24,2025-04-04,2025-04-03,81,76,1
PO002545,S016,P0354,W02,2026-02-04,2026-02-15,2026-02-14,41,35,4
PO002546,S026,P0322,W10,2025-06-01,2025-06-19,2025-06-18,42,36,4
PO002547,S037,P0011,W01,2026-04-19,2026-04-26,2026-04-25,74,72,1
PO002548,S024,P0336,W07,2025-11-16,2025-12-21,2025-12-21,151,135,11
PO002549,S003,P0188,W13,2025-11-29,2025-12-26,2025-12-24,48,44,2
PO002550,S037,P0203,W01,2025-02-14,2025-03-02,2025-02-28,35,33,1
PO002551,S036,P0012,W12,2025-08-05,2025-09-04,2025-09-02,157,147,8
PO002552,S024,P0283,W09,2025-05-23,2025-06-12,2025-06-11,48,45,3
PO002553,S030,P0078,W02,2025-09-30,2025-10-14,2025-10-20,85,81,4
PO002554,S036,P0191,W06,2025-07-23,2025-08-24,2025-08-23,38,35,2
PO002555,S030,P0208,W07,2025-12-05,2025-12-28,2025-12-28,15,14,0
PO002556,S005,P0056,W14,2025-03-08,2025-03-30,2025-03-28,85,80,3
PO002557,S015,P0300,W12,2025-07-25,2025-08-11,2025-08-11,90,80,9
PO002558,S022,P0123,W15,2025-07-16,2025-07-25,2025-07-23,110,101,5
PO002559,S036,P0283,W10,2026-03-29,2026-05-05,2026-05-05,40,36,2
PO002560,S020,P0137,W11,2025-03-22,2025-03-25,2025-04-01,31,28,2
PO002561,S007,P0037,W04,2025-02-22,2025-03-27,2025-03-27,111,93,13
PO002562,S027,P0381,W12,2025-05-06,2025-06-09,2025-06-09,72,66,6
PO002563,S036,P0363,W03,2026-04-02,2026-05-03,2026-05-03,60,56,2
PO002564,S035,P0120,W12,2026-05-11,2026-05-29,2026-05-29,64,55,6
PO002565,S014,P0119,W08,2025-05-13,2025-05-20,2025-05-18,73,66,4
PO002566,S036,P0049,W06,2025-03-08,2025-04-09,2025-04-07,122,111,6
PO002567,S040,P0062,W11,2026-05-25,2026-06-06,2026-06-05,68,67,0
PO002568,S018,P0355,W04,2026-03-30,2026-04-17,2026-04-15,105,90,12
PO002569,S032,P0079,W08,2025-12-06,2025-12-25,2025-12-25,60,57,2
PO002570,S029,P0015,W02,2025-03-09,2025-03-13,2025-03-13,65,59,3
PO002571,S038,P0176,W04,2025-10-09,2025-11-01,2025-10-30,57,52,5
PO002572,S012,P0300,W13,2025-06-29,2025-08-03,2025-08-10,44,40,2
PO002573,S026,P0183,W02,2025-01-29,2025-02-17,2025-02-17,95,85,10
PO002574,S034,P0220,W03,2026-01-29,2026-02-04,2026-02-03,68,62,4
PO002575,S039,P0006,W03,2026-04-29,2026-05-15,2026-05-13,73,70,3
PO002576,S031,P0396,W14,2026-04-04,2026-04-22,2026-04-29,42,38,2
PO002577,S007,P0217,W04,2025-12-06,2026-01-05,2026-01-05,35,31,3
PO002578,S033,P0070,W14,2026-03-21,2026-04-26,2026-04-26,127,110,11
PO002579,S006,P0379,W09,2025-10-25,2025-11-05,2025-11-05,38,37,1
PO002580,S022,P0101,W09,2026-04-14,2026-05-03,2026-05-02,50,49,1
PO002581,S025,P0279,W02,2025-04-17,2025-05-11,2025-05-20,66,61,3
PO002582,S005,P0259,W08,2025-02-11,2025-02-27,2025-02-25,128,124,4
PO002583,S010,P0322,W14,2025-08-04,2025-09-02,2025-09-02,23,21,1
PO002584,S013,P0133,W02,2025-10-24,2025-11-21,2025-11-19,53,50,1
PO002585,S036,P0089,W14,2025-06-25,2025-07-31,2025-07-30,24,23,1
PO002586,S038,P0228,W01,2026-02-28,2026-03-24,2026-03-24,85,78,4
PO002587,S034,P0164,W09,2026-02-13,2026-02-22,2026-02-21,41,36,3
PO002588,S029,P0223,W06,2025-08-28,2025-08-31,2025-08-31,65,61,1
PO002589,S002,P0109,W07,2025-04-29,2025-05-27,2025-05-26,176,166,8
PO002590,S003,P0047,W07,2025-12-24,2026-01-17,2026-01-25,47,44,1
PO002591,S019,P0382,W11,2026-04-23,2026-05-04,2026-05-03,23,22,1
PO002592,S014,P0092,W02,2026-04-29,2026-05-02,2026-04-30,92,84,5
PO002593,S024,P0199,W06,2025-01-12,2025-02-12,2025-02-10,51,45,4
PO002594,S032,P0133,W14,2026-05-25,2026-06-13,2026-06-13,28,27,1
PO002595,S040,P0307,W02,2025-11-01,2025-11-13,2025-11-12,70,68,0
PO002596,S034,P0161,W14,2025-10-27,2025-11-03,2025-11-01,110,99,6
PO002597,S029,P0075,W02,2026-02-03,2026-02-12,2026-02-11,104,95,4
PO002598,S003,P0145,W04,2025-01-13,2025-02-06,2025-02-05,59,55,4
PO002599,S018,P0021,W03,2026-03-12,2026-04-06,2026-04-05,45,40,4
PO002600,S019,P0014,W10,2025-12-21,2026-01-08,2026-01-06,47,45,2
PO002601,S025,P0298,W07,2025-10-20,2025-11-13,2025-11-11,38,36,1
PO002602,S037,P0384,W03,2026-02-14,2026-02-17,2026-02-16,28,27,0
PO002603,S029,P0272,W02,2025-10-10,2025-10-18,2025-10-17,66,62,1
PO002604,S023,P0154,W03,2025-08-14,2025-09-02,2025-09-01,103,89,9
PO002605,S033,P0033,W12,2025-06-13,2025-07-16,2025-07-16,33,30,2
PO002606,S014,P0073,W04,2026-02-24,2026-03-10,2026-03-08,38,35,3
PO002607,S039,P0214,W11,2025-01-23,2025-02-12,2025-02-16,71,65,4
PO002608,S014,P0349,W06,2025-04-01,2025-04-09,2025-04-09,158,142,13
PO002609,S036,P0221,W09,2025-09-20,2025-10-18,2025-10-18,187,174,12
PO002610,S003,P0316,W14,2025-02-23,2025-03-21,2025-03-19,57,54,2
PO002611,S001,P0302,W14,2025-11-05,2025-11-12,2025-11-11,71,65,3
PO002612,S010,P0172,W13,2025-08-14,2025-09-07,2025-09-05,109,98,7
PO002613,S038,P0365,W01,2026-04-03,2026-04-27,2026-04-25,71,63,6
PO002614,S001,P0211,W06,2025-12-04,2025-12-11,2025-12-11,53,53,0
PO002615,S010,P0400,W15,2025-06-26,2025-07-16,2025-07-15,63,57,4
PO002616,S015,P0195,W03,2026-06-03,2026-06-18,2026-06-23,86,73,9
PO002617,S034,P0182,W10,2025-11-03,2025-11-20,2025-11-18,32,30,2
PO002618,S035,P0200,W05,2025-05-05,2025-05-25,2025-05-24,15,14,0
PO002619,S012,P0070,W11,2025-08-06,2025-09-06,2025-09-16,146,135,7
PO002620,S024,P0193,W08,2025-02-12,2025-03-14,2025-03-13,37,34,3
PO002621,S017,P0119,W15,2026-06-10,2026-07-16,2026-07-14,71,65,4
PO002622,S003,P0340,W03,2025-05-21,2025-06-15,2025-06-13,159,150,7
PO002623,S022,P0049,W14,2026-01-04,2026-01-17,2026-01-15,61,59,2
PO002624,S010,P0285,W08,2025-11-18,2025-12-14,2025-12-14,38,34,3
PO002625,S029,P0029,W05,2025-02-15,2025-02-18,2025-02-17,95,93,2
PO002626,S007,P0346,W04,2026-06-17,2026-07-13,2026-07-11,134,118,14
PO002627,S039,P0386,W07,2025-06-23,2025-07-15,2025-07-13,120,113,5
PO002628,S025,P0149,W13,2025-11-08,2025-12-02,2025-12-01,134,125,5
PO002629,S022,P0223,W04,2025-06-16,2025-07-06,2025-07-15,69,63,4
PO002630,S039,P0286,W05,2026-03-23,2026-04-16,2026-04-14,92,83,5
PO002631,S004,P0026,W01,2025-08-01,2025-08-11,2025-08-09,77,70,6
PO002632,S026,P0079,W15,2025-04-27,2025-05-02,2025-04-30,120,106,14
PO002633,S030,P0090,W06,2025-03-02,2025-03-21,2025-03-21,73,66,6
PO002634,S015,P0130,W12,2026-06-11,2026-06-29,2026-07-01,89,76,10
PO002635,S031,P0386,W10,2025-06-16,2025-07-03,2025-07-02,109,95,9
PO002636,S012,P0087,W13,2025-07-22,2025-08-30,2025-08-30,35,34,1
PO002637,S019,P0264,W03,2025-11-30,2025-12-14,2025-12-12,28,26,1
PO002638,S002,P0171,W09,2025-04-14,2025-05-18,2025-05-17,42,39,2
PO002639,S031,P0111,W06,2026-01-12,2026-02-02,2026-01-31,86,77,6
PO002640,S027,P0145,W15,2025-08-14,2025-09-10,2025-09-15,27,24,2
PO002641,S039,P0054,W02,2025-12-02,2025-12-22,2025-12-21,40,39,1
PO002642,S032,P0399,W10,2026-06-30,2026-07-20,2026-07-20,153,147,2
PO002643,S026,P0167,W06,2025-02-09,2025-02-28,2025-03-06,41,36,3
PO002644,S040,P0065,W11,2025-06-01,2025-06-07,2025-06-05,126,118,2
PO002645,S023,P0373,W04,2025-12-01,2025-12-10,2025-12-08,188,164,21
PO002646,S031,P0050,W08,2026-02-01,2026-02-19,2026-02-17,71,62,6
PO002647,S016,P0316,W09,2025-09-03,2025-09-15,2025-09-14,100,93,7
PO002648,S019,P0170,W01,2025-06-08,2025-06-24,2025-06-24,60,58,1
PO002649,S024,P0025,W03,2026-04-19,2026-05-26,2026-05-29,107,100,6
PO002650,S025,P0368,W13,2025-06-20,2025-07-22,2025-07-20,107,103,4
PO002651,S037,P0371,W13,2025-01-27,2025-02-06,2025-02-06,120,106,8
PO002652,S010,P0137,W13,2025-09-18,2025-10-10,2025-10-10,68,62,5
PO002653,S021,P0279,W07,2025-02-20,2025-02-23,2025-02-22,153,133,15
PO002654,S037,P0017,W11,2026-01-23,2026-01-27,2026-01-25,98,90,4
PO002655,S018,P0064,W08,2025-02-23,2025-03-19,2025-03-18,166,151,13
PO002656,S025,P0208,W05,2025-04-11,2025-05-01,2025-05-01,62,59,2
PO002657,S022,P0184,W15,2025-02-11,2025-02-18,2025-02-16,21,21,0
PO002658,S032,P0025,W02,2026-02-03,2026-02-10,2026-02-10,108,103,5
PO002659,S037,P0048,W11,2025-07-03,2025-07-13,2025-07-13,51,48,1
PO002660,S025,P0371,W14,2025-04-09,2025-04-30,2025-04-29,117,112,5
PO002661,S027,P0242,W12,2025-02-17,2025-03-22,2025-03-21,75,68,6
PO002662,S018,P0216,W13,2025-01-15,2025-02-06,2025-02-06,57,51,5
PO002663,S028,P0183,W06,2025-11-30,2025-12-15,2025-12-15,49,45,4
PO002664,S009,P0354,W11,2026-03-04,2026-03-23,2026-03-21,74,71,3
PO002665,S003,P0121,W13,2025-11-23,2025-12-21,2025-12-19,86,81,1
PO002666,S004,P0313,W06,2026-01-31,2026-02-24,2026-02-23,130,116,11
PO002667,S003,P0230,W06,2025-03-19,2025-04-18,2025-04-16,61,57,3
PO002668,S005,P0277,W02,2025-09-19,2025-10-12,2025-10-10,54,52,1
PO002669,S023,P0037,W12,2026-05-22,2026-06-03,2026-06-02,41,36,3
PO002670,S039,P0383,W13,2026-05-07,2026-06-04,2026-06-04,49,46,1
PO002671,S036,P0006,W13,2025-03-10,2025-04-11,2025-04-13,109,100,5
PO002672,S011,P0048,W07,2025-06-22,2025-07-04,2025-07-03,30,29,0
PO002673,S024,P0263,W15,2025-10-01,2025-11-04,2025-11-13,44,40,3
PO002674,S001,P0026,W09,2025-09-30,2025-10-03,2025-10-01,84,81,1
PO002675,S035,P0178,W11,2026-05-25,2026-06-15,2026-06-15,59,53,4
PO002676,S014,P0238,W08,2025-02-26,2025-03-17,2025-03-15,29,26,2
PO002677,S006,P0375,W10,2025-05-03,2025-05-22,2025-05-20,254,241,10
PO002678,S040,P0314,W07,2025-10-24,2025-10-30,2025-10-30,48,48,0
PO002679,S002,P0386,W15,2025-01-31,2025-03-01,2025-02-27,63,60,2
PO002680,S012,P0163,W06,2025-06-26,2025-07-30,2025-07-29,129,117,8
PO002681,S023,P0126,W03,2025-12-30,2026-01-02,2025-12-31,28,26,2
PO002682,S038,P0059,W04,2025-04-08,2025-05-02,2025-05-02,208,185,13
PO002683,S026,P0143,W11,2026-04-15,2026-05-03,2026-05-02,75,68,6
PO002684,S020,P0176,W03,2026-03-02,2026-03-19,2026-03-19,96,86,6
PO002685,S001,P0063,W03,2026-06-15,2026-06-19,2026-06-17,57,56,0
PO002686,S010,P0290,W05,2025-09-15,2025-10-18,2025-10-25,57,52,4
PO002687,S032,P0354,W07,2025-02-20,2025-03-05,2025-03-05,19,19,0
PO002688,S024,P0171,W13,2026-01-29,2026-03-05,2026-03-10,38,36,2
PO002689,S003,P0042,W11,2026-01-21,2026-02-06,2026-02-06,89,86,3
PO002690,S027,P0234,W09,2026-01-20,2026-02-17,2026-02-17,135,122,10
PO002691,S028,P0168,W08,2026-02-12,2026-03-11,2026-03-10,62,55,5
PO002692,S004,P0139,W05,2025-08-26,2025-09-06,2025-09-05,48,43,5
PO002693,S027,P0384,W10,2025-10-18,2025-11-22,2025-11-21,83,71,8
PO002694,S021,P0390,W01,2026-05-21,2026-05-30,2026-05-28,76,67,7
PO002695,S018,P0132,W04,2025-04-07,2025-05-02,2025-05-02,44,40,4
PO002696,S004,P0346,W12,2026-03-13,2026-04-07,2026-04-07,121,106,9
PO002697,S024,P0149,W04,2025-10-27,2025-12-04,2025-12-04,91,85,5
PO002698,S005,P0024,W09,2025-05-14,2025-06-04,2025-06-02,62,60,2
PO002699,S015,P0038,W05,2025-03-13,2025-03-25,2025-03-23,38,34,4
PO002700,S026,P0080,W05,2025-11-11,2025-12-03,2025-12-03,23,21,2
PO002701,S034,P0394,W14,2026-05-27,2026-06-13,2026-06-12,25,22,2
PO002702,S039,P0213,W13,2026-04-24,2026-05-13,2026-05-12,44,41,1
PO002703,S010,P0148,W06,2026-06-17,2026-07-07,2026-07-07,28,26,2
PO002704,S006,P0388,W15,2025-02-23,2025-03-01,2025-03-07,131,117,8
PO002705,S024,P0030,W13,2026-03-19,2026-04-24,2026-04-22,43,40,2
PO002706,S022,P0120,W12,2026-03-09,2026-03-25,2026-03-24,128,117,5
PO002707,S033,P0296,W10,2025-07-22,2025-08-23,2025-08-21,50,45,4
PO002708,S027,P0087,W08,2025-05-21,2025-06-24,2025-06-23,173,152,16
PO002709,S006,P0098,W03,2026-06-12,2026-06-27,2026-06-27,81,77,2
PO002710,S023,P0331,W05,2025-05-31,2025-06-16,2025-06-15,27,24,2
PO002711,S030,P0086,W09,2026-04-29,2026-05-08,2026-05-13,21,19,1
PO002712,S009,P0195,W15,2026-01-17,2026-02-10,2026-02-10,36,34,1
PO002713,S015,P0253,W04,2026-06-29,2026-07-12,2026-07-12,357,302,42
PO002714,S022,P0394,W08,2025-06-07,2025-06-26,2025-06-29,142,131,5
PO002715,S037,P0027,W08,2025-07-08,2025-07-18,2025-07-16,69,64,2
PO002716,S010,P0287,W11,2025-11-29,2025-12-27,2025-12-26,63,54,7
PO002717,S029,P0217,W15,2025-10-14,2025-10-20,2025-10-19,75,70,5
PO002718,S034,P0316,W03,2026-04-23,2026-04-30,2026-04-30,89,84,4
PO002719,S001,P0076,W01,2025-06-25,2025-06-30,2025-07-04,65,60,3
PO002720,S012,P0128,W12,2026-03-16,2026-04-19,2026-04-19,51,49,2
PO002721,S014,P0122,W01,2026-06-04,2026-06-16,2026-06-16,64,56,6
PO002722,S024,P0100,W09,2026-03-07,2026-04-06,2026-04-04,107,95,9
PO002723,S024,P0260,W06,2026-01-20,2026-02-25,2026-02-25,80,75,3
PO002724,S009,P0272,W05,2026-06-09,2026-06-26,2026-06-25,50,45,3
PO002725,S015,P0132,W02,2025-08-07,2025-08-30,2025-09-08,86,74,9
PO002726,S033,P0061,W14,2025-01-07,2025-02-09,2025-02-07,122,109,9
PO002727,S017,P0015,W09,2025-11-11,2025-11-30,2025-11-30,38,36,2
PO002728,S009,P0021,W09,2025-02-02,2025-02-19,2025-02-19,72,67,3
PO002729,S036,P0205,W02,2026-05-09,2026-06-03,2026-06-03,124,112,9
PO002730,S013,P0046,W06,2026-06-01,2026-07-08,2026-07-07,123,119,1
PO002731,S014,P0196,W09,2026-04-20,2026-05-03,2026-05-02,85,79,5
PO002732,S009,P0373,W15,2026-03-30,2026-04-19,2026-04-18,91,84,7
PO002733,S020,P0177,W07,2026-05-12,2026-05-24,2026-05-23,16,14,1
PO002734,S037,P0061,W04,2025-06-15,2025-06-23,2025-06-24,125,117,5
PO002735,S031,P0165,W04,2025-07-17,2025-07-29,2025-07-29,95,88,7
PO002736,S015,P0253,W12,2026-06-03,2026-06-28,2026-06-30,126,110,13
PO002737,S001,P0295,W04,2026-03-15,2026-03-22,2026-03-20,50,49,0
PO002738,S010,P0323,W13,2025-08-24,2025-09-17,2025-09-15,99,89,8
PO002739,S035,P0164,W11,2026-06-15,2026-06-24,2026-06-22,70,61,6
PO002740,S038,P0388,W14,2025-02-27,2025-03-20,2025-03-18,58,55,3
PO002741,S039,P0225,W04,2025-03-27,2025-04-12,2025-04-11,165,150,9
PO002742,S005,P0326,W07,2026-02-08,2026-02-24,2026-02-24,54,51,1
PO002743,S011,P0091,W03,2026-01-10,2026-01-17,2026-01-16,86,83,0
PO002744,S002,P0149,W09,2025-06-13,2025-07-13,2025-07-12,48,44,3
PO002745,S027,P0219,W04,2025-11-28,2025-12-27,2025-12-25,42,37,3
PO002746,S013,P0057,W12,2025-06-29,2025-08-01,2025-07-31,59,58,0
PO002747,S011,P0270,W14,2025-08-09,2025-08-30,2025-08-31,41,39,0
PO002748,S014,P0237,W08,2026-03-11,2026-03-17,2026-03-16,123,112,6
PO002749,S037,P0340,W04,2025-09-21,2025-10-01,2025-09-29,78,71,4
PO002750,S031,P0199,W05,2025-06-09,2025-06-21,2025-06-20,203,179,14
PO002751,S002,P0080,W15,2025-06-07,2025-07-05,2025-07-05,22,20,1
PO002752,S006,P0292,W04,2026-01-19,2026-02-01,2026-02-01,40,37,1
PO002753,S026,P0138,W12,2025-07-19,2025-08-18,2025-08-18,107,94,11
PO002754,S027,P0394,W01,2026-01-14,2026-02-15,2026-02-14,54,48,4
PO002755,S021,P0150,W08,2025-02-19,2025-03-05,2025-03-04,44,40,3
PO002756,S013,P0005,W10,2025-05-22,2025-06-26,2025-06-25,116,111,3
PO002757,S027,P0334,W04,2026-03-19,2026-04-14,2026-04-14,51,47,4
PO002758,S017,P0279,W04,2026-01-29,2026-02-14,2026-02-14,104,96,6
PO002759,S020,P0040,W05,2025-12-02,2025-12-18,2025-12-18,107,98,8
PO002760,S030,P0006,W13,2025-02-17,2025-03-10,2025-03-08,22,21,1
PO002761,S027,P0061,W07,2025-08-30,2025-09-25,2025-09-23,29,26,2
PO002762,S020,P0068,W07,2026-02-25,2026-03-03,2026-03-09,65,57,5
PO002763,S024,P0003,W07,2025-10-22,2025-11-28,2025-11-26,93,84,7
PO002764,S024,P0078,W03,2026-04-19,2026-05-28,2026-05-27,57,52,4
PO002765,S040,P0271,W08,2025-01-22,2025-02-01,2025-01-31,197,193,0
PO002766,S020,P0016,W01,2026-01-15,2026-01-24,2026-01-23,36,32,4
PO002767,S037,P0251,W09,2026-04-09,2026-04-17,2026-04-16,37,36,0
PO002768,S021,P0330,W15,2026-05-23,2026-05-26,2026-05-24,73,67,5
PO002769,S022,P0305,W09,2025-01-19,2025-02-02,2025-02-02,38,36,2
PO002770,S034,P0024,W03,2026-06-27,2026-07-08,2026-07-06,102,93,6
PO002771,S019,P0308,W10,2026-05-29,2026-06-18,2026-06-16,43,40,1
PO002772,S030,P0126,W10,2025-10-20,2025-11-03,2025-11-07,66,59,5
PO002773,S039,P0361,W04,2025-11-01,2025-11-30,2025-11-30,20,18,1
PO002774,S037,P0004,W05,2026-04-23,2026-05-01,2026-04-29,69,64,2
PO002775,S017,P0390,W04,2025-10-15,2025-11-10,2025-11-08,78,73,5
PO002776,S025,P0015,W03,2025-09-08,2025-10-10,2025-10-19,52,47,4
PO002777,S007,P0286,W03,2025-01-23,2025-02-24,2025-02-23,70,61,6
PO002778,S006,P0193,W13,2025-04-14,2025-04-22,2025-04-29,51,47,2
PO002779,S004,P0169,W02,2025-05-04,2025-05-26,2025-05-24,34,30,3
PO002780,S038,P0152,W02,2025-08-12,2025-08-26,2025-08-24,45,42,2
PO002781,S017,P0052,W09,2026-04-09,2026-05-03,2026-05-03,54,51,3
PO002782,S018,P0314,W11,2025-09-04,2025-09-20,2025-09-18,83,71,8
PO002783,S024,P0274,W11,2025-07-31,2025-09-03,2025-09-15,68,63,5
PO002784,S007,P0007,W13,2025-12-12,2026-01-17,2026-01-17,122,108,12
PO002785,S016,P0048,W01,2025-01-22,2025-02-11,2025-02-12,102,91,7
PO002786,S025,P0050,W04,2025-11-12,2025-12-08,2025-12-11,47,44,2
PO002787,S007,P0263,W12,2025-01-04,2025-02-04,2025-02-08,47,41,5
PO002788,S014,P0188,W04,2026-01-08,2026-01-20,2026-02-01,75,69,4
PO002789,S006,P0177,W07,2025-04-25,2025-04-28,2025-05-06,105,93,7
PO002790,S022,P0358,W12,2026-02-04,2026-02-15,2026-02-15,57,54,2
PO002791,S020,P0055,W13,2025-04-18,2025-04-26,2025-04-26,52,47,5
PO002792,S026,P0346,W10,2025-08-07,2025-08-19,2025-08-24,36,32,4
PO002793,S008,P0115,W14,2025-08-10,2025-08-20,2025-08-19,200,180,12
PO002794,S003,P0064,W14,2026-04-04,2026-04-19,2026-04-18,111,106,3
PO002795,S040,P0283,W06,2025-03-26,2025-04-10,2025-04-08,43,42,0
PO002796,S001,P0262,W04,2025-04-26,2025-04-29,2025-04-27,24,24,0
PO002797,S037,P0223,W08,2025-12-05,2025-12-11,2025-12-13,117,115,1
PO002798,S019,P0345,W04,2026-06-04,2026-06-19,2026-06-18,50,48,2
PO002799,S012,P0293,W03,2026-01-09,2026-02-20,2026-02-18,92,87,2
PO002800,S013,P0205,W15,2025-02-11,2025-03-12,2025-03-11,31,31,0
PO002801,S022,P0100,W12,2026-04-11,2026-04-23,2026-04-21,170,157,8
PO002802,S025,P0248,W08,2025-11-08,2025-12-04,2025-12-02,21,19,1
PO002803,S029,P0392,W06,2025-07-09,2025-07-23,2025-07-23,57,56,0
PO002804,S009,P0079,W10,2026-04-11,2026-04-28,2026-04-27,77,74,3
PO002805,S011,P0062,W08,2025-03-01,2025-03-08,2025-03-08,12,12,0
PO002806,S021,P0168,W13,2025-08-07,2025-08-20,2025-08-20,117,103,13
PO002807,S019,P0103,W08,2025-01-18,2025-02-05,2025-02-03,39,36,2
PO002808,S035,P0089,W09,2026-05-03,2026-05-16,2026-05-14,54,49,5
PO002809,S012,P0065,W02,2025-08-27,2025-09-27,2025-09-27,169,156,8
PO002810,S031,P0394,W07,2025-03-09,2025-03-23,2025-03-22,26,23,2
PO002811,S018,P0176,W12,2026-02-21,2026-03-20,2026-03-18,52,46,5
PO002812,S039,P0207,W02,2025-01-22,2025-02-13,2025-02-13,182,172,5
PO002813,S022,P0132,W14,2025-02-07,2025-02-21,2025-02-21,61,54,4
PO002814,S034,P0270,W10,2026-06-13,2026-06-21,2026-06-20,39,36,2
PO002815,S023,P0341,W09,2025-09-04,2025-09-18,2025-09-16,123,109,9
PO002816,S040,P0255,W12,2025-11-21,2025-11-24,2025-11-22,67,64,1
PO002817,S025,P0187,W14,2025-12-08,2025-12-31,2025-12-30,44,42,2
PO002818,S027,P0040,W08,2026-02-24,2026-03-30,2026-03-28,41,37,4
PO002819,S011,P0365,W13,2025-08-24,2025-09-06,2025-09-04,35,34,0
PO002820,S035,P0312,W08,2025-04-29,2025-05-08,2025-05-06,57,51,4
PO002821,S002,P0192,W14,2025-02-06,2025-03-13,2025-03-11,59,57,2
PO002822,S018,P0267,W14,2026-05-23,2026-06-16,2026-06-16,78,68,9
PO002823,S019,P0284,W06,2026-01-31,2026-02-12,2026-02-11,81,75,3
PO002824,S003,P0365,W14,2026-01-21,2026-02-05,2026-02-03,104,100,3
PO002825,S031,P0204,W02,2026-03-27,2026-04-15,2026-04-14,64,60,4
PO002826,S028,P0233,W04,2025-07-10,2025-08-11,2025-08-10,52,46,5
PO002827,S036,P0204,W15,2025-05-22,2025-06-18,2025-06-18,44,41,2
PO002828,S014,P0208,W05,2026-05-06,2026-05-12,2026-05-12,53,49,4
PO002829,S023,P0074,W11,2025-05-28,2025-06-09,2025-06-09,23,22,1
PO002830,S001,P0122,W13,2025-01-02,2025-01-06,2025-01-04,39,37,1
PO002831,S016,P0370,W05,2026-04-03,2026-04-21,2026-04-21,69,62,5
PO002832,S029,P0156,W10,2025-09-13,2025-10-01,2025-09-29,90,87,3
PO002833,S024,P0360,W03,2026-03-02,2026-04-11,2026-04-22,101,87,12
PO002834,S013,P0152,W02,2025-02-20,2025-03-25,2025-03-24,99,94,2
PO002835,S030,P0063,W01,2025-03-01,2025-03-24,2025-03-22,37,35,2
PO002836,S037,P0096,W13,2025-10-27,2025-11-09,2025-11-09,42,40,0
PO002837,S036,P0399,W11,2026-06-22,2026-07-19,2026-07-19,47,43,2
PO002838,S010,P0027,W04,2025-09-05,2025-10-01,2025-09-30,77,70,7
PO002839,S002,P0200,W01,2025-05-21,2025-06-26,2025-06-25,67,62,5
PO002840,S003,P0328,W15,2025-11-09,2025-11-30,2025-11-30,43,41,2
PO002841,S018,P0212,W03,2025-08-29,2025-09-17,2025-09-16,26,24,2
PO002842,S005,P0152,W05,2025-12-20,2025-12-31,2025-12-29,63,61,2
PO002843,S009,P0047,W14,2025-12-24,2026-01-08,2026-01-16,157,149,6
PO002844,S014,P0059,W11,2025-07-25,2025-08-10,2025-08-10,51,46,4
PO002845,S001,P0179,W04,2025-05-26,2025-05-30,2025-06-09,49,47,0
PO002846,S013,P0302,W13,2025-12-19,2026-01-14,2026-01-13,54,51,1
PO002847,S036,P0038,W09,2025-06-10,2025-07-08,2025-07-06,252,235,11
PO002848,S036,P0290,W04,2025-01-17,2025-02-17,2025-02-15,63,62,1
PO002849,S024,P0371,W01,2025-05-09,2025-06-14,2025-06-13,30,27,2
PO002850,S029,P0236,W02,2025-12-21,2026-01-06,2026-01-04,32,31,0
PO002851,S010,P0253,W08,2026-03-22,2026-04-11,2026-04-09,26,24,2
PO002852,S012,P0084,W09,2025-05-02,2025-05-27,2025-05-27,81,76,4
PO002853,S004,P0039,W13,2026-05-22,2026-06-12,2026-06-11,128,110,15
PO002854,S006,P0131,W03,2026-02-14,2026-02-21,2026-02-24,246,234,7
PO002855,S007,P0032,W08,2025-11-23,2025-12-23,2025-12-23,147,129,16
PO002856,S005,P0302,W04,2025-11-14,2025-12-04,2025-12-02,232,217,8
PO002857,S016,P0041,W09,2026-06-14,2026-06-28,2026-06-27,95,88,7
PO002858,S021,P0230,W09,2026-05-29,2026-06-05,2026-06-04,30,27,3
PO002859,S030,P0190,W09,2025-04-19,2025-05-08,2025-05-07,72,66,6
PO002860,S024,P0083,W11,2025-03-25,2025-05-01,2025-04-29,137,124,10
PO002861,S008,P0078,W07,2025-01-21,2025-02-08,2025-02-07,43,42,1
PO002862,S028,P0192,W01,2025-07-29,2025-08-23,2025-08-26,72,65,5
PO002863,S033,P0250,W05,2026-02-23,2026-03-20,2026-03-20,101,90,6
PO002864,S001,P0385,W04,2026-05-24,2026-05-27,2026-05-27,89,88,1
PO002865,S035,P0370,W03,2025-01-28,2025-02-06,2025-02-04,55,48,5
PO002866,S026,P0353,W01,2025-02-19,2025-03-06,2025-03-05,119,103,12
PO002867,S021,P0242,W10,2026-01-02,2026-01-05,2026-01-04,42,37,3
PO002868,S015,P0084,W15,2025-10-22,2025-11-10,2025-11-10,167,145,17
PO002869,S003,P0194,W04,2026-01-20,2026-02-09,2026-02-07,49,48,1
PO002870,S013,P0225,W12,2026-05-31,2026-06-21,2026-06-19,42,41,1
PO002871,S020,P0382,W06,2025-02-17,2025-02-27,2025-02-26,61,56,5
PO002872,S010,P0302,W14,2025-12-06,2026-01-01,2026-01-06,48,43,4
PO002873,S017,P0347,W01,2025-03-23,2025-04-15,2025-04-13,72,68,4
PO002874,S019,P0297,W11,2025-09-17,2025-09-28,2025-09-26,41,38,1
PO002875,S031,P0024,W09,2025-01-27,2025-02-14,2025-02-14,111,100,9
PO002876,S013,P0070,W07,2025-03-22,2025-04-24,2025-04-24,146,139,7
PO002877,S031,P0093,W02,2025-08-01,2025-08-06,2025-08-04,71,64,6
PO002878,S025,P0278,W05,2025-03-03,2025-03-17,2025-03-15,47,43,2
PO002879,S018,P0312,W03,2025-10-22,2025-10-29,2025-10-30,151,135,16
PO002880,S020,P0156,W08,2025-05-26,2025-05-30,2025-05-29,41,37,3
PO002881,S006,P0306,W01,2026-01-13,2026-01-23,2026-01-22,42,41,1
PO002882,S040,P0301,W02,2025-02-25,2025-03-04,2025-03-04,116,111,3
PO002883,S032,P0299,W11,2025-07-04,2025-08-02,2025-08-13,25,25,0
PO002884,S038,P0350,W03,2025-05-10,2025-05-25,2025-05-23,64,57,5
PO002885,S026,P0329,W05,2025-11-13,2025-11-24,2025-11-23,66,61,5
PO002886,S028,P0171,W05,2025-02-10,2025-03-09,2025-03-08,26,23,2
PO002887,S013,P0052,W10,2026-01-13,2026-02-12,2026-02-18,80,77,2
PO002888,S018,P0254,W03,2025-06-25,2025-07-19,2025-07-17,136,120,14
PO002889,S029,P0083,W15,2026-06-14,2026-06-22,2026-06-27,81,74,4
PO002890,S034,P0329,W13,2025-12-25,2026-01-11,2026-01-11,33,31,1
PO002891,S018,P0112,W06,2025-07-03,2025-07-29,2025-07-28,30,27,2
PO002892,S005,P0031,W05,2026-01-09,2026-01-26,2026-02-03,53,50,1
PO002893,S001,P0003,W02,2025-03-28,2025-03-31,2025-03-29,36,35,0
PO002894,S025,P0279,W02,2025-07-16,2025-08-14,2025-08-12,13,12,0
PO002895,S013,P0048,W04,2025-07-06,2025-08-03,2025-08-01,66,63,0
PO002896,S038,P0197,W13,2025-04-25,2025-05-14,2025-05-12,175,156,17
PO002897,S003,P0398,W06,2025-03-06,2025-03-30,2025-03-31,46,44,0
PO002898,S004,P0096,W01,2025-12-18,2025-12-29,2025-12-27,53,48,4
PO002899,S035,P0087,W02,2025-12-12,2026-01-05,2026-01-03,26,23,3
PO002900,S040,P0052,W05,2025-01-04,2025-01-10,2025-01-09,98,93,2
PO002901,S019,P0134,W11,2025-05-31,2025-06-26,2025-06-25,66,61,3
PO002902,S019,P0396,W12,2026-06-15,2026-06-30,2026-06-28,189,184,4
PO002903,S034,P0047,W07,2025-07-29,2025-08-07,2025-08-07,123,114,7
PO002904,S037,P0041,W01,2025-11-21,2025-12-02,2025-12-02,32,32,0
PO002905,S019,P0281,W13,2026-01-13,2026-02-06,2026-02-05,50,46,2
PO002906,S017,P0069,W03,2025-03-12,2025-04-15,2025-04-13,145,137,8
PO002907,S016,P0306,W11,2025-12-03,2025-12-22,2025-12-21,40,36,3
PO002908,S038,P0087,W13,2025-12-19,2026-01-07,2026-01-05,70,63,4
PO002909,S040,P0310,W01,2026-03-18,2026-04-06,2026-04-06,304,294,0
PO002910,S010,P0194,W10,2025-11-13,2025-12-12,2025-12-11,238,215,19
PO002911,S029,P0096,W02,2025-12-01,2025-12-05,2025-12-04,133,126,6
PO002912,S020,P0007,W15,2026-04-01,2026-04-14,2026-04-12,62,53,6
PO002913,S024,P0383,W07,2025-11-10,2025-12-14,2025-12-22,81,73,7
PO002914,S008,P0248,W01,2025-09-03,2025-09-26,2025-09-24,51,48,2
PO002915,S006,P0009,W04,2025-06-01,2025-06-08,2025-06-06,75,73,2
PO002916,S012,P0187,W08,2025-04-02,2025-05-02,2025-05-01,48,45,2
PO002917,S013,P0257,W02,2026-03-31,2026-04-26,2026-04-24,244,241,3
PO002918,S030,P0302,W04,2025-11-17,2025-11-30,2025-11-29,130,115,12
PO002919,S001,P0136,W08,2025-01-24,2025-01-27,2025-01-25,89,85,3
PO002920,S030,P0241,W11,2025-11-21,2025-12-07,2025-12-06,120,110,10
PO002921,S034,P0079,W07,2025-05-27,2025-06-04,2025-06-02,264,235,18
PO002922,S014,P0097,W03,2026-04-25,2026-05-02,2026-05-13,59,53,4
PO002923,S033,P0141,W09,2025-07-10,2025-08-17,2025-08-28,39,35,3
PO002924,S037,P0282,W08,2025-06-25,2025-07-04,2025-07-02,63,61,1
PO002925,S033,P0336,W07,2026-02-05,2026-03-11,2026-03-10,116,105,8
PO002926,S007,P0047,W06,2025-05-07,2025-06-04,2025-06-04,79,71,6
PO002927,S001,P0392,W02,2026-01-30,2026-02-02,2026-02-01,35,34,0
PO002928,S003,P0030,W05,2025-05-30,2025-06-27,2025-06-27,55,54,1
PO002929,S038,P0324,W04,2026-02-13,2026-03-12,2026-03-11,36,32,3
PO002930,S010,P0386,W01,2025-08-23,2025-09-27,2025-09-27,32,30,2
PO002931,S031,P0031,W05,2025-01-23,2025-02-18,2025-02-25,58,53,4
PO002932,S040,P0167,W06,2025-09-01,2025-09-18,2025-09-18,127,121,4
PO002933,S014,P0226,W01,2026-03-07,2026-03-20,2026-03-20,22,19,2
PO002934,S032,P0290,W14,2025-07-24,2025-08-11,2025-08-09,20,20,0
PO002935,S019,P0289,W12,2026-02-27,2026-03-09,2026-03-08,88,83,3
PO002936,S024,P0381,W15,2025-10-05,2025-11-08,2025-11-07,59,54,3
PO002937,S037,P0151,W08,2025-09-11,2025-09-14,2025-09-14,88,83,3
PO002938,S021,P0366,W02,2025-05-17,2025-05-24,2025-05-22,34,31,3
PO002939,S024,P0124,W04,2026-03-18,2026-04-28,2026-04-26,30,29,1
PO002940,S013,P0376,W11,2025-12-26,2026-01-29,2026-01-28,151,151,0
PO002941,S003,P0291,W15,2026-05-30,2026-06-14,2026-06-12,60,57,2
PO002942,S011,P0017,W11,2025-12-16,2026-01-06,2026-01-04,89,86,1
PO002943,S003,P0028,W03,2025-09-15,2025-10-08,2025-10-20,69,65,1
PO002944,S030,P0066,W10,2025-01-05,2025-01-17,2025-01-17,45,39,5
PO002945,S038,P0244,W09,2026-01-24,2026-02-18,2026-02-26,65,58,4
PO002946,S017,P0357,W01,2025-08-03,2025-08-27,2025-08-25,32,31,1
PO002947,S024,P0030,W12,2025-01-10,2025-02-12,2025-02-11,43,39,4
PO002948,S040,P0132,W12,2025-09-21,2025-09-30,2025-09-29,60,57,1
PO002949,S038,P0043,W05,2025-06-29,2025-07-24,,80,72,5
PO002950,S004,P0385,W07,2026-02-23,2026-03-13,2026-03-13,39,36,2
PO002951,S025,P0351,W08,2025-02-22,2025-03-14,2025-03-21,50,47,2
PO002952,S020,P0068,W10,2025-08-09,2025-08-23,2025-08-23,46,41,3
PO002953,S040,P0381,W04,2026-02-11,2026-02-21,2026-02-21,47,46,0
PO002954,S021,P0294,W09,2025-01-01,2025-01-09,2025-01-08,58,52,6
PO002955,S028,P0172,W03,2025-05-06,2025-05-28,2025-05-27,59,56,3
PO002956,S030,P0222,W12,2025-04-15,2025-05-08,2025-05-07,26,25,1
PO002957,S038,P0105,W03,2025-09-21,2025-10-14,2025-10-14,56,50,5
PO002958,S016,P0003,W12,2025-04-28,2025-05-20,2025-05-20,72,65,7
PO002959,S004,P0274,W04,2026-05-17,2026-05-31,2026-05-30,55,50,5
PO002960,S014,P0220,W02,2025-11-02,2025-11-20,2025-11-20,80,73,3
PO002961,S032,P0127,W01,2026-06-22,2026-07-08,2026-07-07,154,146,3
PO002962,S007,P0046,W12,2025-09-03,2025-10-17,2025-10-15,258,221,25
PO002963,S039,P0353,W06,2026-05-16,2026-06-03,2026-06-15,66,63,3
PO002964,S027,P0185,W02,2026-02-14,2026-03-12,2026-03-10,106,91,10
PO002965,S010,P0106,W06,2025-11-29,2025-12-28,2025-12-26,98,90,8
PO002966,S001,P0278,W11,2025-11-11,2025-11-19,2025-11-17,56,56,0
PO002967,S029,P0163,W02,2026-06-08,2026-06-20,2026-06-19,90,83,5
PO002968,S009,P0297,W15,2026-02-22,2026-03-18,2026-03-16,37,35,2
PO002969,S030,P0335,W13,2025-05-17,2025-06-15,2025-06-13,56,53,3
PO002970,S010,P0381,W14,2026-01-27,2026-02-20,2026-02-20,53,48,4
PO002971,S009,P0043,W10,2025-10-25,2025-11-07,2025-11-06,128,118,4
PO002972,S015,P0320,W15,2025-01-06,2025-01-23,2025-01-21,45,39,5
PO002973,S028,P0372,W06,2025-11-12,2025-12-06,2025-12-04,61,56,5
PO002974,S028,P0389,W07,2025-12-19,2026-01-09,2026-01-09,31,28,2
PO002975,S003,P0001,W12,2025-05-18,2025-06-13,2025-06-15,50,47,1
PO002976,S023,P0259,W07,2026-06-19,2026-07-07,2026-07-05,32,30,2
PO002977,S038,P0200,W05,2026-02-25,2026-03-13,2026-03-22,69,63,6
PO002978,S013,P0330,W03,2026-02-15,2026-03-19,2026-03-19,157,150,0
PO002979,S036,P0280,W01,2025-07-09,2025-08-10,2025-08-08,63,60,2
PO002980,S026,P0163,W03,2026-02-23,2026-03-07,2026-03-07,86,76,9
PO002981,S027,P0330,W08,2025-03-10,2025-04-05,2025-04-03,168,148,12
PO002982,S036,P0220,W15,2026-05-17,2026-06-16,2026-06-14,40,39,1
PO002983,S001,P0052,W14,2026-04-03,2026-04-08,2026-04-07,97,91,2
PO002984,S025,P0180,W14,2026-05-30,2026-06-22,2026-06-20,198,185,8
PO002985,S006,P0042,W04,2025-07-02,2025-07-09,2025-07-08,92,86,6
PO002986,S003,P0069,W05,2025-10-23,2025-11-07,2025-11-14,230,218,9
PO002987,S002,P0050,W07,2026-04-21,2026-05-17,2026-05-18,109,104,5
PO002988,S023,P0296,W11,2025-02-03,2025-02-19,2025-02-19,135,117,13
PO002989,S003,P0373,W02,2026-01-05,2026-01-22,2026-01-21,74,72,2
PO002990,S014,P0226,W03,2026-05-21,2026-05-26,2026-05-25,231,200,21
PO002991,S011,P0025,W04,2026-02-01,2026-02-10,2026-02-08,92,88,3
PO002992,S019,P0011,W09,2025-03-11,2025-04-01,2025-03-31,57,55,2
PO002993,S024,P0295,W14,2025-10-13,2025-11-21,2025-11-19,38,35,3
PO002994,S002,P0150,W03,2026-03-25,2026-04-21,2026-04-20,34,32,1
PO002995,S013,P0264,W12,2026-06-16,2026-07-17,2026-07-15,19,19,0
PO002996,S039,P0156,W01,2025-11-03,2025-11-22,2025-11-20,36,33,2
PO002997,S014,P0166,W15,2025-11-14,2025-11-27,2025-11-26,253,235,17
PO002998,S038,P0039,W07,2025-11-04,2025-11-25,2025-11-23,53,48,3
PO002999,S008,P0030,W03,2026-03-02,2026-03-14,2026-03-13,127,122,5
PO003000,S019,P0355,W12,2025-05-26,2025-06-20,2025-06-19,75,72,2
PO003001,S010,P0023,W08,2026-05-25,2026-06-24,2026-06-22,83,75,8
PO003002,S021,P0018,W14,2025-04-22,2025-05-03,2025-05-01,14,12,1
PO003003,S036,P0140,W10,2026-06-19,2026-07-26,2026-07-24,81,78,3
PO003004,S006,P0017,W11,2025-06-18,2025-07-02,2025-07-01,353,319,23
PO003005,S005,P0073,W12,2025-07-05,2025-07-31,2025-07-30,74,73,1
PO003006,S004,P0359,W14,2025-03-18,2025-04-05,2025-04-04,71,63,7
PO003007,S011,P0033,W08,2025-10-19,2025-11-03,2025-11-01,93,91,1
PO003008,S003,P0161,W13,2025-11-12,2025-12-09,2025-12-09,31,31,0
PO003009,S025,P0128,W13,2026-03-09,2026-04-05,2026-04-03,119,108,6
PO003010,S013,P0204,W03,2026-06-15,2026-07-15,2026-07-22,58,58,0
PO003011,S007,P0029,W08,2025-12-08,2026-01-19,2026-01-20,80,72,8
PO003012,S013,P0107,W06,2026-03-05,2026-04-05,2026-04-03,204,196,6
PO003013,S014,P0037,W02,2026-03-22,2026-03-25,2026-03-24,115,104,6
PO003014,S019,P0344,W02,2025-04-06,2025-04-29,2025-04-27,170,159,10
PO003015,S007,P0043,W03,2025-03-26,2025-04-22,2025-04-21,42,38,4
PO003016,S013,P0013,W06,2025-12-21,2026-01-20,2026-01-20,124,119,5
PO003017,S014,P0332,W05,2025-07-16,2025-07-27,2025-07-25,73,69,4
PO003018,S036,P0084,W15,2025-01-16,2025-02-19,2025-02-18,39,38,1
PO003019,S028,P0321,W13,2025-07-09,2025-08-02,2025-08-02,80,72,4
PO003020,S005,P0377,W15,2025-02-20,2025-03-15,2025-03-22,176,164,6
PO003021,S004,P0125,W15,2025-02-09,2025-02-28,2025-02-27,21,19,1
PO003022,S034,P0031,W02,2026-03-15,2026-03-24,2026-03-24,372,346,18
PO003023,S007,P0128,W09,2025-07-12,2025-08-18,2025-08-18,52,45,5
PO003024,S030,P0108,W08,2025-08-18,2025-09-12,2025-09-10,220,194,17
PO003025,S036,P0124,W15,2026-06-21,2026-07-26,2026-07-26,82,76,3
PO003026,S018,P0352,W03,2025-07-04,2025-08-04,2025-08-03,25,22,2
PO003027,S009,P0355,W13,2025-10-24,2025-11-13,2025-11-23,84,77,3
PO003028,S021,P0292,W03,2026-01-14,2026-01-24,2026-02-03,54,49,4
PO003029,S015,P0260,W10,2026-06-16,2026-07-03,2026-07-08,54,47,5
PO003030,S038,P0128,W06,2025-02-19,2025-03-04,2025-03-03,86,78,4
PO003031,S020,P0367,W11,2026-03-18,2026-03-29,2026-03-28,124,112,8
PO003032,S004,P0201,W01,2025-02-06,2025-03-01,2025-03-01,47,41,4
PO003033,S001,P0219,W01,2025-05-13,2025-05-21,2025-05-20,41,40,1
PO003034,S036,P0392,W03,2025-05-25,2025-06-23,2025-06-22,172,161,7
PO003035,S024,P0388,W13,2025-03-06,2025-03-31,2025-03-31,58,54,4
PO003036,S022,P0055,W13,2026-06-13,2026-06-29,2026-06-27,120,107,8
PO003037,S013,P0254,W11,2026-04-02,2026-05-01,2026-04-30,38,37,0
PO003038,S006,P0236,W03,2025-03-15,2025-03-21,2025-03-21,56,54,1
PO003039,S013,P0138,W09,2025-05-17,2025-06-15,2025-06-13,81,79,1
PO003040,S026,P0364,W01,2025-08-27,2025-09-15,2025-09-13,56,50,6
PO003041,S037,P0137,W06,2025-03-30,2025-04-10,2025-04-08,35,34,1
PO003042,S013,P0261,W01,2026-02-24,2026-03-21,2026-03-21,10,9,0
PO003043,S001,P0053,W05,2025-05-05,2025-05-08,2025-05-08,41,40,0
PO003044,S005,P0021,W02,2025-12-17,2026-01-10,2026-01-08,35,34,1
PO003045,S039,P0232,W09,2025-06-21,2025-07-15,2025-07-15,207,195,9
PO003046,S016,P0236,W07,2026-02-02,2026-02-17,2026-02-15,37,35,2
PO003047,S025,P0079,W07,2025-09-18,2025-10-17,2025-10-15,45,45,0
PO003048,S023,P0152,W12,2025-11-02,2025-11-14,2025-11-26,46,41,4
PO003049,S018,P0004,W06,2026-06-15,2026-07-12,2026-07-10,46,42,4
PO003050,S038,P0146,W15,2026-02-18,2026-03-12,2026-03-11,64,57,4
PO003051,S014,P0109,W05,2025-07-17,2025-07-29,2025-07-27,105,94,6
PO003052,S019,P0325,W10,2025-01-31,2025-02-23,2025-02-22,27,26,0
PO003053,S008,P0261,W02,2025-06-12,2025-06-17,2025-06-25,80,76,4
PO003054,S014,P0232,W06,2025-02-24,2025-03-04,2025-03-02,39,36,3
PO003055,S004,P0069,W14,2026-04-27,2026-05-09,2026-05-08,45,41,4
PO003056,S003,P0014,W02,2025-01-05,2025-02-07,2025-02-05,97,92,2
PO003057,S033,P0056,W13,2026-01-18,2026-02-18,2026-02-27,77,70,4
PO003058,S038,P0333,W05,2025-02-02,2025-02-28,2025-02-28,136,120,10
PO003059,S007,P0147,W15,2026-01-23,2026-02-18,2026-02-16,64,58,6
PO003060,S018,P0078,W10,2026-03-11,2026-03-21,2026-03-19,161,144,12
PO003061,S037,P0121,W12,2026-01-03,2026-01-06,2026-01-06,47,47,0
PO003062,S020,P0140,W11,2026-04-21,2026-05-02,2026-04-30,74,68,6
PO003063,S001,P0396,W07,2025-10-19,2025-10-25,2025-10-24,201,192,0
PO003064,S007,P0254,W09,2025-12-07,2026-01-04,2026-01-02,231,206,20
PO003065,S004,P0217,W05,2025-10-27,2025-11-15,2025-11-14,115,101,9
PO003066,S003,P0232,W05,2026-05-17,2026-06-02,2026-06-02,62,61,1
PO003067,S038,P0169,W06,2026-05-19,2026-06-05,2026-06-05,126,118,7
PO003068,S013,P0214,W04,2025-05-19,2025-06-15,2025-06-15,78,78,0
PO003069,S021,P0163,W03,2026-02-02,2026-02-19,2026-02-17,78,67,8
PO003070,S027,P0091,W09,2026-06-14,2026-07-23,2026-07-21,58,52,5
PO003071,S032,P0238,W05,2026-04-05,2026-04-21,2026-04-26,27,26,0
PO003072,S025,P0296,W12,2025-08-03,2025-08-21,2025-08-21,96,86,6
PO003073,S036,P0386,W12,2025-08-08,2025-09-07,2025-09-07,82,75,7
PO003074,S017,P0034,W14,2026-06-23,2026-07-17,2026-07-16,53,50,3
PO003075,S002,P0305,W04,2026-01-25,2026-02-15,2026-02-15,28,26,2
PO003076,S002,P0160,W06,2025-05-19,2025-06-21,2025-06-21,47,41,4
PO003077,S004,P0393,W05,2025-02-07,2025-02-22,2025-02-21,33,30,2
PO003078,S034,P0283,W09,2025-03-26,2025-04-01,2025-03-31,58,54,3
PO003079,S026,P0125,W06,2025-07-11,2025-07-23,2025-07-23,106,94,11
PO003080,S039,P0136,W12,2025-10-06,2025-10-21,2025-10-20,70,64,4
PO003081,S009,P0146,W07,2025-10-24,2025-11-12,2025-11-12,139,130,7
PO003082,S002,P0009,W10,2025-11-27,2025-12-19,2025-12-20,62,55,4
PO003083,S029,P0382,W08,2026-05-30,2026-06-02,2026-06-01,85,80,4
PO003084,S015,P0336,W01,2025-11-09,2025-11-24,2025-11-23,37,33,4
PO003085,S035,P0173,W04,2025-06-18,2025-06-28,2025-06-26,157,143,12
PO003086,S027,P0147,W08,2026-01-21,2026-02-18,2026-02-17,89,81,8
PO003087,S031,P0035,W13,2025-04-12,2025-04-29,2025-04-28,75,65,7
PO003088,S005,P0229,W03,2025-10-06,2025-10-28,2025-10-26,27,27,0
PO003089,S007,P0271,W05,2025-12-20,2026-01-29,2026-01-31,73,62,9
PO003090,S034,P0025,W09,2025-07-01,2025-07-12,2025-07-12,28,26,2
PO003091,S018,P0125,W10,2026-06-10,2026-06-27,2026-06-25,56,51,5
PO003092,S010,P0204,W11,2026-01-21,2026-02-25,2026-03-02,51,46,4
PO003093,S023,P0293,W09,2025-02-08,2025-02-14,2025-02-12,46,41,4
PO003094,S008,P0144,W15,2025-06-01,2025-06-10,2025-06-09,290,270,15
PO003095,S034,P0004,W12,2025-08-09,2025-08-28,2025-08-27,57,54,3
PO003096,S007,P0398,W14,2025-01-27,2025-02-25,2025-02-23,66,59,7
PO003097,S035,P0164,W02,2025-11-13,2025-11-23,2025-11-21,93,83,8
PO003098,S025,P0075,W15,2026-03-25,2026-04-07,2026-04-06,15,15,0
PO003099,S013,P0065,W05,2025-05-13,2025-06-13,2025-06-11,105,104,1
PO003100,S004,P0313,W09,2025-02-10,2025-02-26,2025-02-26,38,35,2
PO003101,S023,P0114,W14,2026-04-28,2026-05-16,2026-05-24,33,30,2
PO003102,S028,P0119,W02,2025-07-05,2025-07-24,2025-07-22,47,44,3
PO003103,S020,P0152,W07,2025-03-30,2025-04-09,2025-04-09,66,58,7
PO003104,S029,P0378,W04,2025-07-21,2025-08-04,2025-08-02,165,154,3
PO003105,S025,P0360,W13,2025-11-28,2025-12-18,,115,107,7
PO003106,S014,P0272,W08,2025-04-19,2025-04-27,2025-04-27,111,101,10
PO003107,S029,P0040,W04,2025-11-04,2025-11-16,2025-11-16,31,31,0
PO003108,S033,P0193,W01,2026-02-11,2026-03-20,2026-03-25,202,181,17
PO003109,S028,P0240,W04,2026-06-22,2026-07-11,2026-07-11,107,98,9
PO003110,S037,P0053,W05,2025-03-20,2025-04-01,2025-03-30,60,56,1
PO003111,S032,P0158,W03,2026-05-02,2026-05-26,2026-05-25,72,68,2
PO003112,S026,P0060,W12,2026-06-15,2026-06-28,2026-06-27,104,91,12
PO003113,S037,P0359,W02,2025-12-09,2025-12-19,2025-12-18,23,23,0
PO003114,S031,P0228,W05,2025-06-04,2025-06-24,2025-06-23,190,169,18
PO003115,S009,P0016,W01,2026-05-10,2026-05-30,2026-05-28,61,56,2
PO003116,S008,P0051,W05,2025-06-26,2025-07-09,2025-07-12,56,54,2
PO003117,S002,P0109,W10,2025-10-25,2025-11-18,2025-11-17,68,61,5
PO003118,S014,P0245,W07,2026-01-18,2026-01-26,2026-01-24,35,32,2
PO003119,S006,P0269,W04,2026-02-26,2026-03-12,2026-03-11,36,35,1
PO003120,S031,P0385,W05,2025-04-05,2025-04-26,2025-04-24,37,34,2
PO003121,S034,P0265,W09,2025-12-06,2025-12-09,2025-12-08,26,24,1
PO003122,S029,P0272,W12,2026-06-14,2026-06-28,2026-06-26,89,88,0
PO003123,S009,P0353,W13,2025-11-02,2025-11-20,2025-11-18,42,38,2
PO003124,S025,P0326,W13,2026-05-16,2026-06-06,2026-06-06,79,76,3
PO003125,S022,P0339,W01,2025-05-17,2025-06-01,2025-06-01,43,41,2
PO003126,S022,P0385,W07,2026-02-21,2026-03-10,2026-03-09,88,80,4
PO003127,S011,P0011,W04,2025-06-14,2025-07-02,2025-06-30,53,52,0
PO003128,S031,P0088,W12,2025-09-19,2025-10-10,2025-10-09,35,32,2
PO003129,S036,P0361,W14,2026-02-05,2026-03-03,2026-03-11,70,65,3
PO003130,S016,P0114,W14,2025-05-10,2025-05-22,2025-05-21,59,53,4
PO003131,S036,P0366,W02,2025-05-09,2025-06-09,2025-06-12,83,74,6
PO003132,S033,P0106,W11,2026-03-01,2026-04-05,2026-04-05,32,30,2
PO003133,S024,P0009,W03,2025-04-14,2025-05-13,2025-05-12,79,72,4
PO003134,S011,P0337,W07,2026-02-08,2026-02-28,2026-02-28,38,37,0
PO003135,S007,P0086,W08,2025-06-24,2025-07-17,2025-07-15,85,70,11
PO003136,S014,P0076,W11,2025-06-08,2025-06-11,2025-06-10,56,51,4
PO003137,S028,P0101,W10,2026-03-10,2026-04-06,2026-04-05,57,53,4
PO003138,S033,P0104,W09,2025-12-13,2026-01-14,,70,65,5
PO003139,S025,P0350,W09,2025-08-17,2025-09-14,2025-09-14,71,65,4
PO003140,S032,P0318,W04,2025-04-24,2025-05-12,2025-05-11,38,37,1
PO003141,S036,P0311,W02,2025-05-04,2025-06-03,2025-06-03,27,26,1
PO003142,S019,P0216,W12,2025-03-11,2025-03-25,2025-03-25,165,153,11
PO003143,S032,P0277,W05,2026-01-17,2026-01-28,2026-01-27,16,16,0
PO003144,S031,P0327,W14,2026-02-22,2026-03-10,2026-03-08,141,128,10
PO003145,S017,P0341,W12,2025-06-24,2025-07-28,2025-07-28,201,178,14
PO003146,S038,P0135,W11,2025-08-30,2025-09-17,2025-09-24,106,98,6
PO003147,S038,P0119,W15,2025-03-25,2025-04-12,2025-04-12,56,51,5
PO003148,S016,P0222,W09,2025-01-18,2025-02-12,2025-02-10,92,85,7
PO003149,S003,P0345,W03,2026-03-05,2026-03-21,2026-03-20,110,103,3
PO003150,S040,P0041,W01,2025-12-28,2026-01-04,2026-01-07,137,130,6
PO003151,S023,P0247,W10,2026-04-13,2026-04-22,2026-05-01,71,65,5
PO003152,S035,P0318,W07,2026-06-23,2026-07-04,2026-07-04,33,29,3
PO003153,S017,P0263,W12,2026-06-07,2026-06-25,2026-06-23,75,69,4
PO003154,S001,P0341,W07,2025-04-11,2025-04-21,2025-04-19,97,93,1
PO003155,S030,P0312,W06,2026-04-23,2026-05-14,2026-05-14,93,82,8
PO003156,S029,P0176,W11,2025-11-09,2025-11-19,2025-11-25,25,24,0
PO003157,S006,P0086,W08,2025-07-11,2025-07-18,2025-07-18,148,143,2
PO003158,S008,P0052,W04,2026-02-19,2026-02-23,2026-02-23,313,290,14
PO003159,S035,P0202,W13,2026-05-19,2026-05-30,2026-05-28,124,108,12
PO003160,S012,P0364,W12,2025-10-08,2025-10-30,2025-10-28,43,39,2
PO003161,S040,P0074,W03,2026-03-04,2026-03-16,2026-03-14,171,166,2
PO003162,S030,P0274,W07,2025-09-21,2025-10-06,2025-10-06,37,35,2
PO003163,S028,P0120,W14,2026-06-22,2026-07-10,2026-07-09,32,30,1
PO003164,S029,P0094,W01,2026-04-13,2026-04-16,2026-04-16,52,49,2
PO003165,S007,P0002,W09,2025-08-03,2025-08-26,2025-08-26,50,45,5
PO003166,S014,P0306,W14,2025-07-23,2025-08-10,2025-08-09,45,40,3
PO003167,S016,P0115,W13,2025-02-20,2025-03-13,2025-03-25,32,29,3
PO003168,S032,P0331,W03,2025-04-29,2025-05-19,2025-05-18,88,86,2
PO003169,S019,P0308,W01,2025-07-30,2025-08-17,2025-08-17,25,24,1
PO003170,S035,P0153,W07,2025-10-08,2025-10-22,2025-10-21,44,39,3
PO003171,S034,P0304,W02,2025-01-13,2025-01-21,2025-01-31,82,74,4
PO003172,S039,P0146,W05,2026-04-27,2026-05-23,2026-05-23,76,72,4
PO003173,S037,P0296,W11,2025-02-26,2025-03-01,2025-02-28,60,55,2
PO003174,S007,P0123,W10,2025-07-20,2025-08-14,2025-08-13,36,33,2
PO003175,S018,P0179,W08,2025-02-21,2025-03-14,2025-03-12,83,76,7
PO003176,S006,P0133,W14,2025-10-29,2025-11-08,2025-11-07,93,85,4
PO003177,S010,P0341,W01,2025-10-13,2025-11-09,2025-11-08,36,33,3
PO003178,S026,P0191,W12,2025-09-20,2025-10-07,2025-10-06,91,78,11
PO003179,S017,P0231,W01,2025-08-09,2025-09-06,2025-09-06,126,112,10
PO003180,S015,P0359,W03,2025-10-12,2025-11-02,2025-11-14,43,37,4
PO003181,S026,P0069,W12,2025-02-02,2025-02-08,2025-02-08,84,76,8
PO003182,S036,P0060,W08,2025-07-23,2025-08-20,2025-08-18,57,55,1
PO003183,S025,P0149,W09,2026-05-10,2026-05-29,2026-05-29,87,83,4
PO003184,S029,P0200,W05,2025-07-06,2025-07-13,2025-07-13,59,59,0
PO003185,S028,P0396,W10,2025-11-07,2025-11-22,2025-11-20,72,66,3
PO003186,S024,P0320,W05,2026-04-07,2026-05-09,2026-05-07,97,89,6
PO003187,S023,P0239,W11,2026-01-11,2026-01-20,2026-01-18,62,56,5
PO003188,S012,P0333,W04,2025-08-23,2025-09-15,2025-09-14,113,104,5
PO003189,S029,P0092,W07,2025-12-31,2026-01-05,2026-01-17,20,20,0
PO003190,S029,P0269,W10,2025-09-12,2025-09-29,2025-09-28,28,27,1
PO003191,S022,P0131,W15,2025-09-04,2025-09-20,2025-09-24,47,44,1
PO003192,S001,P0165,W14,2025-07-17,2025-07-20,2025-07-18,54,52,0
PO003193,S012,P0189,W03,2026-04-24,2026-05-25,2026-06-06,30,28,1
PO003194,S024,P0385,W13,2025-06-12,2025-07-13,2025-07-11,88,80,8
PO003195,S023,P0090,W11,2026-05-29,2026-06-20,2026-06-20,17,16,1
PO003196,S009,P0241,W13,2025-04-22,2025-05-08,2025-05-08,67,62,2
PO003197,S016,P0285,W14,2025-07-28,2025-08-16,2025-08-15,42,38,2
PO003198,S036,P0022,W06,2025-10-22,2025-11-20,2025-11-18,26,26,0
PO003199,S015,P0184,W14,2025-06-01,2025-06-14,2025-06-14,62,55,6
PO003200,S026,P0274,W10,2025-04-15,2025-04-29,2025-04-28,18,16,1
PO003201,S014,P0360,W05,2026-06-16,2026-06-19,2026-06-19,30,29,1
PO003202,S002,P0033,W08,2025-04-17,2025-05-08,2025-05-07,34,30,3
PO003203,S001,P0319,W14,2025-01-10,2025-01-14,2025-01-20,65,64,0
PO003204,S022,P0062,W09,2026-06-26,2026-07-23,2026-07-21,55,51,3
PO003205,S037,P0336,W08,2026-05-03,2026-05-12,2026-05-11,88,87,1
PO003206,S037,P0311,W03,2025-06-13,2025-06-18,2025-06-17,97,95,1
PO003207,S036,P0380,W02,2025-12-13,2026-01-09,2026-01-07,62,57,2
PO003208,S035,P0190,W12,2026-03-02,2026-03-21,2026-03-21,39,35,3
PO003209,S030,P0276,W06,2026-06-03,2026-06-18,2026-06-17,161,144,11
PO003210,S027,P0006,W02,2026-01-23,2026-02-27,2026-02-27,143,129,8
PO003211,S034,P0184,W15,2025-05-15,2025-05-22,2025-05-23,29,28,1
PO003212,S014,P0255,W14,2025-07-16,2025-08-01,2025-08-02,134,114,14
PO003213,S012,P0163,W06,2026-04-22,2026-05-31,2026-05-30,21,19,1
PO003214,S010,P0263,W03,2025-04-04,2025-05-10,2025-05-08,20,19,1
PO003215,S014,P0126,W02,2025-10-13,2025-10-27,2025-10-27,160,139,13
PO003216,S022,P0017,W07,2026-01-09,2026-01-28,2026-01-28,79,72,4
PO003217,S033,P0276,W10,2025-06-05,2025-07-14,2025-07-14,84,79,4
PO003218,S022,P0334,W06,2026-04-18,2026-05-02,2026-05-02,82,77,4
PO003219,S023,P0181,W11,2026-05-30,2026-06-09,2026-06-09,65,60,5
PO003220,S037,P0217,W04,2025-04-23,2025-04-26,2025-04-26,49,47,0
PO003221,S014,P0246,W04,2026-02-03,2026-02-14,2026-02-13,207,193,13
PO003222,S029,P0115,W13,2025-05-15,2025-05-22,2025-05-21,61,60,1
PO003223,S021,P0097,W13,2025-11-09,2025-11-15,2025-11-15,56,52,4
PO003224,S036,P0090,W08,2025-12-07,2026-01-14,2026-01-12,47,43,2
PO003225,S023,P0066,W02,2025-05-04,2025-05-18,2025-05-18,31,29,2
PO003226,S026,P0290,W08,2025-05-11,2025-05-18,2025-05-25,40,36,3
PO003227,S003,P0286,W10,2025-10-26,2025-11-18,,65,62,1
PO003228,S008,P0051,W13,2026-04-20,2026-04-23,2026-04-22,165,151,9
PO003229,S013,P0367,W13,2025-07-13,2025-08-15,2025-08-17,101,95,1
PO003230,S021,P0328,W13,2026-06-23,2026-06-29,2026-06-27,24,22,2
PO003231,S004,P0001,W08,2025-04-16,2025-05-07,2025-05-15,79,70,8
PO003232,S036,P0178,W15,2025-10-06,2025-11-06,2025-11-04,43,42,0
PO003233,S023,P0179,W09,2025-01-11,2025-01-29,2025-01-28,55,51,4
PO003234,S029,P0254,W12,2025-09-28,2025-10-01,2025-10-01,92,87,4
PO003235,S037,P0155,W04,2025-05-01,2025-05-14,2025-05-13,238,223,5
PO003236,S006,P0218,W14,2025-08-03,2025-08-16,2025-08-15,51,50,1
PO003237,S022,P0066,W08,2025-02-11,2025-02-21,2025-02-21,174,164,7
PO003238,S020,P0197,W15,2026-03-21,2026-03-30,2026-04-01,32,30,2
PO003239,S024,P0387,W10,2025-01-27,2025-02-25,2025-02-25,39,36,2
PO003240,S025,P0271,W02,2025-06-06,2025-06-29,2025-06-27,169,155,14
PO003241,S001,P0129,W11,2025-08-11,2025-08-17,2025-08-29,115,112,1
PO003242,S030,P0219,W13,2026-04-16,2026-05-04,2026-05-14,13,11,1
PO003243,S040,P0295,W04,2025-01-30,2025-02-09,2025-02-08,44,42,1
PO003244,S002,P0271,W12,2026-03-07,2026-04-03,2026-04-02,214,197,12
PO003245,S022,P0088,W14,2026-05-01,2026-05-22,2026-05-22,86,79,3
PO003246,S021,P0387,W14,2025-12-21,2025-12-31,2025-12-30,40,35,4
PO003247,S018,P0371,W12,2025-03-20,2025-04-10,2025-04-16,98,84,10
PO003248,S022,P0356,W07,2025-11-15,2025-12-02,2025-12-02,158,148,9
PO003249,S040,P0123,W08,2025-12-15,2025-12-22,2025-12-22,50,47,1
PO003250,S017,P0376,W10,2025-03-08,2025-04-07,2025-04-07,239,216,17
PO003251,S019,P0139,W15,2025-08-10,2025-08-29,2025-08-29,57,52,3
PO003252,S010,P0206,W03,2026-02-10,2026-03-08,2026-03-06,50,44,4
PO003253,S040,P0314,W14,2025-03-11,2025-03-28,2025-03-26,23,22,0
PO003254,S009,P0035,W09,2025-02-04,2025-02-16,2025-02-18,125,115,7
PO003255,S004,P0034,W03,2026-05-23,2026-06-07,2026-06-05,37,34,3
PO003256,S018,P0182,W04,2025-01-28,2025-02-10,2025-02-08,54,48,5
PO003257,S002,P0191,W03,2026-02-23,2026-03-24,2026-03-24,120,111,9
PO003258,S033,P0228,W15,2025-11-03,2025-12-13,2025-12-13,98,90,6
PO003259,S020,P0097,W04,2026-04-21,2026-04-26,2026-04-25,61,54,5
PO003260,S025,P0202,W02,2026-03-05,2026-03-26,2026-03-25,120,112,4
PO003261,S025,P0237,W09,2026-06-09,2026-06-27,2026-06-26,88,82,6
PO003262,S006,P0329,W10,2025-05-01,2025-05-11,2025-05-11,11,11,0
PO003263,S001,P0029,W15,2025-08-24,2025-08-30,2025-08-30,41,41,0
PO003264,S017,P0035,W12,2025-12-30,2026-01-20,2026-01-22,41,39,1
PO003265,S030,P0002,W08,2025-02-27,2025-03-02,2025-02-28,65,57,6
PO003266,S014,P0312,W13,2026-06-26,2026-07-01,2026-07-01,22,20,1
PO003267,S033,P0200,W10,2025-03-07,2025-04-13,2025-04-11,26,23,2
PO003268,S038,P0312,W06,2025-08-29,2025-09-19,2025-09-19,106,95,7
PO003269,S002,P0096,W09,2025-06-04,2025-06-22,2025-06-20,63,56,6
PO003270,S039,P0271,W12,2026-01-16,2026-02-05,2026-02-04,43,40,2
PO003271,S040,P0111,W07,2025-02-09,2025-02-17,2025-03-01,45,45,0
PO003272,S017,P0016,W10,2025-11-01,2025-11-27,2025-11-25,106,98,8
PO003273,S021,P0048,W08,2026-04-11,2026-04-23,2026-04-22,17,15,1
PO003274,S016,P0340,W09,2026-04-28,2026-05-10,2026-05-10,79,70,6
PO003275,S001,P0141,W03,2026-05-20,2026-05-23,2026-05-21,87,86,1
PO003276,S012,P0156,W01,2026-05-07,2026-06-10,2026-06-16,31,30,1
PO003277,S035,P0393,W09,2026-04-20,2026-05-04,2026-05-14,112,103,9
PO003278,S022,P0170,W05,2026-05-01,2026-05-24,2026-06-05,36,35,1
PO003279,S040,P0252,W09,2025-07-16,2025-07-24,2025-07-23,41,41,0
PO003280,S030,P0045,W04,2025-07-14,2025-07-29,2025-07-29,136,125,9
PO003281,S031,P0074,W09,2026-05-13,2026-05-28,2026-05-26,64,59,2
PO003282,S008,P0372,W02,2026-05-26,2026-06-11,2026-06-10,107,99,5
PO003283,S017,P0353,W12,2025-01-12,2025-02-10,2025-02-09,90,86,3
PO003284,S024,P0212,W07,2025-02-10,2025-03-16,2025-03-14,60,55,4
PO003285,S009,P0155,W06,2026-04-08,2026-05-04,2026-05-03,123,111,8
PO003286,S033,P0138,W11,2026-03-26,2026-04-21,2026-04-21,91,81,8
PO003287,S023,P0385,W14,2026-01-31,2026-02-05,2026-02-04,33,30,2
PO003288,S040,P0065,W10,2025-06-06,2025-06-18,2025-06-18,30,29,1
PO003289,S030,P0298,W01,2025-04-15,2025-04-28,2025-04-28,42,38,3
PO003290,S031,P0242,W15,2025-11-05,2025-11-25,2025-11-25,40,37,3
PO003291,S015,P0042,W13,2025-01-31,2025-02-19,2025-02-28,62,55,6
PO003292,S034,P0123,W14,2025-05-16,2025-05-24,2025-05-23,234,212,17
PO003293,S017,P0123,W12,2026-06-11,2026-07-04,2026-07-04,113,108,5
PO003294,S036,P0157,W13,2025-11-02,2025-12-05,2025-12-04,55,52,3
PO003295,S021,P0391,W09,2026-02-15,2026-02-20,2026-02-19,39,36,3
PO003296,S030,P0001,W08,2026-01-19,2026-02-03,2026-02-01,45,40,4
PO003297,S007,P0078,W09,2026-02-11,2026-03-15,2026-03-15,38,34,4
PO003298,S030,P0146,W01,2025-09-13,2025-09-25,2025-09-25,36,33,2
PO003299,S021,P0204,W02,2026-01-23,2026-01-26,2026-01-26,37,32,4
PO003300,S016,P0102,W15,2025-11-19,2025-11-27,2025-11-25,41,38,2
PO003301,S022,P0260,W01,2026-03-12,2026-03-20,2026-03-18,118,110,4
PO003302,S004,P0028,W03,2026-05-23,2026-06-14,2026-06-16,76,69,7
PO003303,S025,P0073,W05,2025-09-12,2025-10-02,2025-10-01,54,48,5
PO003304,S032,P0040,W13,2026-01-28,2026-02-21,2026-02-21,85,84,0
PO003305,S004,P0009,W13,2025-06-21,2025-07-12,2025-07-12,104,96,7
PO003306,S021,P0097,W12,2025-05-06,2025-05-09,2025-05-07,39,35,3
PO003307,S005,P0135,W13,2025-05-23,2025-06-07,2025-06-06,80,77,3
PO003308,S021,P0188,W06,2026-04-16,2026-04-28,2026-04-28,95,80,11
PO003309,S021,P0119,W02,2026-03-30,2026-04-09,2026-04-09,126,112,13
PO003310,S015,P0018,W14,2025-05-12,2025-05-22,2025-05-28,93,78,12
PO003311,S036,P0254,W02,2025-04-12,2025-05-18,,280,253,15
PO003312,S023,P0283,W11,2025-01-04,2025-01-21,2025-01-20,130,117,8
PO003313,S023,P0172,W08,2026-02-05,2026-02-15,2026-02-13,32,30,1
PO003314,S030,P0342,W01,2025-10-24,2025-11-06,2025-11-07,48,43,4
PO003315,S003,P0139,W09,2025-05-05,2025-05-30,2025-05-28,110,105,2
PO003316,S035,P0035,W13,2025-09-02,2025-09-17,2025-09-16,173,154,11
PO003317,S030,P0223,W01,2026-01-31,2026-02-03,2026-02-12,38,34,4
PO003318,S023,P0108,W01,2025-04-08,2025-04-12,2025-04-12,61,54,5
PO003319,S033,P0198,W15,2025-09-06,2025-10-08,2025-10-07,29,28,1
PO003320,S006,P0089,W07,2025-08-25,2025-09-12,2025-09-12,30,29,1
PO003321,S017,P0331,W08,2026-06-01,2026-06-16,2026-06-16,156,143,7
PO003322,S018,P0082,W12,2026-05-13,2026-05-31,2026-05-29,37,33,3
PO003323,S002,P0147,W06,2026-06-26,2026-07-23,2026-07-24,42,38,2
PO003324,S018,P0165,W03,2025-08-14,2025-09-01,2025-08-30,149,131,16
PO003325,S032,P0349,W07,2025-04-04,2025-04-25,2025-04-25,58,54,2
PO003326,S023,P0035,W08,2026-05-14,2026-05-25,2026-05-23,68,64,4
PO003327,S010,P0133,W09,2025-03-21,2025-04-20,2025-04-19,32,29,2
PO003328,S036,P0004,W01,2026-03-26,2026-04-25,2026-04-23,14,13,1
PO003329,S026,P0289,W13,2025-02-12,2025-03-02,2025-02-28,127,114,10
PO003330,S011,P0177,W01,2026-03-03,2026-03-14,2026-03-12,37,36,0
PO003331,S009,P0167,W15,2025-07-29,2025-08-17,2025-08-15,68,62,3
PO003332,S026,P0294,W11,2026-03-09,2026-03-25,2026-03-23,64,57,5
PO003333,S018,P0139,W02,2025-10-07,2025-11-06,2025-11-06,41,36,4
PO003334,S040,P0162,W05,2026-06-13,2026-06-16,2026-06-16,120,116,1
PO003335,S040,P0113,W07,2025-10-06,2025-10-17,2025-10-16,27,26,0
PO003336,S011,P0347,W07,2025-01-29,2025-02-16,2025-02-16,75,70,2
PO003337,S019,P0072,W01,2026-03-29,2026-04-19,2026-04-18,88,82,6
PO003338,S033,P0029,W11,2025-05-31,2025-07-03,2025-07-12,54,49,3
PO003339,S005,P0304,W11,2025-01-20,2025-02-07,2025-02-07,66,65,1
PO003340,S023,P0059,W14,2026-03-01,2026-03-10,2026-03-10,154,137,12
PO003341,S024,P0333,W15,2026-05-17,2026-06-09,2026-06-07,145,136,7
PO003342,S017,P0225,W09,2025-11-13,2025-12-11,2025-12-09,90,86,4
PO003343,S006,P0158,W11,2026-03-24,2026-03-27,2026-03-26,30,29,1
PO003344,S005,P0213,W10,2025-09-28,2025-10-15,2025-10-13,50,46,2
PO003345,S020,P0170,W09,2026-05-22,2026-05-30,2026-05-28,111,101,9
PO003346,S036,P0389,W14,2025-03-20,2025-04-16,2025-04-14,60,54,3
PO003347,S025,P0234,W05,2026-03-19,2026-04-12,2026-04-11,128,119,6
PO003348,S024,P0242,W13,2026-03-30,2026-05-01,2026-04-29,22,21,1
PO003349,S009,P0037,W06,2025-11-30,2025-12-23,2025-12-21,104,95,6
PO003350,S024,P0323,W06,2026-01-13,2026-02-17,2026-02-16,43,39,3
PO003351,S004,P0053,W10,2025-07-03,2025-07-24,2025-07-24,59,53,5
PO003352,S019,P0059,W10,2025-04-17,2025-05-10,2025-05-12,64,59,3
PO003353,S038,P0230,W08,2025-01-05,2025-02-01,2025-01-30,65,57,5
PO003354,S031,P0179,W02,2025-12-22,2026-01-15,2026-01-14,73,68,5
PO003355,S001,P0087,W01,2026-06-16,2026-06-19,2026-06-18,44,41,1
PO003356,S024,P0009,W07,2025-06-12,2025-07-11,2025-07-09,87,78,7
PO003357,S017,P0387,W07,2025-07-22,2025-08-15,2025-08-14,30,28,2
PO003358,S005,P0076,W03,2025-06-20,2025-07-10,2025-07-08,58,54,2
PO003359,S024,P0225,W01,2025-07-07,2025-08-09,2025-08-08,108,97,10
PO003360,S026,P0126,W03,2026-06-21,2026-06-28,2026-06-26,135,117,13
PO003361,S033,P0150,W15,2025-02-07,2025-03-14,2025-03-14,178,159,14
PO003362,S019,P0213,W10,2025-11-28,2025-12-15,2025-12-14,78,72,4
PO003363,S022,P0114,W06,2026-02-14,2026-02-26,2026-02-24,47,45,2
PO003364,S014,P0247,W03,2025-11-17,2025-11-26,2025-12-07,111,96,11
PO003365,S020,P0012,W06,2025-03-28,2025-04-07,2025-04-05,26,23,2
PO003366,S012,P0258,W08,2025-12-11,2026-01-09,2026-01-08,52,50,1
PO003367,S011,P0211,W03,2025-02-01,2025-02-15,2025-02-13,72,71,0
PO003368,S004,P0181,W07,2026-01-10,2026-01-29,2026-01-29,110,95,11
PO003369,S036,P0032,W09,2025-11-10,2025-11-27,2025-11-27,63,59,1
PO003370,S018,P0114,W05,2025-05-08,2025-05-29,2025-05-28,20,18,2
PO003371,S038,P0302,W10,2025-11-24,2025-12-11,2025-12-11,36,33,2
PO003372,S010,P0299,W01,2026-05-01,2026-05-27,2026-05-25,135,122,12
PO003373,S008,P0102,W03,2025-05-08,2025-05-27,2025-05-26,29,26,2
PO003374,S010,P0123,W10,2026-05-11,2026-05-31,2026-06-12,12,11,0
PO003375,S036,P0169,W10,2026-04-23,2026-05-30,2026-06-05,50,49,1
PO003376,S015,P0177,W13,2025-12-26,2026-01-04,2026-01-03,81,69,10
PO003377,S038,P0030,W02,2025-08-12,2025-09-05,2025-09-04,43,39,3
PO003378,S004,P0101,W14,2026-04-21,2026-05-12,2026-05-22,14,13,1
PO003379,S007,P0106,W15,2025-09-14,2025-10-16,2025-10-15,16,15,1
PO003380,S030,P0039,W08,2026-05-13,2026-06-05,2026-06-04,51,46,4
PO003381,S040,P0277,W14,2026-02-15,2026-02-24,2026-02-23,35,34,1
PO003382,S040,P0014,W05,2025-12-10,2025-12-20,2025-12-19,67,64,2
PO003383,S030,P0216,W03,2026-06-09,2026-06-25,2026-06-25,325,281,29
PO003384,S034,P0348,W04,2025-12-14,2025-12-17,2025-12-15,23,22,1
PO003385,S029,P0100,W11,2025-11-08,2025-11-11,2025-11-23,82,78,1
PO003386,S009,P0128,W03,2025-06-16,2025-07-04,2025-07-02,92,83,5
PO003387,S002,P0371,W05,2025-01-22,2025-02-17,2025-02-19,64,58,4
PO003388,S040,P0345,W04,2025-09-26,2025-10-01,2025-10-01,67,63,1
PO003389,S038,P0002,W14,2026-03-12,2026-03-29,2026-03-31,24,22,2
PO003390,S001,P0065,W11,2025-04-28,2025-05-02,2025-05-02,47,45,1
PO003391,S031,P0073,W14,2026-04-30,2026-05-20,2026-05-18,50,47,3
PO003392,S002,P0018,W13,2025-07-07,2025-08-05,2025-08-04,58,52,4
PO003393,S034,P0179,W09,2026-01-19,2026-01-25,2026-01-23,44,41,2
PO003394,S035,P0041,W08,2025-11-14,2025-11-28,2025-11-27,33,29,3
PO003395,S017,P0013,W08,2026-04-22,2026-05-22,2026-05-21,113,106,4
PO003396,S038,P0247,W08,2025-02-21,2025-03-04,2025-03-04,88,80,7
PO003397,S034,P0333,W10,2025-09-19,2025-09-27,2025-09-27,29,27,2
PO003398,S001,P0152,W09,2025-10-14,2025-10-17,2025-10-20,62,59,1
PO003399,S037,P0251,W14,2026-06-15,2026-06-30,2026-06-30,79,77,2
PO003400,S024,P0014,W15,2025-03-10,2025-04-06,2025-04-04,195,175,14
PO003401,S031,P0002,W11,2025-08-26,2025-09-11,2025-09-09,82,73,6
PO003402,S032,P0054,W02,2025-05-28,2025-06-30,2025-07-12,56,54,1
PO003403,S028,P0169,W07,2025-07-10,2025-08-06,2025-08-06,56,51,4
PO003404,S026,P0191,W05,2026-03-09,2026-03-26,2026-03-25,147,128,14
PO003405,S009,P0276,W01,2026-01-24,2026-02-09,2026-02-09,85,79,2
PO003406,S012,P0197,W05,2025-05-02,2025-06-04,2025-06-03,71,68,3
PO003407,S006,P0348,W12,2026-06-14,2026-06-17,2026-06-15,41,40,0
PO003408,S006,P0194,W14,2025-10-22,2025-10-28,2025-10-27,75,70,4
PO003409,S032,P0148,W07,2025-08-14,2025-08-26,2025-08-26,74,72,0
PO003410,S040,P0386,W11,2025-10-20,2025-11-03,2025-11-01,312,297,2
PO003411,S004,P0319,W11,2025-08-13,2025-08-25,2025-09-05,94,83,9
PO003412,S003,P0370,W09,2025-07-16,2025-08-08,2025-08-06,179,168,6
PO003413,S024,P0389,W13,2025-02-17,2025-03-20,2025-03-19,83,73,9
PO003414,S021,P0365,W09,2026-04-26,2026-05-03,2026-05-02,104,90,10
PO003415,S008,P0157,W13,2026-05-03,2026-05-16,2026-05-23,56,52,4
PO003416,S038,P0059,W03,2025-04-04,2025-05-03,2025-05-01,38,34,3
PO003417,S004,P0066,W08,2026-06-17,2026-07-06,2026-07-05,53,49,3
PO003418,S040,P0147,W12,2025-10-14,2025-10-17,2025-10-17,66,66,0
PO003419,S011,P0131,W02,2025-02-26,2025-03-15,2025-03-20,108,100,3
PO003420,S027,P0267,W02,2025-10-14,2025-11-09,2025-11-09,36,33,2
PO003421,S032,P0316,W14,2026-02-11,2026-03-03,2026-03-01,79,77,0
PO003422,S007,P0164,W08,2025-11-30,2025-12-30,2025-12-30,78,69,8
PO003423,S010,P0224,W13,2025-07-18,2025-08-11,2025-08-10,75,68,7
PO003424,S020,P0284,W14,2025-11-26,2025-12-10,2025-12-08,47,43,3
PO003425,S013,P0025,W12,2025-03-18,2025-04-20,2025-04-18,52,52,0
PO003426,S024,P0304,W07,2025-12-17,2026-01-19,2026-01-17,29,28,1
PO003427,S005,P0198,W01,2026-03-14,2026-04-02,2026-04-02,214,201,8
PO003428,S009,P0384,W12,2025-12-20,2026-01-09,2026-01-07,132,124,5
PO003429,S007,P0118,W08,2025-10-15,2025-11-11,2025-11-09,20,17,2
PO003430,S032,P0346,W11,2025-03-01,2025-03-17,2025-03-15,56,52,3
PO003431,S012,P0295,W09,2025-02-21,2025-03-23,2025-03-23,59,55,2
PO003432,S015,P0006,W12,2025-06-26,2025-07-09,2025-07-08,32,28,3
PO003433,S017,P0152,W07,2025-08-11,2025-09-09,2025-09-08,91,84,3
PO003434,S001,P0124,W05,2026-02-23,2026-02-26,2026-02-26,16,15,0
PO003435,S007,P0372,W01,2025-12-16,2026-01-16,2026-01-27,40,35,4
PO003436,S014,P0340,W11,2026-02-14,2026-02-28,2026-02-26,114,105,6
PO003437,S007,P0191,W05,2025-10-29,2025-11-30,2025-11-29,78,69,7
PO003438,S007,P0102,W15,2025-01-30,2025-02-24,2025-02-22,58,50,6
PO003439,S034,P0134,W03,2026-04-21,2026-04-26,2026-04-24,94,87,4
PO003440,S001,P0150,W07,2026-01-13,2026-01-16,2026-01-14,59,56,1
PO003441,S020,P0377,W10,2026-03-16,2026-03-23,2026-03-23,37,34,3
PO003442,S021,P0093,W08,2025-04-13,2025-04-19,2025-04-19,215,190,22
PO003443,S013,P0335,W08,2025-06-26,2025-08-03,2025-08-01,107,103,3
PO003444,S040,P0293,W07,2025-02-12,2025-02-24,2025-02-24,101,96,1
PO003445,S004,P0202,W05,2025-08-01,2025-08-11,2025-08-11,63,55,7
PO003446,S005,P0081,W15,2025-07-30,2025-08-10,2025-08-09,61,58,3
PO003447,S012,P0362,W15,2025-10-05,2025-10-25,2025-10-23,85,79,5
PO003448,S020,P0299,W15,2025-09-16,2025-09-26,2025-10-06,73,64,8
PO003449,S001,P0121,W08,2026-06-22,2026-06-26,2026-06-25,67,63,1
PO003450,S003,P0345,W11,2026-03-01,2026-03-27,2026-04-03,80,75,3
PO003451,S036,P0010,W14,2025-08-02,2025-09-01,2025-08-31,136,121,10
PO003452,S018,P0313,W13,2026-06-17,2026-07-16,2026-07-28,120,102,15
PO003453,S016,P0361,W12,2025-12-22,2026-01-08,2026-01-06,14,12,1
PO003454,S015,P0316,W14,2026-03-09,2026-03-28,2026-03-27,63,53,7
PO003455,S016,P0038,W11,2025-02-04,2025-02-21,2025-02-20,86,79,5
PO003456,S035,P0285,W02,2026-01-02,2026-01-11,2026-01-11,71,64,7
PO003457,S030,P0386,W05,2025-06-25,2025-07-20,2025-07-19,58,51,5
PO003458,S002,P0256,W11,2025-06-23,2025-07-19,2025-07-29,58,55,2
PO003459,S013,P0179,W13,2026-01-12,2026-02-09,2026-02-07,204,189,7
PO003460,S009,P0175,W03,2026-02-02,2026-02-20,2026-02-21,81,73,5
PO003461,S005,P0173,W03,2025-06-12,2025-06-28,2025-06-28,81,79,1
PO003462,S015,P0350,W15,2025-02-02,2025-02-24,2025-02-22,30,26,3
PO003463,S002,P0362,W09,2025-03-10,2025-04-12,2025-04-12,232,217,14
PO003464,S035,P0352,W14,2026-06-07,2026-06-20,2026-06-18,33,30,3
PO003465,S007,P0296,W06,2025-11-28,2026-01-04,2026-01-03,136,116,17
PO003466,S030,P0245,W15,2025-07-05,2025-07-18,2025-07-16,45,40,3
PO003467,S017,P0278,W15,2025-07-20,2025-08-17,2025-08-17,20,19,1
PO003468,S031,P0041,W12,2025-07-15,2025-07-31,2025-07-30,119,106,8
PO003469,S011,P0117,W12,2026-03-04,2026-03-16,2026-03-16,107,105,2
PO003470,S006,P0154,W09,2025-06-16,2025-06-20,2025-06-19,192,179,11
PO003471,S024,P0009,W07,2025-02-07,2025-03-12,2025-03-10,118,109,9
PO003472,S003,P0074,W02,2025-09-26,2025-10-10,2025-10-08,127,123,1
PO003473,S005,P0213,W15,2026-06-20,2026-07-13,2026-07-13,32,31,0
PO003474,S031,P0103,W11,2026-04-01,2026-04-14,2026-04-14,58,51,5
PO003475,S006,P0020,W06,2025-10-12,2025-10-17,2025-10-16,447,420,18
PO003476,S015,P0144,W14,2025-05-23,2025-06-05,2025-06-04,34,29,4
PO003477,S034,P0131,W05,2026-02-22,2026-03-10,2026-03-12,35,33,2
PO003478,S007,P0006,W12,2025-06-06,2025-07-02,2025-07-01,29,26,3
PO003479,S023,P0333,W08,2025-04-06,2025-04-19,2025-05-01,41,36,3
PO003480,S005,P0105,W09,2025-07-02,2025-07-21,2025-07-21,127,122,4
PO003481,S001,P0065,W12,2026-01-10,2026-01-18,2026-01-16,72,67,3
PO003482,S028,P0028,W11,2026-06-21,2026-07-16,2026-07-16,166,152,12
PO003483,S032,P0316,W09,2025-10-06,2025-10-24,2025-10-22,135,132,2
PO003484,S034,P0366,W01,2026-03-12,2026-03-23,2026-03-22,53,51,2
PO003485,S008,P0337,W04,2025-04-08,2025-04-22,2025-04-20,135,126,8
PO003486,S010,P0393,W12,2025-09-09,2025-10-03,2025-10-02,155,137,16
PO003487,S035,P0161,W07,2026-03-17,2026-04-05,2026-04-03,94,81,10
PO003488,S035,P0260,W09,2025-06-06,2025-06-14,2025-06-13,27,24,2
PO003489,S039,P0098,W05,2026-01-10,2026-01-26,2026-01-26,78,71,6
PO003490,S021,P0091,W07,2026-03-15,2026-03-25,2026-03-24,115,105,10
PO003491,S002,P0356,W01,2025-12-04,2025-12-24,2025-12-22,20,19,1
PO003492,S007,P0259,W02,2025-12-09,2026-01-05,2026-01-13,48,42,4
PO003493,S019,P0113,W05,2025-11-23,2025-12-09,2025-12-09,57,54,2
PO003494,S001,P0331,W02,2025-02-27,2025-03-09,2025-03-08,169,160,3
PO003495,S018,P0074,W02,2025-01-17,2025-02-10,2025-02-08,125,109,16
PO003496,S022,P0042,W08,2025-11-10,2025-11-19,2025-11-19,150,142,2
PO003497,S005,P0033,W07,2026-02-10,2026-03-05,2026-03-04,148,136,5
PO003498,S035,P0054,W08,2026-04-05,2026-04-25,2026-04-25,61,54,5
PO003499,S039,P0166,W08,2025-01-31,2025-02-22,2025-02-20,40,36,2
PO003500,S031,P0239,W05,2026-01-31,2026-02-13,2026-02-11,44,39,3
PO003501,S023,P0067,W08,2026-02-21,2026-03-07,2026-03-06,129,114,9
PO003502,S040,P0023,W01,2025-03-09,2025-03-21,2025-03-28,50,50,0
PO003503,S004,P0255,W06,2026-06-02,2026-06-20,2026-07-02,45,40,4
PO003504,S037,P0175,W07,2025-07-27,2025-08-15,2025-08-13,189,176,5
PO003505,S037,P0204,W08,2025-05-24,2025-05-31,2025-05-31,28,28,0
PO003506,S007,P0152,W09,2026-04-23,2026-05-16,2026-05-15,16,14,1
PO003507,S034,P0375,W12,2026-01-30,2026-02-16,2026-02-14,85,79,5
PO003508,S007,P0271,W06,2025-08-02,2025-08-28,2025-08-28,54,48,5
PO003509,S007,P0246,W14,2026-06-10,2026-07-04,2026-07-02,193,169,22
PO003510,S025,P0111,W06,2025-12-06,2025-12-31,2025-12-31,67,60,4
PO003511,S033,P0188,W03,2026-04-15,2026-05-16,2026-05-16,97,85,8
PO003512,S026,P0012,W11,2026-02-01,2026-02-17,2026-02-17,201,184,16
PO003513,S019,P0250,W05,2025-12-22,2026-01-06,2026-01-05,89,83,6
PO003514,S019,P0056,W07,2025-04-28,2025-05-13,2025-05-11,29,29,0
PO003515,S012,P0116,W02,2025-05-21,2025-06-11,2025-06-11,66,63,1
PO003516,S024,P0306,W15,2025-12-11,2026-01-13,2026-01-11,12,10,1
PO003517,S005,P0090,W06,2026-05-03,2026-05-19,2026-05-19,32,31,0
PO003518,S036,P0203,W15,2026-06-01,2026-07-03,2026-07-03,54,51,2
PO003519,S031,P0345,W10,2025-04-16,2025-05-12,2025-05-12,86,78,4
PO003520,S002,P0044,W13,2025-09-30,2025-10-29,2025-10-28,80,76,4
PO003521,S004,P0330,W12,2025-05-19,2025-06-08,2025-06-08,73,67,6
PO003522,S023,P0382,W04,2026-03-17,2026-03-24,2026-03-31,64,57,6
PO003523,S039,P0200,W05,2025-02-08,2025-03-05,2025-03-03,18,17,1
PO003524,S040,P0346,W05,2025-02-11,2025-02-20,2025-02-18,42,40,0
PO003525,S011,P0185,W05,2025-12-17,2025-12-27,2025-12-27,47,45,0
PO003526,S028,P0230,W10,2025-03-29,2025-04-22,2025-04-22,25,23,1
PO003527,S034,P0122,W04,2025-05-05,2025-05-12,2025-05-11,56,51,4
PO003528,S007,P0250,W11,2026-03-09,2026-04-12,2026-04-12,33,31,2
PO003529,S029,P0123,W03,2025-03-31,2025-04-05,2025-04-04,185,183,2
PO003530,S032,P0058,W02,2026-01-31,2026-03-04,2026-03-03,104,94,5
PO003531,S005,P0362,W13,2025-06-02,2025-06-19,2025-06-17,130,126,4
PO003532,S023,P0223,W12,2025-02-01,2025-02-14,2025-02-18,104,95,9
PO003533,S002,P0283,W05,2025-01-04,2025-01-25,2025-01-23,66,60,6
PO003534,S010,P0218,W15,2025-12-16,2026-01-11,2026-01-09,142,123,16
PO003535,S028,P0131,W04,2026-05-18,2026-06-15,2026-06-14,62,55,5
PO003536,S039,P0077,W09,2025-06-25,2025-07-15,2025-07-15,28,27,1
PO003537,S002,P0037,W12,2025-07-17,2025-08-14,2025-08-13,27,26,1
PO003538,S033,P0140,W04,2025-02-18,2025-03-23,2025-03-23,69,60,6
PO003539,S015,P0271,W02,2026-01-26,2026-02-03,2026-02-02,113,97,12
PO003540,S030,P0339,W10,2025-08-01,2025-08-15,2025-08-17,145,130,11
PO003541,S009,P0169,W04,2025-07-15,2025-07-31,2025-07-30,43,42,1
PO003542,S004,P0351,W13,2025-10-09,2025-10-15,2025-10-26,50,43,5
PO003543,S038,P0336,W04,2026-01-04,2026-01-23,2026-01-21,86,76,8
PO003544,S011,P0052,W05,2026-04-10,2026-04-25,2026-04-23,89,87,1
PO003545,S008,P0389,W09,2025-08-17,2025-09-02,2025-09-02,51,48,2
PO003546,S024,P0379,W10,2025-12-03,2026-01-09,2026-01-11,87,77,8
PO003547,S002,P0214,W03,2026-06-20,2026-07-13,2026-07-14,85,79,5
PO003548,S002,P0329,W10,2025-06-29,2025-07-22,2025-07-22,11,11,0
PO003549,S005,P0013,W12,2026-02-26,2026-03-16,2026-03-14,48,45,1
PO003550,S035,P0312,W06,2026-01-02,2026-01-25,2026-01-23,74,66,6
PO003551,S024,P0268,W04,2025-06-26,2025-07-29,2025-07-29,70,63,6
PO003552,S040,P0367,W03,2026-02-21,2026-03-07,2026-03-05,73,72,0
PO003553,S037,P0140,W06,2025-03-21,2025-03-28,2025-03-26,20,19,0
PO003554,S003,P0326,W13,2025-12-11,2026-01-04,2026-01-03,131,127,4
PO003555,S012,P0187,W01,2025-02-12,2025-03-11,2025-03-09,24,23,1
PO003556,S039,P0262,W08,2026-01-01,2026-01-26,2026-01-24,104,95,5
PO003557,S007,P0167,W12,2025-02-16,2025-03-14,2025-03-12,116,104,9
PO003558,S032,P0122,W07,2025-01-17,2025-01-30,2025-01-30,45,43,2
PO003559,S018,P0327,W10,2025-11-28,2025-12-24,2025-12-24,88,77,9
PO003560,S039,P0357,W07,2026-06-01,2026-06-21,2026-06-21,64,60,2
PO003561,S015,P0281,W01,2026-02-08,2026-03-03,2026-03-02,287,248,29
PO003562,S017,P0177,W08,2025-11-10,2025-12-13,2025-12-13,79,72,5
PO003563,S017,P0240,W12,2025-09-15,2025-10-06,2025-10-06,46,43,3
PO003564,S021,P0104,W01,2025-11-01,2025-11-04,2025-11-02,56,51,5
PO003565,S017,P0086,W08,2025-02-08,2025-03-02,2025-03-02,93,85,6
PO003566,S033,P0124,W04,2026-05-15,2026-06-26,2026-07-04,71,62,6
PO003567,S026,P0137,W11,2025-11-19,2025-12-05,2025-12-04,111,100,10
PO003568,S004,P0275,W12,2026-05-14,2026-06-04,2026-06-04,114,104,10
PO003569,S022,P0100,W07,2026-01-04,2026-01-12,2026-01-11,65,62,2
PO003570,S033,P0320,W11,2025-08-09,2025-09-08,,99,89,8
PO003571,S012,P0388,W01,2025-12-08,2026-01-11,2026-01-11,80,76,3
PO003572,S031,P0060,W01,2025-12-26,2026-01-14,2026-01-14,190,170,13
PO003573,S004,P0122,W05,2025-10-28,2025-11-13,2025-11-11,58,51,6
PO003574,S030,P0162,W02,2025-03-21,2025-03-26,2025-03-26,237,212,19
PO003575,S038,P0046,W15,2026-02-20,2026-03-08,2026-03-18,35,32,2
PO003576,S002,P0132,W15,2025-02-09,2025-03-04,2025-03-03,68,64,3
PO003577,S005,P0303,W15,2025-09-25,2025-10-10,2025-10-09,86,85,0
PO003578,S022,P0354,W12,2025-06-23,2025-06-30,2025-06-28,55,51,2
PO003579,S007,P0374,W07,2025-05-16,2025-06-01,2025-05-30,61,53,6
PO003580,S032,P0157,W09,2026-04-10,2026-04-26,2026-04-25,40,37,1
PO003581,S012,P0266,W07,2025-01-31,2025-03-05,2025-03-14,80,72,5
PO003582,S038,P0064,W13,2025-12-17,2026-01-14,2026-01-12,97,89,7
PO003583,S030,P0164,W05,2025-06-13,2025-07-01,2025-06-29,10,9,0
PO003584,S026,P0299,W07,2025-12-09,2025-12-15,2025-12-15,36,33,3
PO003585,S038,P0224,W09,2026-03-25,2026-04-15,2026-04-13,90,84,6
PO003586,S012,P0168,W08,2025-05-22,2025-06-22,2025-06-22,54,53,1
PO003587,S013,P0356,W11,2025-09-07,2025-10-02,2025-10-02,185,178,6
PO003588,S012,P0169,W06,2025-09-05,2025-10-05,2025-10-04,77,74,3
PO003589,S007,P0003,W15,2025-10-01,2025-11-07,2025-11-06,116,104,11
PO003590,S005,P0323,W06,2025-12-25,2026-01-15,2026-01-14,76,73,3
PO003591,S028,P0260,W10,2026-06-18,2026-07-14,2026-07-12,165,157,8
PO003592,S015,P0223,W14,2025-06-03,2025-06-15,2025-06-24,53,48,5
PO003593,S021,P0115,W07,2026-01-25,2026-02-01,2026-02-01,101,87,10
PO003594,S013,P0061,W01,2026-04-25,2026-05-23,2026-05-21,36,34,1
PO003595,S001,P0236,W14,2026-06-09,2026-06-12,2026-06-11,61,59,0
PO003596,S017,P0352,W09,2025-02-10,2025-03-04,2025-03-02,75,72,3
PO003597,S015,P0116,W10,2025-09-25,2025-10-14,2025-10-12,43,36,6
PO003598,S032,P0287,W02,2025-11-03,2025-11-19,2025-11-17,42,39,1
PO003599,S001,P0336,W06,2025-03-09,2025-03-12,2025-03-10,47,46,0
PO003600,S012,P0223,W02,2026-02-19,2026-03-31,2026-03-31,44,41,2
PO003601,S013,P0185,W09,2025-04-30,2025-06-05,2025-06-05,125,123,1
PO003602,S018,P0098,W08,2025-02-09,2025-02-26,2025-02-24,49,42,5
PO003603,S022,P0194,W13,2025-05-19,2025-06-02,2025-06-04,61,57,4
PO003604,S032,P0352,W05,2026-05-08,2026-05-29,2026-06-04,175,166,9
PO003605,S019,P0269,W08,2025-08-05,2025-08-28,2025-08-27,111,105,6
PO003606,S035,P0252,W08,2025-03-01,2025-03-18,2025-03-16,102,92,8
PO003607,S016,P0048,W11,2025-04-11,2025-05-02,2025-05-02,72,64,7
PO003608,S011,P0202,W03,2026-03-03,2026-03-18,2026-03-18,54,53,0
PO003609,S028,P0008,W03,2026-06-09,2026-07-08,2026-07-07,142,125,11
PO003610,S002,P0325,W09,2025-07-03,2025-08-03,2025-08-03,71,62,7
PO003611,S030,P0058,W07,2025-08-25,2025-09-14,2025-09-13,35,32,2
PO003612,S032,P0032,W06,2025-02-08,2025-03-06,2025-03-04,36,34,1
PO003613,S002,P0382,W15,2025-04-17,2025-05-15,2025-05-16,133,125,8
PO003614,S023,P0028,W14,2025-08-02,2025-08-12,2025-08-10,77,67,10
PO003615,S014,P0278,W01,2025-01-16,2025-01-19,2025-01-18,113,101,8
PO003616,S034,P0177,W15,2026-05-15,2026-05-18,2026-05-16,27,26,1
PO003617,S025,P0269,W01,2025-10-23,2025-11-23,2025-11-21,25,24,1
PO003618,S007,P0370,W13,2026-06-14,2026-07-11,2026-07-11,75,63,10
PO003619,S034,P0245,W01,2025-06-13,2025-06-30,2025-06-28,50,46,4
PO003620,S020,P0246,W05,2026-03-06,2026-03-18,2026-03-24,212,191,15
PO003621,S022,P0081,W07,2025-03-08,2025-03-27,2025-03-26,59,55,3
PO003622,S010,P0141,W09,2025-01-02,2025-01-25,2025-01-24,154,137,11
PO003623,S037,P0057,W15,2025-03-07,2025-03-11,2025-03-09,76,73,0
PO003624,S039,P0344,W12,2025-08-24,2025-09-19,2025-09-19,47,43,3
PO003625,S023,P0164,W01,2025-02-15,2025-02-27,2025-02-25,83,71,9
PO003626,S003,P0065,W10,2025-01-02,2025-01-15,2025-01-15,53,49,2
PO003627,S003,P0256,W01,2025-04-18,2025-05-11,2025-05-10,81,76,3
PO003628,S016,P0251,W03,2025-08-15,2025-08-28,2025-08-27,90,81,8
PO003629,S019,P0160,W15,2026-06-20,2026-07-08,2026-07-07,15,14,1
PO003630,S028,P0179,W08,2025-09-15,2025-10-09,2025-10-08,115,106,8
PO003631,S001,P0048,W01,2025-07-25,2025-08-07,2025-08-06,25,23,1
PO003632,S020,P0097,W15,2025-10-03,2025-10-16,2025-10-14,72,64,5
PO003633,S038,P0093,W15,2025-12-08,2025-12-24,2025-12-22,52,47,5
PO003634,S031,P0384,W14,2025-12-09,2025-12-25,2025-12-25,48,44,3
PO003635,S038,P0011,W04,2025-08-07,2025-08-29,2025-09-08,21,19,1
PO003636,S001,P0251,W05,2025-12-01,2025-12-05,2025-12-15,81,80,1
PO003637,S009,P0051,W11,2026-04-09,2026-04-25,2026-04-25,117,107,5
PO003638,S037,P0368,W08,2026-01-17,2026-01-20,2026-01-18,78,76,2
PO003639,S025,P0024,W01,2025-01-30,2025-03-03,2025-03-02,211,196,12
PO003640,S014,P0378,W14,2025-07-20,2025-07-23,2025-07-22,74,65,6
PO003641,S002,P0225,W13,2026-06-04,2026-07-08,2026-07-08,55,50,3
PO003642,S028,P0206,W04,2025-07-17,2025-08-04,2025-08-03,41,38,3
PO003643,S023,P0388,W14,2025-01-14,2025-01-25,2025-01-23,75,67,6
PO003644,S009,P0142,W02,2025-03-26,2025-04-18,2025-04-17,56,54,0
PO003645,S039,P0355,W07,2025-01-07,2025-02-02,2025-02-01,77,70,5
PO003646,S035,P0030,W01,2025-01-03,2025-01-19,2025-01-18,41,37,4
PO003647,S038,P0317,W10,2025-03-02,2025-03-18,2025-03-16,102,94,7
PO003648,S002,P0037,W05,2025-03-13,2025-04-07,2025-04-09,36,33,2
PO003649,S013,P0075,W13,2026-05-29,2026-07-02,2026-07-01,86,84,2
PO003650,S026,P0050,W10,2026-06-03,2026-06-21,2026-06-19,116,104,10
PO003651,S038,P0181,W05,2026-05-04,2026-05-24,2026-05-31,127,115,12
PO003652,S003,P0245,W07,2025-03-29,2025-04-16,2025-04-14,159,151,3
PO003653,S006,P0158,W03,2026-06-01,2026-06-14,2026-06-14,30,28,1
PO003654,S010,P0228,W01,2026-05-01,2026-06-06,2026-06-04,45,42,3
PO003655,S011,P0114,W03,2026-05-18,2026-06-05,2026-06-07,51,51,0
PO003656,S016,P0266,W08,2025-04-19,2025-05-11,2025-05-11,157,146,9
PO003657,S025,P0351,W08,2026-05-18,2026-06-04,2026-06-03,51,46,3
PO003658,S020,P0018,W03,2025-01-24,2025-02-06,2025-02-06,24,22,2
PO003659,S016,P0219,W04,2025-09-01,2025-09-26,2025-09-24,69,65,3
PO003660,S009,P0155,W12,2026-05-29,2026-06-13,2026-06-13,69,66,1
PO003661,S009,P0201,W04,2025-10-27,2025-11-20,2025-12-01,219,198,16
PO003662,S007,P0164,W02,2026-02-20,2026-03-12,2026-03-13,115,103,10
PO003663,S029,P0139,W04,2025-01-15,2025-01-19,2025-01-23,63,59,3
PO003664,S035,P0136,W13,2026-06-13,2026-07-03,2026-07-04,49,45,4
PO003665,S004,P0115,W12,2025-03-30,2025-04-28,2025-04-28,42,36,4
PO003666,S026,P0210,W03,2025-08-15,2025-08-25,2025-08-25,44,39,4
PO003667,S029,P0368,W15,2025-06-27,2025-07-05,2025-07-03,63,59,1
PO003668,S012,P0185,W04,2025-09-17,2025-10-15,2025-10-14,53,50,2
PO003669,S022,P0047,W06,2025-06-03,2025-06-21,2025-06-20,132,125,5
PO003670,S009,P0051,W10,2025-08-10,2025-09-03,2025-09-01,205,183,17
PO003671,S024,P0372,W02,2025-05-27,2025-06-30,2025-06-28,84,76,7
PO003672,S002,P0241,W11,2026-04-14,2026-05-12,2026-05-11,67,59,5
PO003673,S022,P0300,W07,2026-06-03,2026-06-22,2026-06-21,66,62,2
PO003674,S038,P0016,W08,2025-04-13,2025-05-05,2025-05-04,134,120,10
PO003675,S005,P0053,W09,2025-12-21,2026-01-09,2026-01-08,23,23,0
PO003676,S037,P0186,W07,2026-05-03,2026-05-09,2026-05-19,110,103,2
PO003677,S026,P0291,W06,2025-03-26,2025-04-14,2025-04-12,97,86,8
PO003678,S006,P0379,W07,2025-02-13,2025-02-20,2025-02-20,51,48,1
PO003679,S006,P0123,W04,2025-04-03,2025-04-13,2025-04-12,126,122,3
PO003680,S036,P0194,W09,2025-07-25,2025-08-28,2025-08-30,46,43,2
PO003681,S008,P0108,W03,2025-06-30,2025-07-15,2025-07-14,119,113,5
PO003682,S007,P0014,W10,2025-04-01,2025-04-30,2025-04-29,36,32,4
PO003683,S034,P0221,W14,2025-10-06,2025-10-15,2025-10-13,86,78,4
PO003684,S029,P0179,W09,2025-09-26,2025-09-29,2025-09-29,18,18,0
PO003685,S015,P0262,W07,2025-05-30,2025-06-07,2025-06-05,53,45,6
PO003686,S021,P0152,W09,2026-02-03,2026-02-16,2026-02-23,378,328,39
PO003687,S026,P0227,W15,2026-03-05,2026-03-15,2026-03-14,72,65,7
PO003688,S003,P0088,W14,2025-11-01,2025-11-13,2025-11-11,119,114,4
PO003689,S027,P0393,W03,2025-01-04,2025-01-27,2025-01-25,29,26,2
PO003690,S039,P0183,W13,2025-05-01,2025-05-27,2025-05-26,121,114,5
PO003691,S001,P0258,W14,2026-06-21,2026-06-25,2026-06-25,53,51,0
PO003692,S012,P0375,W06,2026-04-10,2026-05-09,2026-05-09,44,40,2
PO003693,S034,P0195,W04,2025-05-21,2025-06-02,2025-06-01,137,128,9
PO003694,S020,P0390,W14,2025-01-05,2025-01-14,2025-01-13,51,45,4
PO003695,S040,P0137,W03,2025-06-09,2025-06-17,2025-06-17,283,264,11
PO003696,S038,P0283,W03,2026-04-28,2026-05-17,2026-05-16,373,337,30
PO003697,S016,P0377,W11,2025-05-06,2025-05-30,2025-05-28,33,29,3
PO003698,S031,P0365,W03,2025-09-09,2025-09-28,2025-09-28,68,64,4
PO003699,S027,P0103,W08,2025-09-16,2025-10-03,2025-10-02,75,66,6
PO003700,S016,P0274,W06,2025-10-04,2025-10-21,2025-10-20,62,55,6
PO003701,S004,P0035,W09,2026-03-11,2026-03-30,2026-03-30,59,54,4
PO003702,S026,P0215,W05,2025-12-22,2026-01-09,2026-01-15,58,52,5
PO003703,S037,P0107,W02,2026-03-30,2026-04-16,2026-04-19,79,76,1
PO003704,S005,P0326,W10,2025-09-13,2025-10-06,2025-10-05,34,33,0
PO003705,S018,P0181,W01,2025-04-15,2025-05-11,2025-05-10,89,76,10
PO003706,S004,P0250,W11,2025-01-28,2025-02-13,2025-02-13,299,253,36
PO003707,S011,P0118,W12,2025-03-20,2025-04-11,2025-04-09,128,122,0
PO003708,S016,P0273,W11,2026-01-22,2026-02-06,2026-02-05,259,232,25
PO003709,S010,P0321,W11,2025-02-07,2025-03-01,2025-03-01,30,27,2
PO003710,S021,P0270,W15,2026-03-25,2026-04-03,2026-04-01,11,10,1
PO003711,S022,P0380,W02,2025-11-25,2025-12-12,2025-12-10,113,111,1
PO003712,S004,P0040,W03,2025-11-13,2025-11-30,2025-11-29,69,60,6
PO003713,S014,P0066,W10,2025-06-16,2025-06-23,2025-06-23,41,39,2
PO003714,S018,P0077,W01,2025-03-21,2025-04-18,2025-04-18,61,56,5
PO003715,S022,P0288,W11,2025-03-08,2025-03-21,2025-03-21,58,53,3
PO003716,S005,P0246,W11,2026-06-28,2026-07-11,2026-07-13,20,19,0
PO003717,S011,P0042,W15,2026-03-10,2026-03-15,2026-03-14,20,20,0
PO003718,S037,P0227,W07,2025-05-30,2025-06-05,2025-06-04,86,81,2
PO003719,S027,P0056,W15,2025-03-23,2025-04-25,2025-05-02,182,166,16
PO003720,S013,P0375,W15,2025-10-07,2025-11-04,2025-11-02,29,29,0
PO003721,S033,P0247,W06,2026-02-22,2026-03-28,2026-03-27,19,17,1
PO003722,S022,P0388,W12,2025-01-19,2025-01-31,2025-01-31,84,78,5
PO003723,S016,P0262,W05,2026-05-21,2026-06-03,2026-06-02,264,244,17
PO003724,S005,P0062,W13,2026-06-08,2026-06-19,2026-06-18,156,146,5
PO003725,S018,P0221,W15,2025-05-18,2025-06-12,2025-06-11,51,46,5
PO003726,S028,P0050,W14,2025-11-01,2025-11-23,2025-11-22,68,62,6
PO003727,S013,P0140,W02,2026-01-09,2026-02-10,2026-02-10,28,28,0
PO003728,S018,P0078,W09,2026-05-31,2026-06-26,2026-06-25,234,208,19
PO003729,S014,P0341,W09,2025-01-01,2025-01-04,2025-01-04,80,70,7
PO003730,S016,P0212,W09,2025-10-04,2025-10-25,2025-10-25,93,86,6
PO003731,S006,P0087,W09,2026-05-28,2026-06-07,2026-06-06,46,44,1
PO003732,S036,P0226,W15,2025-05-27,2025-06-27,2025-06-27,46,43,2
PO003733,S017,P0022,W12,2025-02-15,2025-03-21,2025-03-21,136,123,11
PO003734,S002,P0399,W11,2026-01-22,2026-02-23,2026-02-21,59,55,4
PO003735,S024,P0178,W06,2026-05-05,2026-06-15,2026-06-13,71,64,4
PO003736,S039,P0166,W09,2026-03-21,2026-04-12,2026-04-23,112,104,4
PO003737,S036,P0061,W14,2025-09-02,2025-09-30,2025-09-29,52,50,1
PO003738,S017,P0106,W02,2026-01-14,2026-02-06,2026-02-04,56,52,3
PO003739,S007,P0392,W03,2026-02-12,2026-03-13,2026-03-12,15,13,1
PO003740,S036,P0260,W12,2026-05-29,2026-07-03,2026-07-01,180,165,13
PO003741,S016,P0082,W08,2025-11-06,2025-11-25,2025-11-24,244,215,22
PO003742,S005,P0380,W06,2026-05-01,2026-05-19,2026-05-18,16,15,0
PO003743,S022,P0029,W02,2025-12-02,2025-12-10,2025-12-10,165,148,9
PO003744,S003,P0052,W14,2025-07-29,2025-08-16,2025-08-28,78,75,0
PO003745,S024,P0103,W14,2025-09-03,2025-10-06,2025-10-06,41,38,3
PO003746,S024,P0208,W14,2025-07-21,2025-08-26,2025-08-26,260,228,24
PO003747,S002,P0331,W04,2026-06-06,2026-06-27,2026-06-26,73,66,6
PO003748,S013,P0399,W15,2025-11-19,2025-12-14,2025-12-12,90,87,2
PO003749,S005,P0038,W15,2026-02-09,2026-03-04,2026-03-03,52,51,1
PO003750,S019,P0024,W13,2025-02-18,2025-03-04,2025-03-04,47,46,1
PO003751,S002,P0143,W09,2025-05-11,2025-06-06,2025-06-04,49,46,3
PO003752,S005,P0259,W06,2025-03-09,2025-04-05,2025-04-04,186,170,8
PO003753,S040,P0084,W09,2025-03-12,2025-03-28,2025-03-27,37,37,0
PO003754,S010,P0352,W07,2025-04-15,2025-05-07,2025-05-06,351,313,36
PO003755,S029,P0347,W07,2025-10-23,2025-10-28,2025-10-27,47,46,0
PO003756,S020,P0388,W09,2026-03-23,2026-04-03,2026-04-03,35,31,3
PO003757,S009,P0394,W14,2026-03-12,2026-04-02,2026-03-31,68,65,2
PO003758,S010,P0244,W08,2025-02-07,2025-03-08,2025-03-08,26,23,2
PO003759,S012,P0032,W12,2025-11-26,2025-12-23,2025-12-21,79,73,3
PO003760,S021,P0241,W03,2026-06-29,2026-07-02,2026-07-01,23,21,2
PO003761,S021,P0340,W06,2025-11-09,2025-11-16,2025-11-24,144,128,15
PO003762,S003,P0264,W04,2025-04-22,2025-05-11,2025-05-22,232,219,5
PO003763,S021,P0225,W14,2025-06-23,2025-07-01,2025-06-30,43,38,4
PO003764,S037,P0191,W01,2026-02-28,2026-03-09,2026-03-07,176,164,11
PO003765,S004,P0050,W09,2026-03-19,2026-04-02,2026-04-02,186,161,17
PO003766,S029,P0396,W08,2026-06-11,2026-06-19,2026-06-19,27,26,1
PO003767,S004,P0231,W08,2026-05-23,2026-06-09,2026-06-07,108,95,10
PO003768,S014,P0227,W15,2025-05-06,2025-05-16,2025-05-15,94,82,9
PO003769,S023,P0122,W12,2026-04-02,2026-04-13,2026-04-13,143,134,8
PO003770,S027,P0092,W02,2026-01-06,2026-01-30,2026-01-29,47,43,3
PO003771,S036,P0153,W11,2026-04-30,2026-06-03,,135,126,5
PO003772,S032,P0203,W11,2025-04-13,2025-04-28,2025-04-27,45,44,1
PO003773,S040,P0263,W13,2025-04-18,2025-04-23,2025-04-21,58,57,1
PO003774,S020,P0008,W01,2026-02-15,2026-02-27,2026-03-03,99,86,12
PO003775,S008,P0011,W03,2026-04-05,2026-04-20,2026-04-20,49,45,2
PO003776,S007,P0116,W02,2025-06-24,2025-07-21,2025-07-31,79,68,11
PO003777,S015,P0086,W03,2025-09-03,2025-09-13,2025-09-11,43,38,5
PO003778,S011,P0185,W08,2026-06-05,2026-06-18,2026-06-17,14,14,0
PO003779,S026,P0299,W09,2025-03-07,2025-03-15,2025-03-14,131,114,13
PO003780,S032,P0250,W09,2026-02-27,2026-03-23,2026-03-23,47,44,1
PO003781,S022,P0050,W01,2026-04-28,2026-05-12,2026-05-12,77,71,3
PO003782,S007,P0135,W08,2025-12-27,2026-01-27,2026-01-25,609,518,64
PO003783,S037,P0047,W01,2026-05-10,2026-05-24,2026-05-22,70,66,2
PO003784,S033,P0199,W12,2026-04-19,2026-05-19,2026-05-17,94,82,8
PO003785,S008,P0383,W08,2025-09-15,2025-09-29,2025-09-28,115,107,6
PO003786,S034,P0182,W10,2025-01-28,2025-02-12,2025-02-10,21,19,1
PO003787,S011,P0105,W09,2026-03-31,2026-04-03,2026-04-02,94,88,2
PO003788,S003,P0191,W04,2025-02-21,2025-03-12,2025-03-10,60,59,1
PO003789,S014,P0333,W13,2025-09-14,2025-09-20,2025-09-24,119,111,5
PO003790,S021,P0069,W14,2026-01-11,2026-01-23,2026-01-29,55,49,5
PO003791,S007,P0027,W08,2026-04-21,2026-05-21,2026-05-29,78,69,7
PO003792,S011,P0295,W09,2025-11-18,2025-11-21,2025-11-21,33,33,0
PO003793,S018,P0277,W09,2025-11-17,2025-12-06,2025-12-11,170,150,20
PO003794,S020,P0248,W02,2026-02-06,2026-02-15,2026-02-15,140,124,11
PO003795,S009,P0334,W03,2025-09-06,2025-09-23,2025-09-22,120,117,3
PO003796,S006,P0049,W03,2025-03-23,2025-04-06,2025-04-08,33,32,1
PO003797,S019,P0322,W15,2025-06-25,2025-07-09,,86,80,5
PO003798,S035,P0101,W10,2025-11-20,2025-12-02,2025-12-02,58,52,5
PO003799,S032,P0032,W05,2025-12-21,2026-01-07,2026-01-07,62,58,2
PO003800,S003,P0342,W15,2025-08-23,2025-09-18,2025-09-16,36,35,1
PO003801,S021,P0236,W14,2025-01-02,2025-01-11,2025-01-10,36,33,3
PO003802,S004,P0129,W11,2025-08-06,2025-08-23,2025-08-22,63,54,6
PO003803,S013,P0178,W11,2025-06-24,2025-07-16,2025-07-16,71,67,2
PO003804,S030,P0170,W13,2026-06-21,2026-07-09,2026-07-07,59,52,6
PO003805,S002,P0107,W03,2025-09-30,2025-10-27,2025-11-02,186,167,15
PO003806,S006,P0182,W14,2025-10-04,2025-10-15,2025-10-13,35,34,0
PO003807,S003,P0023,W03,2025-06-23,2025-07-13,2025-07-24,126,121,4
PO003808,S004,P0344,W02,2025-02-04,2025-02-24,2025-02-23,68,61,5
PO003809,S008,P0126,W03,2025-02-27,2025-03-11,2025-03-10,40,37,1
PO003810,S032,P0084,W14,2026-03-22,2026-04-14,2026-04-14,175,160,8
PO003811,S007,P0054,W03,2025-02-02,2025-03-04,2025-03-02,37,33,4
PO003812,S030,P0267,W06,2025-08-08,2025-08-25,2025-08-24,67,57,7
PO003813,S031,P0154,W05,2025-11-04,2025-11-16,2025-11-14,44,39,4
PO003814,S007,P0021,W04,2025-11-09,2025-12-09,2025-12-08,35,31,3
PO003815,S023,P0346,W09,2026-01-02,2026-01-27,2026-01-27,40,38,2
PO003816,S040,P0355,W06,2026-03-16,2026-03-27,2026-03-27,46,43,1
PO003817,S030,P0373,W12,2025-09-11,2025-09-26,2025-10-01,31,28,3
PO003818,S036,P0145,W07,2025-04-06,2025-05-11,2025-05-10,67,63,3
PO003819,S035,P0376,W06,2025-12-08,2025-12-22,2025-12-28,184,165,15
PO003820,S028,P0149,W01,2025-10-17,2025-11-12,2025-11-21,110,100,8
PO003821,S040,P0175,W05,2026-03-06,2026-03-16,2026-03-15,60,56,1
PO003822,S039,P0169,W04,2026-06-10,2026-06-29,2026-06-27,79,73,5
PO003823,S003,P0279,W07,2025-12-25,2026-01-15,2026-01-13,14,13,0
PO003824,S033,P0238,W15,2025-02-12,2025-03-11,2025-03-09,85,74,7
PO003825,S002,P0105,W04,2025-11-10,2025-12-20,2025-12-19,86,77,5
PO003826,S011,P0040,W05,2026-02-25,2026-03-16,2026-03-16,53,53,0
PO003827,S032,P0284,W07,2025-10-29,2025-11-06,2025-11-06,42,40,1
PO003828,S039,P0003,W07,2026-03-06,2026-03-26,2026-03-25,54,50,3
PO003829,S002,P0346,W10,2025-04-06,2025-05-06,2025-05-05,48,45,3
PO003830,S029,P0357,W15,2025-02-18,2025-02-27,2025-02-25,12,11,0
PO003831,S008,P0256,W02,2026-06-13,2026-06-28,2026-06-28,73,66,4
PO003832,S010,P0008,W02,2025-09-27,2025-10-25,2025-11-03,33,30,2
PO003833,S032,P0038,W15,2025-10-10,2025-10-25,2025-10-25,98,95,0
PO003834,S035,P0334,W15,2025-05-20,2025-06-12,2025-06-22,27,25,2
PO003835,S017,P0294,W01,2025-08-03,2025-08-26,2025-08-25,39,37,1
PO003836,S005,P0318,W05,2026-02-24,2026-03-17,2026-03-15,83,78,3
PO003837,S032,P0005,W06,2025-03-16,2025-04-03,2025-04-03,51,48,2
PO003838,S029,P0017,W01,2026-06-26,2026-07-07,2026-07-07,92,88,2
PO003839,S010,P0244,W10,2026-03-03,2026-03-30,2026-03-30,93,81,9
PO003840,S015,P0076,W06,2025-04-06,2025-04-25,2025-04-24,66,57,7
PO003841,S021,P0258,W02,2026-03-01,2026-03-04,2026-03-03,55,50,5
PO003842,S005,P0143,W01,2025-10-06,2025-10-19,2025-10-24,160,157,3
PO003843,S008,P0048,W06,2025-07-14,2025-08-07,2025-08-06,69,63,3
PO003844,S017,P0011,W09,2025-04-27,2025-05-25,2025-05-25,71,68,2
PO003845,S030,P0072,W06,2025-09-09,2025-09-18,2025-09-18,37,35,2
PO003846,S005,P0028,W12,2025-05-28,2025-06-14,2025-06-13,87,82,1
PO003847,S030,P0280,W02,2025-04-27,2025-05-15,2025-05-13,88,81,4
PO003848,S027,P0300,W10,2025-08-19,2025-09-28,2025-09-27,100,92,6
PO003849,S016,P0281,W02,2025-06-29,2025-07-17,2025-07-17,50,47,3
PO003850,S034,P0284,W05,2026-04-09,2026-04-15,2026-04-14,18,16,1
PO003851,S001,P0111,W02,2026-05-13,2026-05-20,2026-05-20,112,112,0
PO003852,S017,P0031,W02,2025-04-26,2025-05-28,2025-05-28,144,128,10
PO003853,S017,P0347,W07,2025-07-10,2025-08-02,2025-08-01,49,44,3
PO003854,S040,P0291,W10,2025-12-18,2026-01-01,2025-12-30,16,15,0
PO003855,S018,P0299,W11,2026-06-19,2026-07-09,2026-07-09,12,10,1
PO003856,S016,P0074,W09,2026-06-09,2026-06-30,2026-06-30,28,26,2
PO003857,S020,P0387,W15,2025-03-26,2025-03-30,2025-03-29,63,58,3
PO003858,S012,P0054,W03,2026-06-11,2026-07-12,2026-07-12,81,76,3
PO003859,S022,P0021,W10,2025-08-17,2025-08-30,2025-08-29,23,21,1
PO003860,S040,P0099,W08,2025-02-22,2025-03-02,2025-03-06,29,29,0
PO003861,S006,P0137,W13,2025-07-29,2025-08-02,2025-08-01,32,31,1
PO003862,S027,P0322,W09,2026-06-21,2026-07-26,2026-07-24,18,17,1
PO003863,S024,P0340,W02,2025-09-24,2025-10-23,2025-10-23,70,65,5
PO003864,S032,P0228,W03,2026-05-08,2026-05-26,2026-05-24,97,93,4
PO003865,S011,P0020,W12,2026-02-01,2026-02-20,2026-02-20,70,70,0
PO003866,S040,P0265,W05,2025-02-11,2025-02-22,2025-02-22,40,39,1
PO003867,S012,P0347,W02,2025-07-14,2025-08-07,2025-08-07,51,48,2
PO003868,S023,P0014,W06,2026-03-20,2026-03-30,2026-03-28,59,53,4
PO003869,S036,P0142,W14,2025-10-27,2025-12-02,2025-12-02,86,79,3
PO003870,S006,P0081,W05,2025-11-14,2025-11-24,2025-11-24,54,53,1
PO003871,S024,P0255,W09,2025-08-27,2025-09-30,2025-09-29,189,169,15
PO003872,S010,P0133,W06,2026-04-06,2026-04-28,2026-04-27,34,30,3
PO003873,S018,P0380,W12,2026-01-16,2026-01-31,2026-01-29,150,140,10
PO003874,S013,P0351,W07,2025-11-04,2025-12-12,2025-12-11,72,70,1
PO003875,S004,P0385,W12,2026-03-31,2026-04-24,2026-04-22,38,34,3
PO003876,S008,P0399,W11,2026-05-23,2026-06-05,2026-06-05,43,40,1
PO003877,S027,P0200,W14,2025-07-16,2025-08-10,2025-08-10,64,58,5
PO003878,S037,P0226,W08,2026-06-25,2026-06-29,2026-06-28,120,114,3
PO003879,S015,P0167,W12,2025-04-18,2025-05-06,2025-05-06,47,43,4
PO003880,S024,P0230,W14,2026-05-21,2026-06-13,2026-06-16,151,135,14
PO003881,S038,P0347,W03,2026-06-26,2026-07-22,2026-07-20,13,12,0
PO003882,S008,P0362,W14,2026-01-02,2026-01-24,2026-01-24,122,116,3
PO003883,S037,P0140,W03,2025-08-13,2025-08-21,2025-08-20,71,67,2
PO003884,S028,P0344,W09,2026-05-20,2026-06-07,2026-06-06,55,50,3
PO003885,S028,P0248,W04,2026-01-19,2026-02-07,2026-02-06,86,78,7
PO003886,S023,P0392,W08,2025-12-12,2025-12-31,2025-12-31,128,115,10
PO003887,S029,P0301,W01,2025-06-09,2025-06-13,2025-06-12,91,88,1
PO003888,S020,P0375,W03,2025-09-19,2025-09-27,2025-09-27,141,124,14
PO003889,S011,P0299,W12,2025-12-03,2025-12-17,2025-12-16,293,274,7
PO003890,S003,P0172,W11,2026-03-22,2026-04-16,2026-04-24,42,40,0
PO003891,S037,P0080,W09,2025-05-13,2025-05-16,2025-05-14,59,58,1
PO003892,S033,P0177,W07,2025-03-18,2025-04-22,2025-04-20,159,135,17
PO003893,S026,P0170,W05,2026-02-18,2026-03-09,2026-03-07,107,95,8
PO003894,S004,P0354,W05,2025-01-30,2025-02-13,2025-02-12,25,23,2
PO003895,S017,P0004,W06,2025-10-22,2025-11-18,2025-11-18,38,35,2
PO003896,S002,P0188,W10,2025-10-31,2025-11-24,2025-11-24,124,119,5
PO003897,S021,P0353,W08,2026-01-13,2026-01-27,2026-01-26,23,20,2
PO003898,S005,P0087,W09,2025-09-24,2025-10-17,2025-10-17,61,56,2
PO003899,S007,P0017,W08,2026-05-31,2026-07-03,2026-07-03,26,23,3
PO003900,S020,P0311,W11,2025-03-13,2025-03-16,2025-03-16,74,66,8
PO003901,S020,P0033,W07,2026-02-20,2026-03-08,2026-03-06,60,53,6
PO003902,S006,P0011,W13,2025-08-29,2025-09-05,2025-09-03,71,70,1
PO003903,S010,P0337,W14,2025-04-07,2025-04-29,2025-05-08,69,64,4
PO003904,S002,P0298,W02,2025-05-13,2025-06-13,2025-06-12,75,68,4
PO003905,S014,P0400,W03,2025-10-06,2025-10-19,2025-10-17,45,41,3
PO003906,S032,P0281,W06,2025-10-21,2025-11-01,2025-11-01,66,65,0
PO003907,S035,P0037,W08,2026-03-03,2026-03-16,2026-03-15,25,22,2
PO003908,S038,P0057,W15,2026-06-14,2026-07-06,2026-07-06,74,67,7
PO003909,S019,P0279,W09,2025-04-04,2025-04-16,2025-04-15,138,127,10
PO003910,S007,P0195,W09,2026-04-13,2026-05-21,2026-05-21,42,36,4
PO003911,S016,P0232,W08,2025-08-22,2025-09-05,2025-09-16,49,44,3
PO003912,S027,P0125,W01,2025-08-02,2025-09-03,2025-09-11,92,86,6
PO003913,S008,P0196,W02,2026-05-25,2026-05-29,2026-05-29,47,42,3
PO003914,S010,P0051,W09,2026-03-03,2026-03-27,2026-03-26,35,33,2
PO003915,S022,P0038,W11,2025-10-04,2025-10-29,2025-10-29,72,66,4
PO003916,S035,P0172,W01,2026-06-05,2026-06-24,2026-06-24,116,98,13
PO003917,S014,P0323,W03,2025-10-06,2025-10-12,2025-10-11,94,87,5
PO003918,S019,P0222,W06,2025-01-12,2025-01-31,2025-01-29,46,43,2
PO003919,S035,P0237,W14,2025-02-28,2025-03-15,2025-03-13,47,40,5
PO003920,S008,P0385,W07,2026-01-14,2026-01-25,2026-01-24,110,104,3
PO003921,S023,P0041,W13,2025-02-28,2025-03-17,2025-03-15,68,61,6
PO003922,S010,P0281,W09,2026-06-25,2026-07-19,2026-07-26,49,44,5
PO003923,S001,P0380,W02,2026-04-14,2026-04-20,2026-05-01,319,304,9
PO003924,S032,P0159,W02,2025-05-25,2025-06-13,2025-06-12,115,103,7
PO003925,S011,P0025,W01,2026-01-08,2026-01-20,2026-01-20,36,36,0
PO003926,S008,P0255,W06,2026-02-16,2026-03-10,2026-03-08,26,25,1
PO003927,S003,P0308,W14,2025-01-18,2025-02-05,2025-02-03,55,52,2
PO003928,S036,P0168,W04,2026-04-12,2026-05-17,2026-05-16,10,9,0
PO003929,S016,P0281,W03,2026-06-02,2026-06-21,2026-06-27,27,25,2
PO003930,S015,P0310,W10,2026-02-20,2026-03-09,2026-03-08,75,65,7
PO003931,S017,P0224,W06,2025-06-17,2025-07-21,2025-07-25,52,49,3
PO003932,S021,P0388,W01,2026-02-02,2026-02-14,2026-02-18,94,85,9
PO003933,S024,P0120,W04,2025-05-13,2025-06-13,2025-06-13,62,56,4
PO003934,S031,P0288,W01,2026-03-14,2026-03-24,2026-03-22,63,56,5
PO003935,S013,P0201,W08,2026-04-09,2026-05-06,2026-05-04,117,111,4
PO003936,S017,P0146,W07,2026-06-01,2026-06-20,2026-06-18,31,29,2
PO003937,S039,P0088,W15,2025-12-01,2025-12-23,2025-12-22,84,80,4
PO003938,S021,P0373,W02,2025-03-01,2025-03-09,2025-03-09,43,40,3
PO003939,S008,P0225,W08,2026-03-20,2026-04-03,2026-04-01,138,128,9
PO003940,S008,P0158,W07,2026-03-31,2026-04-14,2026-04-13,73,71,0
PO003941,S016,P0337,W14,2025-04-18,2025-05-13,2025-05-11,32,29,3
PO003942,S034,P0079,W12,2025-01-04,2025-01-08,2025-01-06,125,116,6
PO003943,S006,P0181,W05,2025-09-01,2025-09-11,2025-09-11,50,47,1
PO003944,S023,P0096,W05,2026-06-20,2026-06-30,2026-07-02,87,79,8
PO003945,S034,P0037,W08,2025-05-29,2025-06-11,2025-06-11,112,103,8
PO003946,S021,P0244,W02,2026-04-16,2026-04-28,2026-04-26,90,80,8
PO003947,S017,P0371,W08,2025-11-03,2025-11-26,2025-11-26,69,64,2
PO003948,S002,P0314,W06,2025-03-04,2025-03-23,2025-03-22,61,56,2
PO003949,S027,P0256,W07,2025-12-04,2026-01-01,2025-12-30,83,76,6
PO003950,S029,P0165,W09,2026-02-26,2026-03-01,2026-03-01,59,54,3
PO003951,S003,P0288,W06,2025-01-11,2025-02-04,2025-02-04,71,68,2
PO003952,S022,P0352,W09,2025-02-20,2025-03-01,2025-02-27,32,30,1
PO003953,S005,P0010,W07,2025-07-02,2025-07-15,2025-07-13,83,82,0
PO003954,S004,P0051,W08,2025-06-26,2025-07-15,2025-07-15,60,55,5
PO003955,S010,P0298,W12,2026-01-19,2026-02-20,2026-02-19,105,93,9
PO003956,S036,P0097,W15,2026-06-24,2026-07-20,2026-07-28,63,59,3
PO003957,S010,P0263,W09,2026-06-02,2026-06-30,2026-06-29,61,52,6
PO003958,S006,P0381,W14,2025-09-16,2025-09-26,2025-09-24,41,40,1
PO003959,S039,P0002,W04,2026-05-13,2026-06-13,2026-06-12,62,57,4
PO003960,S009,P0359,W05,2025-09-08,2025-09-24,2025-09-24,61,55,3
PO003961,S010,P0118,W02,2025-07-01,2025-07-31,2025-07-29,66,60,4
PO003962,S026,P0215,W08,2025-07-25,2025-07-31,2025-07-30,39,36,3
PO003963,S036,P0295,W09,2026-01-22,2026-02-24,2026-02-23,129,121,5
PO003964,S009,P0210,W08,2025-04-12,2025-05-02,2025-05-01,66,64,2
PO003965,S018,P0316,W12,2026-04-29,2026-05-24,2026-05-22,54,48,5
PO003966,S018,P0295,W15,2025-01-07,2025-01-30,2025-01-28,142,124,11
PO003967,S010,P0026,W14,2025-07-18,2025-08-12,2025-08-24,482,414,45
PO003968,S032,P0299,W06,2025-04-22,2025-05-07,2025-05-05,128,122,5
PO003969,S017,P0383,W07,2025-02-06,2025-03-10,2025-03-09,57,54,3
PO003970,S004,P0077,W13,2026-03-25,2026-04-22,2026-05-03,85,75,7
PO003971,S029,P0003,W14,2025-01-08,2025-01-24,2025-02-01,40,38,1
PO003972,S021,P0089,W07,2025-12-14,2025-12-21,2025-12-20,49,42,5
PO003973,S029,P0004,W14,2025-04-06,2025-04-16,2025-04-16,82,77,1
PO003974,S028,P0105,W10,2025-03-29,2025-04-26,2025-04-25,57,53,4
PO003975,S021,P0309,W12,2025-06-09,2025-06-21,2025-06-20,94,81,13
PO003976,S001,P0355,W05,2026-05-10,2026-05-13,2026-05-12,120,116,4
PO003977,S021,P0141,W12,2025-07-10,2025-07-13,2025-07-12,74,66,8
PO003978,S040,P0393,W06,2025-04-21,2025-05-04,2025-05-03,100,98,0
PO003979,S014,P0161,W03,2025-06-15,2025-06-20,2025-06-20,120,114,6
PO003980,S001,P0267,W04,2026-06-10,2026-06-13,2026-06-11,196,195,1
PO003981,S005,P0284,W02,2025-03-24,2025-04-15,2025-04-16,101,93,4
PO003982,S021,P0071,W15,2026-01-15,2026-01-21,2026-01-30,58,53,5
PO003983,S022,P0305,W02,2026-02-05,2026-03-02,2026-02-28,77,73,4
PO003984,S001,P0032,W10,2026-03-20,2026-03-26,2026-03-25,31,30,0
PO003985,S024,P0164,W02,2026-02-22,2026-03-20,2026-03-20,67,60,6
PO003986,S030,P0073,W12,2025-01-14,2025-02-01,2025-02-03,84,74,9
PO003987,S040,P0166,W02,2026-05-10,2026-05-16,2026-05-16,50,49,1
PO003988,S005,P0229,W15,2025-08-02,2025-08-30,2025-08-28,50,48,2
PO003989,S027,P0083,W10,2025-07-04,2025-08-06,2025-08-06,193,171,14
PO003990,S018,P0228,W14,2025-01-10,2025-02-03,2025-02-02,100,88,9
PO003991,S018,P0032,W12,2025-01-21,2025-02-13,2025-02-11,180,152,23
PO003992,S020,P0317,W05,2025-12-13,2025-12-24,2025-12-22,28,25,2
PO003993,S023,P0070,W01,2025-03-12,2025-03-27,2025-03-25,161,141,12
PO003994,S017,P0378,W08,2025-03-04,2025-03-30,2025-03-28,83,72,7
PO003995,S014,P0330,W10,2025-05-14,2025-05-27,2025-05-25,50,47,1
PO003996,S004,P0009,W05,2025-07-03,2025-07-19,2025-07-19,82,73,9
PO003997,S005,P0287,W08,2025-12-21,2026-01-11,2026-01-11,85,83,2
PO003998,S002,P0161,W07,2025-03-22,2025-04-12,2025-04-23,77,71,4
PO003999,S013,P0043,W14,2025-04-03,2025-05-02,2025-04-30,96,89,4
PO004000,S034,P0071,W11,2026-03-15,2026-03-24,2026-03-24,45,41,2
PO004001,S040,P0382,W07,2025-09-16,2025-10-01,2025-10-08,12,11,0
PO004002,S032,P0098,W01,2025-12-09,2026-01-02,2026-01-02,56,56,0
PO004003,S015,P0275,W06,2026-04-11,2026-04-21,2026-04-20,104,93,11
PO004004,S013,P0191,W11,2025-06-29,2025-08-01,2025-07-30,103,96,4
PO004005,S032,P0258,W04,2026-04-12,2026-04-28,,170,164,1
PO004006,S034,P0339,W08,2026-02-14,2026-02-26,2026-02-25,25,24,1
PO004007,S011,P0051,W08,2025-04-16,2025-04-24,2025-04-24,181,172,0
PO004008,S003,P0269,W05,2025-08-05,2025-08-27,2025-08-27,23,23,0
PO004009,S027,P0030,W07,2025-02-09,2025-03-10,2025-03-10,66,62,4
PO004010,S038,P0236,W05,2025-05-17,2025-06-07,2025-06-06,70,67,3
PO004011,S006,P0326,W13,2025-04-03,2025-04-13,2025-04-24,37,36,1
PO004012,S025,P0119,W05,2026-01-02,2026-01-28,2026-01-28,68,65,3
PO004013,S009,P0153,W10,2026-06-21,2026-07-13,2026-07-11,47,44,3
PO004014,S019,P0106,W13,2025-01-28,2025-02-15,2025-02-13,146,138,4
PO004015,S038,P0345,W15,2025-07-12,2025-07-31,2025-07-29,85,74,9
PO004016,S014,P0010,W01,2025-10-08,2025-10-16,2025-10-15,30,28,2
PO004017,S017,P0085,W04,2025-09-10,2025-10-09,2025-10-08,35,35,0
PO004018,S026,P0378,W04,2025-06-20,2025-07-07,2025-07-10,28,26,2
PO004019,S037,P0040,W08,2026-05-30,2026-06-08,2026-06-07,116,109,6
PO004020,S030,P0295,W09,2026-01-15,2026-01-28,2026-01-26,33,30,2
PO004021,S027,P0289,W05,2026-03-13,2026-04-23,2026-04-23,30,29,1
PO004022,S009,P0032,W02,2026-02-26,2026-03-23,2026-03-23,42,40,2
PO004023,S014,P0019,W10,2026-04-06,2026-04-17,2026-04-15,123,114,8
PO004024,S037,P0026,W14,2026-03-20,2026-03-24,2026-03-22,50,46,4
PO004025,S012,P0280,W08,2025-06-10,2025-07-11,2025-07-09,104,96,3
PO004026,S019,P0064,W03,2025-05-31,2025-06-26,2025-07-05,89,81,5
PO004027,S036,P0152,W11,2025-05-04,2025-06-06,2025-06-05,133,128,4
PO004028,S020,P0282,W01,2026-05-17,2026-05-31,2026-05-29,59,55,4
PO004029,S029,P0391,W05,2025-05-29,2025-06-06,2025-06-06,43,41,2
PO004030,S001,P0180,W12,2025-10-10,2025-10-17,2025-10-15,34,33,0
PO004031,S021,P0353,W05,2025-09-23,2025-09-26,2025-09-24,52,46,4
PO004032,S028,P0087,W14,2026-05-25,2026-06-17,2026-06-16,37,34,2
PO004033,S031,P0022,W12,2025-03-30,2025-04-02,2025-03-31,85,74,9
PO004034,S016,P0206,W11,2025-11-20,2025-12-04,2025-12-02,55,51,4
PO004035,S011,P0177,W15,2026-06-25,2026-07-14,2026-07-14,207,198,0
PO004036,S001,P0144,W13,2025-05-05,2025-05-21,2025-05-19,62,60,2
PO004037,S026,P0053,W09,2026-01-30,2026-02-15,2026-02-18,28,24,3
PO004038,S002,P0339,W15,2025-12-03,2025-12-31,2025-12-31,28,27,1
PO004039,S035,P0073,W04,2025-03-04,2025-03-23,2025-03-22,57,51,5
PO004040,S010,P0101,W09,2025-06-23,2025-07-14,2025-07-12,74,70,4
PO004041,S040,P0120,W12,2026-03-29,2026-04-14,2026-04-13,41,38,2
PO004042,S011,P0014,W03,2025-09-03,2025-09-18,2025-09-17,84,81,2
PO004043,S007,P0167,W11,2025-05-14,2025-06-10,2025-06-09,72,62,7
PO004044,S016,P0027,W07,2025-06-06,2025-07-02,2025-07-01,199,180,13
PO004045,S014,P0096,W12,2025-11-30,2025-12-04,2025-12-04,78,70,5
PO004046,S013,P0045,W02,2025-06-10,2025-07-06,2025-07-10,29,29,0
PO004047,S032,P0259,W02,2025-06-08,2025-06-26,2025-06-25,43,41,1
PO004048,S007,P0019,W12,2026-04-13,2026-05-19,2026-05-26,72,59,10
PO004049,S036,P0172,W14,2026-03-27,2026-04-27,2026-04-27,153,150,3
PO004050,S016,P0367,W09,2025-09-17,2025-09-26,2025-09-25,89,82,7
PO004051,S030,P0161,W11,2025-03-07,2025-03-19,2025-03-18,75,67,7
PO004052,S007,P0393,W11,2026-03-04,2026-04-02,2026-03-31,110,94,13
PO004053,S003,P0326,W03,2025-07-20,2025-08-15,2025-08-15,41,40,1
PO004054,S016,P0390,W09,2025-08-24,2025-09-13,,177,158,14
PO004055,S035,P0282,W13,2026-02-15,2026-02-19,2026-02-17,86,77,8
PO004056,S031,P0108,W10,2025-02-03,2025-02-11,2025-02-10,108,95,8
PO004057,S004,P0358,W11,2025-10-17,2025-11-08,2025-11-20,63,57,6
PO004058,S016,P0230,W04,2025-11-10,2025-11-29,2025-11-29,26,24,2
PO004059,S003,P0194,W08,2025-02-11,2025-02-26,2025-02-25,186,174,5
PO004060,S024,P0188,W10,2025-09-17,2025-10-14,2025-10-14,98,91,5
PO004061,S034,P0148,W13,2026-02-27,2026-03-11,2026-03-09,106,92,9
PO004062,S011,P0396,W14,2026-03-30,2026-04-18,2026-04-17,107,107,0
PO004063,S008,P0036,W07,2026-05-09,2026-05-25,2026-05-27,74,67,4
PO004064,S023,P0034,W07,2026-04-10,2026-04-24,2026-04-23,62,57,5
PO004065,S037,P0082,W07,2026-04-08,2026-04-28,2026-04-27,69,67,1
PO004066,S012,P0090,W15,2025-11-02,2025-12-04,2025-12-06,42,38,2
PO004067,S031,P0372,W01,2025-01-19,2025-02-07,2025-02-05,22,20,2
PO004068,S006,P0047,W13,2026-03-23,2026-03-28,2026-03-31,63,56,4
PO004069,S002,P0084,W04,2025-06-02,2025-07-05,2025-07-05,393,361,20
PO004070,S008,P0082,W06,2025-07-17,2025-07-31,2025-07-30,54,49,3
PO004071,S031,P0309,W15,2025-06-11,2025-07-13,2025-07-20,45,43,2
PO004072,S002,P0054,W14,2025-02-23,2025-03-26,2025-03-26,110,103,7
PO004073,S001,P0126,W09,2025-06-20,2025-07-02,2025-07-02,84,78,3
PO004074,S006,P0262,W04,2026-06-29,2026-07-08,2026-07-06,35,34,1
PO004075,S038,P0339,W05,2025-04-12,2025-04-20,2025-05-01,277,247,25
PO004076,S009,P0203,W15,2026-03-26,2026-04-12,2026-04-12,131,120,8
PO004077,S032,P0012,W08,2025-07-05,2025-07-23,2025-07-26,64,63,0
PO004078,S040,P0080,W05,2025-07-26,2025-08-08,2025-08-06,37,35,1
PO004079,S001,P0308,W06,2025-01-02,2025-01-06,2025-01-06,71,68,1
PO004080,S014,P0033,W10,2025-09-08,2025-09-23,2025-09-21,58,53,4
PO004081,S012,P0092,W10,2026-03-24,2026-04-24,2026-04-23,133,124,7
PO004082,S001,P0284,W14,2025-06-26,2025-07-04,2025-07-04,16,15,0
PO004083,S002,P0248,W08,2025-05-15,2025-06-09,2025-06-09,38,35,3
PO004084,S010,P0265,W11,2026-03-29,2026-04-23,2026-04-22,15,14,1
PO004085,S029,P0039,W12,2026-03-27,2026-03-30,2026-03-28,54,50,2
PO004086,S019,P0006,W12,2025-06-22,2025-06-29,2025-06-29,59,56,2
PO004087,S038,P0282,W12,2025-05-23,2025-06-08,2025-06-11,124,115,8
PO004088,S026,P0375,W01,2025-02-25,2025-03-05,2025-03-05,181,166,14
PO004089,S039,P0321,W12,2025-10-26,2025-11-19,2025-11-17,146,134,6
PO004090,S023,P0178,W15,2025-03-29,2025-04-12,2025-04-12,35,33,2
PO004091,S018,P0178,W08,2025-02-26,2025-03-16,2025-03-15,26,23,3
PO004092,S035,P0305,W03,2025-06-29,2025-07-21,2025-07-29,27,25,2
PO004093,S009,P0047,W13,2025-10-20,2025-11-02,2025-11-09,28,26,1
PO004094,S024,P0241,W01,2025-01-13,2025-02-15,2025-02-15,90,85,5
PO004095,S030,P0275,W09,2025-01-26,2025-02-10,2025-02-10,132,120,9
PO004096,S023,P0105,W11,2025-10-12,2025-10-18,2025-10-18,73,64,6
PO004097,S013,P0165,W07,2025-04-16,2025-05-20,2025-05-20,112,112,0
PO004098,S030,P0040,W12,2025-04-04,2025-04-22,2025-04-28,175,154,19
PO004099,S037,P0309,W11,2025-03-26,2025-04-01,2025-03-31,86,79,4
PO004100,S025,P0255,W08,2026-02-15,2026-03-15,2026-03-14,31,30,0
PO004101,S035,P0107,W13,2026-01-09,2026-01-23,2026-01-21,62,56,5
PO004102,S032,P0261,W09,2025-01-25,2025-02-13,2025-02-12,41,38,1
PO004103,S010,P0056,W05,2026-01-20,2026-02-14,2026-02-12,35,32,2
PO004104,S033,P0103,W06,2025-04-04,2025-05-06,2025-05-04,50,45,3
PO004105,S018,P0078,W13,2025-03-08,2025-04-04,2025-04-02,169,156,13
PO004106,S018,P0286,W08,2026-05-19,2026-06-13,2026-06-11,169,147,18
PO004107,S018,P0082,W11,2026-01-23,2026-02-19,2026-02-25,102,90,8
PO004108,S016,P0010,W09,2026-03-28,2026-04-24,2026-04-23,26,24,1
PO004109,S029,P0348,W14,2025-06-11,2025-06-14,2025-06-14,144,132,5
PO004110,S019,P0196,W05,2025-06-01,2025-06-25,2025-06-24,66,60,3
PO004111,S016,P0274,W04,2025-04-24,2025-05-04,2025-05-04,73,65,5
PO004112,S023,P0230,W08,2025-10-06,2025-10-20,2025-10-18,81,72,7
PO004113,S005,P0151,W01,2025-12-28,2026-01-15,2026-01-13,33,32,0
PO004114,S040,P0130,W09,2025-01-12,2025-01-25,2025-01-25,96,94,1
PO004115,S039,P0259,W15,2026-06-22,2026-07-12,2026-07-21,37,35,1
PO004116,S032,P0359,W03,2025-06-14,2025-07-05,2025-07-04,71,68,1
PO004117,S040,P0106,W01,2025-09-13,2025-09-21,2025-09-20,156,152,3
PO004118,S038,P0246,W13,2026-05-16,2026-06-06,2026-06-04,104,93,9
PO004119,S034,P0391,W07,2025-11-20,2025-12-07,2025-12-05,51,47,3
PO004120,S007,P0002,W04,2025-09-25,2025-10-26,2025-10-26,54,47,6
PO004121,S021,P0238,W03,2026-01-25,2026-01-28,2026-01-28,74,66,6
PO004122,S017,P0062,W10,2025-06-29,2025-07-19,2025-07-18,98,91,5
PO004123,S017,P0117,W03,2025-01-22,2025-02-25,2025-02-25,37,35,1
PO004124,S040,P0195,W01,2025-11-22,2025-12-08,2025-12-06,87,83,1
PO004125,S024,P0357,W13,2025-02-17,2025-03-20,2025-03-20,29,28,1
PO004126,S038,P0350,W07,2026-05-20,2026-06-12,2026-06-10,26,24,1
PO004127,S037,P0071,W15,2025-06-26,2025-07-01,2025-06-30,97,91,5
PO004128,S008,P0217,W01,2025-01-27,2025-02-06,2025-02-05,35,33,2
PO004129,S013,P0010,W09,2026-01-02,2026-01-28,2026-01-28,92,87,2
PO004130,S022,P0135,W03,2025-10-09,2025-10-26,2025-10-25,91,84,6
PO004131,S002,P0318,W03,2026-04-27,2026-05-29,2026-06-02,110,101,8
PO004132,S025,P0084,W01,2025-11-09,2025-11-29,2025-11-29,80,74,3
PO004133,S015,P0325,W06,2025-07-17,2025-08-03,2025-08-15,64,59,5
PO004134,S029,P0295,W04,2025-11-04,2025-11-19,2025-11-18,27,25,1
PO004135,S034,P0265,W07,2026-04-19,2026-04-27,2026-04-27,102,92,5
PO004136,S038,P0397,W10,2025-02-11,2025-02-25,2025-02-25,52,47,3
PO004137,S019,P0057,W15,2025-05-05,2025-05-15,2025-05-14,85,80,3
PO004138,S039,P0027,W08,2025-09-03,2025-09-25,2025-09-24,42,37,3
PO004139,S021,P0219,W03,2025-01-29,2025-02-04,2025-02-03,70,62,8
PO004140,S039,P0060,W11,2025-09-10,2025-10-02,2025-09-30,10,10,0
PO004141,S014,P0133,W06,2025-05-03,2025-05-10,2025-05-09,202,183,14
PO004142,S022,P0107,W04,2025-08-24,2025-09-08,2025-09-07,108,99,6
PO004143,S011,P0181,W05,2025-04-05,2025-04-21,2025-04-20,67,64,0
PO004144,S022,P0136,W15,2025-04-11,2025-04-29,2025-04-27,34,33,1
PO004145,S017,P0103,W10,2026-05-06,2026-06-01,2026-06-02,108,98,5
PO004146,S021,P0365,W02,2025-03-15,2025-03-18,2025-03-17,56,51,5
PO004147,S025,P0273,W12,2026-04-12,2026-05-08,2026-05-08,46,43,3
PO004148,S011,P0204,W08,2026-05-05,2026-05-16,2026-05-14,71,69,2
PO004149,S038,P0373,W13,2025-07-03,2025-07-20,2025-07-20,22,20,2
PO004150,S039,P0158,W11,2026-01-04,2026-01-23,2026-01-22,26,24,1
PO004151,S027,P0135,W10,2025-01-21,2025-03-02,2025-03-01,136,129,7
PO004152,S025,P0015,W02,2026-04-07,2026-05-08,2026-05-08,83,77,3
PO004153,S033,P0222,W09,2025-08-09,2025-09-16,2025-09-15,73,68,5
PO004154,S037,P0330,W10,2025-08-19,2025-08-29,2025-08-27,28,27,1
PO004155,S032,P0237,W12,2026-03-13,2026-04-03,2026-04-12,35,34,1
PO004156,S014,P0365,W06,2026-01-20,2026-02-01,2026-01-30,22,20,1
PO004157,S031,P0174,W07,2025-02-02,2025-02-14,2025-02-14,27,26,1
PO004158,S025,P0228,W15,2026-06-06,2026-06-22,2026-06-21,105,96,4
PO004159,S028,P0342,W12,2026-05-28,2026-06-23,2026-06-21,77,69,5
PO004160,S026,P0385,W06,2026-03-28,2026-04-17,2026-04-16,23,20,2
PO004161,S003,P0381,W07,2026-03-18,2026-04-03,2026-04-03,100,93,2
PO004162,S038,P0089,W14,2025-07-31,2025-08-12,2025-08-12,68,61,6
PO004163,S035,P0343,W04,2025-07-31,2025-08-14,2025-08-19,106,93,11
PO004164,S039,P0154,W03,2026-06-09,2026-06-27,2026-06-26,40,38,2
PO004165,S040,P0188,W12,2025-02-15,2025-02-22,2025-02-24,29,28,0
PO004166,S028,P0196,W05,2026-03-07,2026-04-01,2026-04-01,37,34,3
PO004167,S035,P0071,W12,2025-12-15,2026-01-07,2026-01-05,81,68,9
PO004168,S020,P0260,W15,2025-12-22,2026-01-05,2026-01-04,180,160,15
PO004169,S040,P0028,W04,2025-09-16,2025-09-28,2025-09-27,115,112,3
PO004170,S034,P0283,W04,2026-03-06,2026-03-15,2026-03-21,142,135,7
PO004171,S037,P0349,W15,2025-11-14,2025-11-30,2025-11-30,99,94,3
PO004172,S009,P0278,W01,2026-02-21,2026-03-20,2026-03-20,40,38,1
PO004173,S005,P0303,W08,2025-01-24,2025-02-19,2025-02-18,58,56,1
PO004174,S035,P0328,W01,2025-05-05,2025-05-10,2025-05-09,71,64,5
PO004175,S010,P0055,W11,2025-09-09,2025-10-07,2025-10-05,67,62,5
PO004176,S036,P0328,W04,2025-07-14,2025-08-07,2025-08-07,44,40,2
PO004177,S027,P0044,W09,2026-06-27,2026-07-25,2026-07-23,166,152,12
PO004178,S020,P0327,W10,2025-03-25,2025-04-08,2025-04-08,47,41,4
PO004179,S009,P0065,W03,2025-06-27,2025-07-17,2025-07-15,37,36,1
PO004180,S038,P0113,W12,2026-06-16,2026-07-04,2026-07-02,84,74,8
PO004181,S015,P0168,W13,2026-05-19,2026-06-01,2026-05-30,59,50,7
PO004182,S012,P0154,W13,2026-03-16,2026-04-17,2026-04-16,28,27,1
PO004183,S024,P0010,W06,2025-02-23,2025-04-03,2025-04-03,38,36,2
PO004184,S006,P0348,W11,2025-02-02,2025-02-11,2025-02-10,208,199,6
PO004185,S004,P0337,W14,2025-10-25,2025-11-09,2025-11-08,125,115,10
PO004186,S004,P0017,W13,2026-03-19,2026-04-07,2026-04-08,48,44,4
PO004187,S023,P0365,W15,2025-09-08,2025-09-22,2025-09-22,75,68,6
PO004188,S038,P0274,W12,2025-08-13,2025-08-31,2025-09-04,41,38,2
PO004189,S024,P0045,W04,2026-03-03,2026-04-04,2026-04-03,153,139,12
PO004190,S040,P0374,W15,2025-05-30,2025-06-10,2025-06-10,40,39,0
PO004191,S035,P0287,W12,2025-09-04,2025-10-02,2025-10-01,19,18,1
PO004192,S035,P0335,W01,2026-02-12,2026-03-02,2026-02-28,78,66,10
PO004193,S009,P0163,W09,2025-05-01,2025-05-22,2025-05-20,79,74,4
PO004194,S006,P0356,W03,2026-01-10,2026-01-14,2026-01-12,99,91,6
PO004195,S012,P0286,W10,2025-05-19,2025-06-24,2025-06-23,35,33,1
PO004196,S027,P0231,W04,2025-09-04,2025-10-04,2025-10-12,43,39,4
PO004197,S017,P0128,W09,2025-04-04,2025-04-29,2025-04-28,185,173,11
PO004198,S001,P0230,W10,2026-05-19,2026-05-22,2026-05-22,72,70,2
PO004199,S032,P0072,W02,2025-10-06,2025-10-24,2025-11-03,68,66,2
PO004200,S010,P0342,W05,2025-04-25,2025-05-17,2025-05-17,66,61,2
PO004201,S009,P0210,W15,2025-08-16,2025-09-11,2025-09-09,57,54,2
PO004202,S015,P0381,W11,2026-02-07,2026-02-27,2026-02-26,95,82,11
PO004203,S030,P0386,W05,2025-10-25,2025-11-12,2025-11-11,123,112,10
PO004204,S022,P0370,W01,2025-04-28,2025-05-08,2025-05-07,113,107,3
PO004205,S026,P0306,W10,2026-04-18,2026-05-02,2026-04-30,56,48,7
PO004206,S009,P0321,W08,2026-06-11,2026-06-25,2026-06-24,60,55,2
PO004207,S035,P0349,W08,2025-01-27,2025-02-15,2025-02-16,362,323,29
PO004208,S038,P0242,W06,2025-01-05,2025-01-20,2025-01-18,84,76,6
PO004209,S003,P0294,W14,2025-11-25,2025-12-16,2025-12-16,104,96,4
PO004210,S012,P0297,W02,2025-08-22,2025-09-25,2025-09-25,41,40,0
PO004211,S039,P0365,W04,2025-08-17,2025-09-14,2025-09-14,56,51,3
PO004212,S018,P0158,W09,2025-06-22,2025-07-18,2025-07-18,77,69,6
PO004213,S019,P0119,W15,2025-01-28,2025-02-15,2025-02-14,84,76,5
PO004214,S012,P0295,W06,2025-09-02,2025-10-10,2025-10-08,134,120,8
PO004215,S023,P0173,W06,2025-10-01,2025-10-22,2025-10-21,55,49,4
PO004216,S026,P0121,W14,2026-01-15,2026-02-04,2026-02-02,61,52,6
PO004217,S018,P0385,W11,2025-12-15,2026-01-05,2026-01-03,43,38,3
PO004218,S004,P0373,W11,2025-09-26,2025-10-17,2025-10-16,52,46,5
PO004219,S013,P0206,W01,2025-07-07,2025-08-08,2025-08-10,257,248,1
PO004220,S038,P0305,W02,2025-06-02,2025-06-11,2025-06-10,70,62,5
PO004221,S027,P0167,W09,2026-01-27,2026-02-25,2026-02-25,115,103,9
PO004222,S031,P0151,W12,2025-01-11,2025-01-19,2025-01-19,46,41,3
PO004223,S002,P0397,W01,2025-06-15,2025-07-12,2025-07-10,51,48,3
PO004224,S006,P0335,W03,2025-01-12,2025-01-19,2025-01-18,185,167,10
PO004225,S027,P0111,W10,2026-03-03,2026-04-12,2026-04-11,48,44,4
PO004226,S040,P0058,W07,2025-12-24,2026-01-01,2025-12-31,157,154,0
PO004227,S040,P0275,W14,2025-06-25,2025-07-01,2025-07-05,48,47,1
PO004228,S033,P0022,W08,2025-05-05,2025-06-10,2025-06-11,207,184,15
PO004229,S033,P0357,W15,2025-02-22,2025-03-30,2025-03-30,109,99,8
PO004230,S029,P0335,W11,2026-03-06,2026-03-16,2026-03-15,100,95,5
PO004231,S014,P0387,W11,2025-06-09,2025-06-17,2025-06-15,46,43,3
PO004232,S008,P0325,W03,2025-05-16,2025-05-19,2025-05-19,176,163,7
PO004233,S026,P0395,W10,2025-05-11,2025-05-27,2025-05-27,155,135,16
PO004234,S018,P0320,W12,2025-06-24,2025-07-18,2025-07-18,108,95,11
PO004235,S033,P0021,W02,2025-11-06,2025-12-07,2025-12-05,231,209,15
PO004236,S020,P0363,W09,2026-02-15,2026-02-25,2026-02-25,64,54,7
PO004237,S039,P0150,W08,2026-03-11,2026-03-30,2026-04-05,53,49,2
PO004238,S003,P0150,W15,2025-12-29,2026-01-20,2026-01-19,75,72,1
PO004239,S019,P0332,W06,2025-05-03,2025-05-15,2025-05-14,190,172,9
PO004240,S014,P0104,W10,2025-01-28,2025-01-31,2025-02-06,53,49,4
PO004241,S035,P0263,W13,2026-05-29,2026-06-12,2026-06-12,164,145,19
PO004242,S002,P0328,W08,2025-05-04,2025-06-05,2025-06-04,185,165,14
PO004243,S040,P0080,W06,2026-04-03,2026-04-06,2026-04-05,104,97,3
PO004244,S030,P0169,W03,2025-07-17,2025-08-07,2025-08-06,316,281,24
PO004245,S029,P0123,W08,2026-04-30,2026-05-03,2026-05-14,19,18,0
PO004246,S026,P0265,W04,2026-01-05,2026-01-26,2026-01-25,102,89,9
PO004247,S029,P0152,W05,2025-06-24,2025-06-27,2025-06-27,91,85,3
PO004248,S016,P0246,W05,2025-06-17,2025-06-30,2025-06-29,49,43,4
PO004249,S037,P0146,W08,2025-10-07,2025-10-16,2025-10-26,58,53,3
PO004250,S016,P0373,W08,2025-11-24,2025-12-11,2025-12-09,46,42,3
PO004251,S029,P0027,W09,2025-11-06,2025-11-12,2025-11-10,117,112,2
PO004252,S008,P0151,W02,2025-11-21,2025-11-26,2025-11-24,30,28,1
PO004253,S023,P0169,W08,2025-05-21,2025-05-31,2025-05-30,87,75,8
PO004254,S008,P0097,W13,2026-01-03,2026-01-20,2026-01-19,70,69,1
PO004255,S031,P0304,W06,2025-11-27,2025-12-11,2025-12-17,43,41,2
PO004256,S034,P0228,W10,2026-06-07,2026-06-13,2026-06-12,24,21,2
PO004257,S034,P0047,W12,2025-05-09,2025-05-12,2025-05-12,25,24,1
PO004258,S004,P0263,W02,2025-05-21,2025-06-08,2025-06-06,122,108,13
PO004259,S006,P0194,W02,2025-10-28,2025-11-08,2025-11-08,36,34,1
PO004260,S010,P0023,W05,2026-05-23,2026-06-29,2026-06-28,81,73,6
PO004261,S021,P0383,W02,2025-02-16,2025-02-23,2025-02-21,172,150,16
PO004262,S024,P0348,W10,2026-02-26,2026-03-31,2026-04-02,57,51,6
PO004263,S040,P0122,W07,2025-07-04,2025-07-15,2025-07-13,31,30,0
PO004264,S018,P0279,W04,2025-11-16,2025-11-30,2025-11-29,31,27,3
PO004265,S021,P0120,W09,2025-10-02,2025-10-06,2025-10-04,31,28,3
PO004266,S025,P0123,W13,2026-05-25,2026-06-20,2026-06-20,29,28,1
PO004267,S001,P0020,W13,2025-07-19,2025-07-24,2025-07-23,51,49,0
PO004268,S033,P0137,W08,2026-06-24,2026-07-26,2026-07-25,74,64,7
PO004269,S021,P0271,W10,2025-10-02,2025-10-10,2025-10-09,83,72,9
PO004270,S028,P0289,W06,2025-06-08,2025-07-03,2025-07-06,97,87,10
PO004271,S036,P0353,W02,2025-04-07,2025-05-10,2025-05-10,50,45,3
PO004272,S002,P0390,W11,2026-01-07,2026-02-05,2026-02-04,43,39,3
PO004273,S006,P0017,W15,2025-04-22,2025-05-08,2025-05-06,61,60,1
PO004274,S033,P0160,W03,2025-03-11,2025-04-07,2025-04-07,97,91,3
PO004275,S034,P0166,W10,2025-12-09,2025-12-15,2025-12-15,30,27,2
PO004276,S014,P0285,W13,2026-01-14,2026-01-20,2026-01-18,90,83,7
PO004277,S017,P0194,W15,2025-08-24,2025-09-17,2025-09-27,83,78,2
PO004278,S029,P0260,W07,2025-05-02,2025-05-13,2025-05-11,63,60,3
PO004279,S040,P0396,W12,2025-07-26,2025-08-03,2025-08-02,189,186,3
PO004280,S018,P0049,W06,2026-05-20,2026-06-17,2026-06-17,39,35,4
PO004281,S004,P0318,W07,2026-05-06,2026-05-29,2026-05-27,126,114,10
PO004282,S017,P0077,W05,2026-03-19,2026-04-09,2026-04-09,41,38,1
PO004283,S010,P0039,W03,2025-10-27,2025-11-16,2025-11-15,95,84,9
PO004284,S003,P0159,W10,2025-09-27,2025-10-13,2025-10-12,22,21,0
PO004285,S007,P0335,W09,2025-02-15,2025-03-20,2025-03-18,58,52,5
PO004286,S011,P0347,W09,2025-10-16,2025-11-04,2025-11-04,37,37,0
PO004287,S027,P0193,W09,2025-04-21,2025-05-28,2025-05-26,40,38,2
PO004288,S014,P0144,W14,2025-01-15,2025-01-24,2025-01-22,98,91,6
PO004289,S001,P0261,W05,2025-08-05,2025-08-10,2025-08-09,114,108,1
PO004290,S003,P0251,W04,2026-02-06,2026-03-02,2026-02-28,436,408,23
PO004291,S009,P0029,W09,2025-02-22,2025-03-14,2025-03-12,67,61,4
PO004292,S023,P0010,W12,2025-06-02,2025-06-23,2025-06-21,210,191,14
PO004293,S035,P0210,W14,2025-07-23,2025-07-29,2025-07-27,29,26,3
PO004294,S019,P0071,W01,2026-02-06,2026-02-18,2026-02-16,58,54,3
PO004295,S027,P0346,W12,2025-02-17,2025-03-20,2025-03-19,54,50,4
PO004296,S033,P0362,W03,2025-10-19,2025-11-29,2025-11-28,62,55,6
PO004297,S013,P0267,W04,2025-10-28,2025-12-02,2025-12-02,77,74,2
PO004298,S015,P0133,W06,2025-02-23,2025-03-21,2025-03-20,322,271,44
PO004299,S005,P0071,W06,2026-03-21,2026-04-04,2026-04-03,56,53,1
PO004300,S009,P0098,W10,2025-02-01,2025-02-28,2025-02-26,70,66,2
PO004301,S008,P0362,W08,2025-12-08,2025-12-19,2025-12-19,36,34,2
PO004302,S020,P0074,W05,2025-02-01,2025-02-12,2025-02-11,28,26,2
PO004303,S025,P0156,W01,2025-10-17,2025-11-11,2025-11-14,128,118,5
PO004304,S039,P0208,W12,2026-04-23,2026-05-07,2026-05-05,36,33,2
PO004305,S040,P0182,W10,2025-11-20,2025-12-04,2025-12-12,67,62,2
PO004306,S039,P0007,W08,2026-05-04,2026-05-22,2026-05-20,116,109,3
PO004307,S024,P0085,W03,2026-04-11,2026-05-06,2026-05-05,150,134,11
PO004308,S014,P0196,W10,2025-12-17,2026-01-01,2025-12-30,99,95,4
PO004309,S025,P0231,W15,2026-06-06,2026-07-13,2026-07-12,17,17,0
PO004310,S013,P0378,W01,2026-03-12,2026-04-08,2026-04-07,86,83,2
PO004311,S011,P0088,W14,2025-05-17,2025-05-25,2025-05-23,39,39,0
PO004312,S014,P0112,W01,2025-05-17,2025-05-25,2025-05-23,113,100,8
PO004313,S005,P0227,W14,2025-07-08,2025-07-26,2025-07-26,48,46,1
PO004314,S001,P0008,W03,2025-10-02,2025-10-05,2025-10-04,284,279,2
PO004315,S011,P0103,W10,2025-01-31,2025-02-16,2025-02-14,89,86,1
PO004316,S008,P0026,W04,2025-07-08,2025-07-30,2025-07-30,150,140,5
PO004317,S011,P0174,W14,2026-01-05,2026-01-12,2026-01-11,27,27,0
PO004318,S002,P0388,W11,2025-09-18,2025-10-23,2025-10-21,112,103,6
PO004319,S008,P0301,W11,2025-01-19,2025-01-29,2025-01-27,32,30,1
PO004320,S038,P0022,W09,2025-12-23,2026-01-07,2026-01-05,161,143,12
PO004321,S021,P0103,W10,2026-03-09,2026-03-17,2026-03-16,83,75,6
PO004322,S024,P0182,W14,2025-05-14,2025-06-15,2025-06-14,91,80,8
PO004323,S004,P0080,W04,2025-11-24,2025-12-17,2025-12-15,24,22,2
PO004324,S039,P0131,W05,2025-03-12,2025-04-03,2025-04-02,51,46,4
PO004325,S012,P0060,W14,2026-01-25,2026-02-28,2026-02-26,49,46,2
PO004326,S006,P0276,W06,2025-09-20,2025-10-03,2025-10-01,53,49,3
PO004327,S038,P0190,W11,2025-09-18,2025-10-06,2025-10-15,35,32,2
PO004328,S024,P0087,W01,2025-08-11,2025-09-12,2025-09-12,44,38,4
PO004329,S032,P0043,W05,2025-12-31,2026-01-08,2026-01-06,114,109,1
PO004330,S016,P0067,W14,2025-09-09,2025-10-01,2025-09-29,25,22,2
PO004331,S027,P0333,W04,2025-12-04,2025-12-31,2025-12-31,32,30,2
PO004332,S016,P0329,W07,2026-06-20,2026-07-08,2026-07-07,55,51,4
PO004333,S030,P0171,W04,2026-05-15,2026-05-27,2026-05-26,125,115,9
PO004334,S029,P0354,W12,2026-02-25,2026-03-06,2026-03-11,107,98,4
PO004335,S036,P0154,W13,2026-01-27,2026-03-04,2026-03-04,83,76,5
PO004336,S033,P0134,W08,2025-10-24,2025-12-01,2025-12-01,74,70,3
PO004337,S014,P0387,W03,2025-06-14,2025-06-24,2025-06-26,99,91,4
PO004338,S013,P0257,W03,2025-06-06,2025-07-06,2025-07-05,153,145,6
PO004339,S008,P0257,W05,2025-01-14,2025-02-05,2025-02-05,36,34,2
PO004340,S008,P0049,W05,2025-01-26,2025-02-13,2025-02-13,61,57,2
PO004341,S014,P0389,W01,2025-05-01,2025-05-11,2025-05-11,44,40,3
PO004342,S035,P0356,W12,2025-12-04,2025-12-17,2025-12-16,106,97,8
PO004343,S021,P0059,W09,2025-02-06,2025-02-15,2025-02-14,63,57,5
PO004344,S010,P0159,W04,2026-04-02,2026-05-01,2026-05-03,124,112,8
PO004345,S002,P0131,W04,2026-01-17,2026-02-12,2026-02-12,110,99,6
PO004346,S040,P0192,W11,2025-10-30,2025-11-10,2025-11-09,53,53,0
PO004347,S020,P0147,W09,2026-03-06,2026-03-20,2026-03-19,106,91,12
PO004348,S026,P0305,W02,2026-06-29,2026-07-11,2026-07-10,75,70,5
PO004349,S008,P0117,W01,2026-05-28,2026-06-11,2026-06-09,128,116,7
PO004350,S010,P0230,W14,2026-01-11,2026-02-05,2026-02-13,94,84,6
PO004351,S023,P0231,W09,2025-03-24,2025-04-01,2025-04-09,53,48,4
PO004352,S038,P0063,W06,2025-07-07,2025-07-24,2025-07-22,41,36,3
PO004353,S027,P0348,W11,2025-04-08,2025-05-08,2025-05-08,102,91,7
PO004354,S028,P0282,W14,2026-02-06,2026-02-28,2026-02-27,63,57,5
PO004355,S019,P0044,W01,2025-01-16,2025-01-31,2025-01-30,42,40,1
PO004356,S006,P0267,W02,2026-05-17,2026-05-28,2026-05-28,81,78,2
PO004357,S026,P0264,W14,2025-04-07,2025-04-14,2025-04-13,166,139,19
PO004358,S026,P0084,W05,2025-08-19,2025-09-03,2025-09-02,100,87,11
PO004359,S032,P0352,W03,2026-03-09,2026-03-29,2026-03-27,50,50,0
PO004360,S028,P0100,W04,2025-06-21,2025-07-13,2025-07-13,83,74,5
PO004361,S020,P0033,W09,2025-11-18,2025-12-01,2025-12-01,72,64,8
PO004362,S033,P0043,W14,2026-03-12,2026-04-10,2026-04-08,196,177,17
PO004363,S023,P0336,W13,2025-02-27,2025-03-11,2025-03-10,179,163,15
PO004364,S014,P0395,W06,2026-01-25,2026-02-02,2026-01-31,102,88,9
PO004365,S028,P0185,W07,2025-08-24,2025-09-14,2025-09-13,54,50,4
PO004366,S016,P0280,W04,2025-11-11,2025-11-20,2025-11-27,88,82,6
PO004367,S039,P0220,W15,2025-09-18,2025-10-12,2025-10-11,97,91,5
PO004368,S001,P0315,W11,2025-03-23,2025-04-06,2025-04-05,170,169,0
PO004369,S020,P0158,W07,2026-02-04,2026-02-23,2026-02-23,132,118,10
PO004370,S013,P0325,W07,2025-06-22,2025-07-23,2025-07-23,63,58,2
PO004371,S014,P0047,W08,2026-02-12,2026-02-18,2026-02-17,28,26,2
PO004372,S032,P0388,W03,2026-03-23,2026-04-15,2026-04-14,61,57,2
PO004373,S016,P0358,W08,2025-12-20,2026-01-09,2026-01-08,129,118,11
PO004374,S021,P0250,W01,2026-05-06,2026-05-12,2026-05-10,10,8,1
PO004375,S033,P0239,W09,2025-05-29,2025-06-30,2025-06-29,23,22,1
PO004376,S013,P0386,W11,2026-05-14,2026-06-10,2026-06-19,77,73,2
PO004377,S025,P0269,W14,2025-02-19,2025-03-20,2025-03-19,175,166,8
PO004378,S028,P0179,W14,2025-07-28,2025-08-16,2025-08-15,33,29,3
PO004379,S019,P0073,W15,2026-03-11,2026-03-28,2026-04-08,44,43,1
PO004380,S021,P0290,W09,2025-01-30,2025-02-08,2025-02-07,103,91,10
PO004381,S018,P0200,W15,2026-04-18,2026-05-14,2026-05-14,75,67,7
PO004382,S007,P0291,W09,2026-04-15,2026-05-19,2026-05-17,91,77,10
PO004383,S020,P0007,W09,2025-05-17,2025-05-28,2025-06-02,24,22,2
PO004384,S034,P0236,W07,2025-01-01,2025-01-09,2025-01-09,222,204,12
PO004385,S035,P0279,W02,2025-07-17,2025-07-30,2025-07-28,94,78,12
PO004386,S001,P0172,W06,2025-02-12,2025-02-16,2025-02-16,34,32,1
PO004387,S028,P0020,W11,2025-10-03,2025-10-21,2025-10-20,34,31,2
PO004388,S040,P0188,W13,2025-03-27,2025-04-07,2025-04-07,26,25,0
PO004389,S021,P0317,W12,2025-03-21,2025-03-27,2025-03-25,125,106,13
PO004390,S021,P0127,W07,2025-12-05,2025-12-08,2025-12-06,54,50,4
PO004391,S002,P0273,W06,2025-12-31,2026-01-23,2026-02-01,17,15,1
PO004392,S040,P0219,W06,2025-04-05,2025-04-19,2025-04-17,70,67,0
PO004393,S030,P0061,W13,2026-04-29,2026-05-10,2026-05-10,74,65,8
PO004394,S002,P0125,W13,2025-08-08,2025-09-09,2025-09-07,21,19,1
PO004395,S011,P0306,W02,2025-08-07,2025-08-12,2025-08-24,74,73,1
PO004396,S006,P0112,W08,2025-03-07,2025-03-19,2025-03-17,52,49,2
PO004397,S037,P0134,W05,2025-11-19,2025-11-26,2025-11-24,40,39,0
PO004398,S032,P0106,W04,2026-03-20,2026-03-31,2026-03-30,106,97,4
PO004399,S030,P0363,W05,2025-05-26,2025-06-04,2025-06-03,42,38,3
PO004400,S012,P0190,W14,2025-01-29,2025-02-25,2025-02-25,37,34,2
PO004401,S023,P0212,W05,2025-10-29,2025-11-13,2025-11-12,41,40,1
PO004402,S025,P0219,W07,2025-05-23,2025-06-18,2025-06-30,92,82,7
PO004403,S002,P0027,W03,2025-02-26,2025-03-21,2025-03-20,462,441,20
PO004404,S024,P0157,W06,2026-05-22,2026-06-24,2026-06-24,45,41,3
PO004405,S036,P0056,W06,2026-04-30,2026-06-07,2026-06-06,48,45,1
PO004406,S003,P0034,W06,2025-06-08,2025-06-23,2025-06-21,171,165,5
PO004407,S028,P0071,W15,2025-03-29,2025-04-14,2025-04-14,28,25,2
PO004408,S037,P0124,W01,2025-10-27,2025-10-31,2025-10-31,23,22,0
PO004409,S036,P0377,W12,2025-04-14,2025-05-14,2025-05-12,40,37,2
PO004410,S004,P0387,W01,2026-04-17,2026-05-03,2026-05-02,158,134,17
PO004411,S010,P0363,W10,2026-02-07,2026-03-02,2026-03-01,83,75,8
PO004412,S011,P0188,W10,2025-07-31,2025-08-03,2025-08-02,79,76,1
PO004413,S022,P0268,W02,2025-08-10,2025-08-25,2025-08-25,39,38,1
PO004414,S022,P0381,W10,2025-05-02,2025-05-20,2025-05-18,66,60,4
PO004415,S002,P0100,W11,2026-02-11,2026-03-11,2026-03-10,54,49,3
PO004416,S008,P0240,W05,2026-02-05,2026-02-19,2026-02-17,44,41,1
PO004417,S009,P0032,W11,2026-05-23,2026-06-16,2026-06-14,30,28,1
PO004418,S027,P0166,W11,2026-06-19,2026-07-21,2026-07-20,55,50,5
PO004419,S017,P0343,W13,2025-08-22,2025-09-14,2025-09-14,43,38,3
PO004420,S034,P0374,W13,2025-07-22,2025-08-06,2025-08-04,50,47,2
PO004421,S009,P0396,W10,2026-05-02,2026-05-20,2026-05-20,23,23,0
PO004422,S038,P0135,W02,2025-06-06,2025-06-22,2025-06-21,51,48,3
PO004423,S018,P0269,W15,2025-12-25,2026-01-26,2026-01-29,62,57,5
PO004424,S011,P0256,W03,2025-11-06,2025-11-24,2025-12-01,50,49,0
PO004425,S038,P0337,W08,2025-12-06,2025-12-18,2025-12-22,53,48,4
PO004426,S017,P0135,W13,2025-06-19,2025-07-17,2025-07-16,57,53,3
PO004427,S035,P0214,W03,2026-05-01,2026-05-14,2026-05-13,37,32,4
PO004428,S008,P0090,W15,2026-01-13,2026-01-20,2026-01-19,119,111,7
PO004429,S040,P0257,W09,2025-09-30,2025-10-08,2025-10-08,43,42,0
PO004430,S003,P0047,W09,2026-01-05,2026-02-03,2026-02-15,51,49,2
PO004431,S020,P0341,W03,2025-08-05,2025-08-12,2025-08-11,111,99,10
PO004432,S006,P0134,W06,2026-05-06,2026-05-14,2026-05-12,75,72,2
PO004433,S015,P0087,W07,2025-11-24,2025-12-13,2025-12-13,117,99,13
PO004434,S019,P0173,W06,2025-09-15,2025-10-06,2025-10-04,30,28,2
PO004435,S003,P0337,W08,2025-08-17,2025-09-08,2025-09-07,48,46,1
PO004436,S012,P0298,W09,2025-10-16,2025-11-21,2025-12-01,117,113,4
PO004437,S023,P0060,W14,2025-12-25,2026-01-08,2026-01-08,35,32,2
PO004438,S035,P0067,W13,2025-05-03,2025-05-07,2025-05-19,122,104,14
PO004439,S017,P0399,W06,2025-10-30,2025-11-21,2025-11-25,53,51,2
PO004440,S033,P0094,W14,2026-06-09,2026-07-14,2026-07-13,243,223,13
PO004441,S007,P0309,W03,2025-09-29,2025-11-05,2025-11-03,80,68,11
PO004442,S031,P0107,W13,2025-05-10,2025-05-27,2025-05-27,160,146,9
PO004443,S037,P0065,W04,2025-02-09,2025-02-13,2025-02-13,161,156,5
PO004444,S032,P0039,W14,2025-11-13,2025-11-25,2025-11-24,97,92,3
PO004445,S024,P0317,W10,2025-11-22,2025-12-21,2025-12-28,81,71,7
PO004446,S020,P0020,W12,2025-07-05,2025-07-21,2025-07-20,90,82,6
PO004447,S027,P0300,W11,2026-02-07,2026-03-07,2026-03-11,68,59,6
PO004448,S035,P0156,W03,2025-06-20,2025-07-06,2025-07-05,164,140,16
PO004449,S021,P0302,W07,2025-06-19,2025-06-24,2025-06-24,116,102,10
PO004450,S014,P0312,W14,2026-01-08,2026-01-22,2026-01-31,42,38,3
PO004451,S025,P0122,W14,2025-10-14,2025-11-03,2025-11-02,35,32,2
PO004452,S030,P0012,W08,2025-03-04,2025-03-11,2025-03-11,51,46,5
PO004453,S013,P0334,W04,2026-04-06,2026-05-04,2026-05-03,84,81,1
PO004454,S016,P0121,W14,2025-02-05,2025-02-25,2025-02-25,45,39,4
PO004455,S011,P0089,W10,2025-01-31,2025-02-15,2025-02-13,33,33,0
PO004456,S039,P0015,W12,2025-04-10,2025-04-21,2025-04-21,45,43,2
PO004457,S036,P0116,W12,2025-12-20,2026-01-15,2026-01-15,36,34,2
PO004458,S039,P0040,W10,2026-03-22,2026-04-11,2026-04-10,53,49,2
PO004459,S017,P0328,W04,2026-02-28,2026-03-18,2026-03-23,87,81,4
PO004460,S003,P0041,W04,2025-02-23,2025-03-16,2025-03-25,83,77,3
PO004461,S016,P0047,W10,2025-01-14,2025-01-20,2025-01-20,59,53,4
PO004462,S024,P0325,W01,2025-02-26,2025-04-01,2025-04-01,56,50,4
PO004463,S004,P0342,W12,2025-06-04,2025-06-25,2025-07-02,101,92,8
PO004464,S011,P0199,W08,2025-07-07,2025-07-18,2025-07-16,68,67,1
PO004465,S001,P0004,W14,2025-06-02,2025-06-06,2025-06-04,109,107,1
PO004466,S028,P0241,W08,2025-12-10,2025-12-30,2025-12-29,29,26,2
PO004467,S005,P0339,W01,2025-02-23,2025-03-10,2025-03-18,56,52,2
PO004468,S016,P0253,W02,2025-01-02,2025-01-13,2025-01-12,44,40,2
PO004469,S014,P0158,W12,2025-06-21,2025-07-02,2025-07-04,47,43,3
PO004470,S031,P0351,W06,2025-07-04,2025-07-19,2025-07-17,55,50,3
PO004471,S012,P0331,W03,2026-03-19,2026-04-18,2026-04-17,85,83,2
PO004472,S012,P0212,W11,2025-10-31,2025-12-09,2025-12-09,26,25,0
PO004473,S020,P0021,W07,2026-01-18,2026-02-02,2026-01-31,48,43,4
PO004474,S012,P0384,W05,2025-03-30,2025-04-23,2025-04-22,239,226,10
PO004475,S002,P0179,W12,2026-06-23,2026-07-23,2026-07-23,58,53,4
PO004476,S011,P0291,W14,2025-04-11,2025-04-26,2025-04-25,24,24,0
PO004477,S018,P0087,W10,2025-11-21,2025-12-09,2025-12-07,21,19,2
PO004478,S014,P0209,W05,2025-01-13,2025-01-28,2025-01-26,64,59,3
PO004479,S031,P0285,W13,2025-02-03,2025-02-13,2025-02-11,14,12,1
PO004480,S020,P0130,W01,2025-07-14,2025-08-02,2025-07-31,52,45,5
PO004481,S015,P0063,W15,2025-01-07,2025-01-23,2025-01-23,54,47,6
PO004482,S019,P0364,W09,2025-06-02,2025-06-12,2025-06-12,73,68,3
PO004483,S013,P0004,W11,2026-06-16,2026-07-16,2026-07-15,74,72,0
PO004484,S016,P0184,W15,2026-03-07,2026-03-21,2026-03-21,50,46,4
PO004485,S040,P0106,W10,2025-05-07,2025-05-20,2025-05-20,206,195,7
PO004486,S021,P0150,W07,2025-06-10,2025-06-29,2025-06-29,172,156,16
PO004487,S021,P0349,W06,2025-10-02,2025-10-05,2025-10-07,80,69,7
PO004488,S011,P0141,W04,2025-02-19,2025-02-28,2025-03-03,64,60,1
PO004489,S028,P0080,W06,2025-09-25,2025-10-13,2025-10-18,68,63,5
PO004490,S013,P0327,W04,2025-08-23,2025-09-23,2025-09-21,78,74,2
PO004491,S032,P0332,W15,2025-02-05,2025-02-21,2025-02-21,153,140,8
PO004492,S025,P0243,W10,2026-06-20,2026-07-12,2026-07-11,66,61,3
PO004493,S002,P0069,W11,2025-07-12,2025-08-07,2025-08-05,133,118,11
PO004494,S018,P0063,W11,2025-03-27,2025-04-27,2025-04-25,30,27,2
PO004495,S021,P0118,W10,2025-07-31,2025-08-07,2025-08-07,56,48,6
PO004496,S018,P0042,W02,2025-12-03,2025-12-24,2025-12-23,100,91,8
PO004497,S010,P0195,W02,2026-06-27,2026-07-26,2026-07-24,263,229,24
PO004498,S017,P0071,W04,2025-02-23,2025-03-21,2025-03-27,37,34,2
PO004499,S001,P0245,W04,2025-08-08,2025-08-11,2025-08-21,127,123,3
PO004500,S014,P0045,W08,2025-04-28,2025-05-09,2025-05-07,25,23,2
PO004501,S009,P0334,W06,2025-02-25,2025-03-19,2025-03-19,32,30,2
PO004502,S023,P0080,W08,2025-08-18,2025-08-30,2025-09-09,49,45,4
PO004503,S013,P0184,W11,2025-08-24,2025-09-28,2025-09-28,71,68,2
PO004504,S019,P0397,W08,2026-04-25,2026-05-24,2026-05-22,25,23,1
PO004505,S040,P0350,W11,2026-01-09,2026-01-17,2026-01-17,63,61,0
PO004506,S002,P0268,W05,2026-01-09,2026-02-14,2026-02-12,129,122,7
PO004507,S003,P0282,W08,2025-10-20,2025-11-08,2025-11-06,72,70,0
PO004508,S031,P0400,W08,2025-05-24,2025-06-16,2025-06-16,149,142,7
PO004509,S026,P0151,W10,2025-09-04,2025-09-19,2025-10-01,77,66,8
PO004510,S001,P0202,W15,2026-04-04,2026-04-07,2026-04-05,17,16,0
PO004511,S034,P0255,W08,2026-03-26,2026-03-29,2026-03-29,93,84,5
PO004512,S029,P0377,W14,2026-01-06,2026-01-18,2026-01-18,123,119,1
PO004513,S009,P0064,W02,2025-06-01,2025-06-18,2025-06-16,45,43,0
PO004514,S002,P0206,W10,2025-11-13,2025-12-01,2025-11-30,28,26,2
PO004515,S037,P0023,W09,2026-04-14,2026-04-22,2026-04-21,99,96,1
PO004516,S001,P0067,W07,2025-07-18,2025-07-21,2025-07-19,102,99,1
PO004517,S003,P0257,W10,2026-05-24,2026-06-09,2026-06-09,69,65,1
PO004518,S010,P0266,W15,2026-02-04,2026-03-01,2026-03-13,97,89,8
PO004519,S024,P0177,W08,2026-01-24,2026-02-22,2026-02-20,85,76,7
PO004520,S023,P0373,W05,2025-02-19,2025-03-05,2025-03-05,77,68,8
PO004521,S011,P0057,W02,2025-10-23,2025-11-12,2025-11-23,49,46,1
PO004522,S018,P0042,W12,2025-11-12,2025-12-05,2025-12-05,200,171,20
PO004523,S018,P0235,W09,2025-07-26,2025-08-23,2025-08-27,14,13,1
PO004524,S016,P0331,W04,2026-03-14,2026-03-29,2026-03-27,142,126,11
PO004525,S010,P0087,W07,2026-01-14,2026-02-11,2026-02-09,106,94,11
PO004526,S031,P0278,W04,2025-03-08,2025-03-29,2025-03-27,29,28,1
PO004527,S018,P0380,W07,2025-02-17,2025-03-11,2025-03-11,103,93,9
PO004528,S012,P0103,W14,2025-11-14,2025-12-24,2025-12-22,52,50,1
PO004529,S008,P0154,W09,2025-10-12,2025-10-26,2025-10-25,92,83,5
PO004530,S039,P0091,W11,2025-11-24,2025-12-15,2025-12-13,72,70,2
PO004531,S006,P0162,W01,2026-06-24,2026-06-30,2026-06-30,35,34,1
PO004532,S030,P0245,W08,2025-11-15,2025-12-02,2025-12-01,55,49,4
PO004533,S003,P0013,W10,2025-03-22,2025-04-22,2025-04-28,63,60,1
PO004534,S031,P0327,W08,2025-09-24,2025-10-15,2025-10-14,77,69,7
PO004535,S009,P0387,W05,2025-07-25,2025-08-03,2025-08-01,266,244,12
PO004536,S029,P0239,W12,2026-02-02,2026-02-11,2026-02-09,34,32,1
PO004537,S002,P0359,W07,2025-11-27,2025-12-23,2025-12-23,50,46,4
PO004538,S018,P0056,W09,2026-03-27,2026-04-16,2026-04-14,83,70,10
PO004539,S038,P0137,W10,2025-02-05,2025-02-25,2025-02-25,23,22,1
PO004540,S025,P0023,W10,2026-03-28,2026-04-24,2026-04-22,19,19,0
PO004541,S037,P0244,W11,2025-04-15,2025-04-27,2025-04-28,60,59,1
PO004542,S023,P0106,W11,2025-05-17,2025-05-26,2025-05-26,40,37,2
PO004543,S020,P0173,W15,2025-12-24,2026-01-12,2026-01-15,73,66,7
PO004544,S014,P0159,W10,2025-11-02,2025-11-13,2025-11-13,17,15,1
PO004545,S014,P0305,W01,2025-04-21,2025-04-27,2025-04-25,18,16,1
PO004546,S020,P0074,W07,2026-06-07,2026-06-19,2026-06-19,55,48,5
PO004547,S025,P0159,W08,2026-04-24,2026-05-18,2026-05-16,100,97,3
PO004548,S028,P0328,W05,2025-08-28,2025-09-19,2025-09-30,158,147,10
PO004549,S022,P0129,W01,2026-05-06,2026-05-25,2026-05-27,30,28,1
PO004550,S006,P0352,W05,2025-08-03,2025-08-06,2025-08-04,144,136,4
PO004551,S018,P0138,W07,2025-06-04,2025-06-30,2025-06-28,105,89,12
PO004552,S028,P0376,W01,2025-03-28,2025-04-21,2025-04-21,53,49,3
PO004553,S028,P0143,W11,2026-03-04,2026-03-31,2026-03-30,198,174,16
PO004554,S030,P0396,W08,2025-08-21,2025-09-08,2025-09-08,54,47,5
PO004555,S022,P0354,W01,2026-02-11,2026-02-28,2026-02-28,77,71,4
PO004556,S035,P0207,W15,2025-03-31,2025-04-19,2025-04-18,117,104,11
PO004557,S017,P0318,W11,2026-02-28,2026-03-28,2026-03-26,55,52,2
PO004558,S020,P0145,W09,2025-10-05,2025-10-18,2025-10-18,60,57,3
PO004559,S038,P0067,W02,2025-09-05,2025-09-26,2025-09-24,139,127,11
PO004560,S010,P0375,W13,2025-06-16,2025-07-09,2025-07-08,105,92,9
PO004561,S027,P0322,W02,2026-04-20,2026-05-19,2026-05-18,231,209,15
PO004562,S012,P0024,W07,2025-03-31,2025-05-11,2025-05-10,35,33,2
PO004563,S001,P0198,W14,2025-06-21,2025-06-25,2025-06-23,55,55,0
PO004564,S033,P0167,W04,2025-02-08,2025-03-12,2025-03-11,47,42,4
PO004565,S022,P0219,W02,2025-02-28,2025-03-23,2025-03-23,58,55,2
PO004566,S022,P0032,W03,2025-05-02,2025-05-14,2025-05-14,126,111,9
PO004567,S007,P0242,W10,2026-03-21,2026-04-23,2026-04-22,98,87,11
PO004568,S023,P0201,W02,2025-07-21,2025-07-28,2025-07-28,144,136,7
PO004569,S037,P0068,W06,2025-04-04,2025-04-13,2025-04-13,37,35,1
PO004570,S035,P0130,W01,2025-10-06,2025-10-22,2025-10-22,146,127,15
PO004571,S008,P0248,W13,2026-01-04,2026-01-20,2026-01-20,97,90,3
PO004572,S035,P0387,W05,2026-05-12,2026-05-30,2026-05-29,60,52,6
PO004573,S002,P0208,W11,2025-01-18,2025-02-04,2025-02-03,55,51,3
PO004574,S008,P0174,W08,2025-09-01,2025-09-19,2025-09-19,106,102,2
PO004575,S036,P0170,W10,2026-06-18,2026-07-14,2026-07-18,175,156,14
PO004576,S011,P0071,W04,2026-01-22,2026-01-31,2026-01-30,47,45,1
PO004577,S036,P0062,W07,2026-06-04,2026-07-05,2026-07-03,148,140,7
PO004578,S012,P0184,W10,2025-09-11,2025-10-15,2025-10-13,122,112,6
PO004579,S031,P0336,W01,2025-09-20,2025-10-14,2025-10-13,74,65,6
PO004580,S038,P0052,W11,2025-08-13,2025-09-06,2025-09-05,208,182,20
PO004581,S005,P0016,W04,2025-07-22,2025-08-11,2025-08-11,62,59,0
PO004582,S019,P0106,W08,2025-04-18,2025-04-27,2025-04-25,124,112,6
PO004583,S005,P0385,W01,2025-03-18,2025-04-04,2025-04-03,452,421,20
PO004584,S033,P0225,W07,2025-12-19,2026-01-29,2026-01-28,26,24,1
PO004585,S020,P0222,W15,2025-11-06,2025-11-25,2025-11-23,38,34,4
PO004586,S004,P0004,W13,2025-06-26,2025-07-16,2025-07-26,75,67,8
PO004587,S033,P0277,W01,2025-10-09,2025-11-15,2025-11-14,105,91,10
PO004588,S026,P0009,W14,2025-11-20,2025-11-27,2025-11-30,170,150,17
PO004589,S004,P0092,W01,2025-08-14,2025-09-04,2025-09-03,41,37,4
PO004590,S037,P0252,W14,2025-03-26,2025-04-03,2025-04-01,37,34,2
PO004591,S028,P0343,W14,2025-11-16,2025-12-12,2025-12-19,145,129,11
PO004592,S036,P0164,W06,2025-05-12,2025-06-25,2025-06-25,56,52,3
PO004593,S014,P0321,W11,2025-05-18,2025-05-26,2025-05-30,71,65,6
PO004594,S031,P0052,W11,2025-07-18,2025-08-08,2025-08-14,35,33,2
PO004595,S007,P0260,W02,2025-10-17,2025-11-09,2025-11-12,50,43,5
PO004596,S011,P0177,W04,2025-06-13,2025-06-26,2025-06-25,30,28,1
PO004597,S018,P0397,W03,2026-05-26,2026-06-30,2026-06-30,48,41,5
PO004598,S034,P0104,W15,2025-02-03,2025-02-08,2025-02-07,22,20,2
PO004599,S010,P0085,W04,2025-10-30,2025-11-18,2025-11-17,80,74,6
PO004600,S017,P0021,W09,2025-04-01,2025-04-29,2025-04-27,96,88,5
PO004601,S020,P0079,W04,2026-02-09,2026-02-20,,69,62,5
PO004602,S002,P0198,W12,2025-01-17,2025-02-19,2025-02-21,47,44,3
PO004603,S026,P0026,W07,2025-08-12,2025-08-19,2025-08-18,53,48,5
PO004604,S017,P0068,W09,2025-10-24,2025-11-11,2025-11-09,98,89,5
PO004605,S036,P0308,W10,2025-05-08,2025-06-06,2025-06-05,46,43,1
PO004606,S038,P0317,W06,2025-06-12,2025-07-04,2025-07-04,52,50,2
PO004607,S002,P0205,W07,2025-02-26,2025-03-25,2025-03-24,32,30,1
PO004608,S021,P0347,W04,2026-01-30,2026-02-12,2026-02-11,72,66,6
PO004609,S024,P0085,W06,2025-09-02,2025-10-05,2025-10-05,104,95,8
PO004610,S023,P0121,W08,2025-06-19,2025-07-04,2025-07-02,59,54,3
PO004611,S014,P0164,W11,2025-08-26,2025-09-11,2025-09-11,70,64,5
PO004612,S017,P0099,W04,2025-04-21,2025-05-14,2025-05-13,27,25,1
PO004613,S016,P0283,W09,2025-11-17,2025-12-08,,88,78,8
PO004614,S028,P0104,W09,2025-02-01,2025-02-20,2025-02-19,34,33,1
PO004615,S015,P0165,W07,2025-02-20,2025-03-07,2025-03-17,38,34,4
PO004616,S032,P0172,W05,2026-03-16,2026-04-02,2026-03-31,91,85,6
PO004617,S025,P0162,W03,2025-12-07,2025-12-19,2025-12-18,93,91,2
PO004618,S039,P0282,W01,2025-07-27,2025-08-17,2025-08-17,75,69,6
PO004619,S028,P0193,W13,2026-03-29,2026-04-20,2026-04-20,93,86,6
PO004620,S006,P0036,W14,2025-02-09,2025-02-12,2025-02-12,73,71,2
PO004621,S019,P0155,W01,2026-01-23,2026-02-15,2026-02-14,111,103,5
PO004622,S022,P0219,W09,2025-09-11,2025-09-29,2025-09-27,51,48,3
PO004623,S015,P0348,W09,2025-09-19,2025-10-03,2025-10-03,112,94,13
PO004624,S037,P0156,W06,2025-12-24,2026-01-05,2026-01-04,104,100,4
PO004625,S033,P0028,W07,2025-02-16,2025-03-22,2025-03-20,250,221,18
PO004626,S020,P0029,W05,2025-12-03,2025-12-11,2025-12-22,39,35,3
PO004627,S009,P0241,W13,2025-03-24,2025-04-14,2025-04-13,89,82,3
PO004628,S007,P0298,W10,2026-01-21,2026-02-16,2026-02-15,53,45,6
PO004629,S037,P0330,W13,2025-05-11,2025-05-21,2025-05-21,45,44,0
PO004630,S032,P0248,W01,2026-05-06,2026-05-23,2026-05-22,49,46,1
PO004631,S022,P0264,W13,2026-05-11,2026-05-31,2026-05-30,163,152,8
PO004632,S027,P0225,W02,2025-10-27,2025-11-21,2025-11-21,40,38,2
PO004633,S027,P0009,W11,2025-12-03,2025-12-30,2025-12-29,32,30,2
PO004634,S004,P0086,W02,2025-01-03,2025-01-19,2025-01-17,18,17,1
PO004635,S032,P0124,W14,2026-05-08,2026-06-01,2026-06-01,88,83,4
PO004636,S020,P0064,W12,2026-04-12,2026-04-22,2026-04-22,51,46,5
PO004637,S002,P0396,W05,2025-01-06,2025-02-02,2025-02-06,110,102,8
PO004638,S027,P0254,W06,2026-01-19,2026-02-19,2026-02-19,33,30,2
PO004639,S020,P0126,W14,2025-03-06,2025-03-19,2025-03-29,29,25,4
PO004640,S020,P0357,W07,2025-07-07,2025-07-25,2025-08-06,62,54,5
PO004641,S002,P0165,W07,2025-12-23,2026-01-19,2026-01-19,70,65,3
PO004642,S032,P0180,W05,2026-03-21,2026-04-08,2026-04-06,49,46,1
PO004643,S014,P0099,W15,2025-01-06,2025-01-18,2025-01-17,76,68,5
PO004644,S019,P0083,W06,2025-04-26,2025-05-11,2025-05-11,172,155,11
PO004645,S016,P0159,W05,2026-03-31,2026-04-14,2026-04-14,59,54,4
PO004646,S014,P0121,W01,2025-07-25,2025-08-09,2025-08-07,123,114,9
PO004647,S029,P0181,W07,2025-08-18,2025-08-25,2025-09-05,140,132,3
PO004648,S038,P0027,W05,2026-04-30,2026-05-20,2026-05-19,17,15,1
PO004649,S009,P0106,W09,2025-08-03,2025-08-20,2025-08-19,39,37,1
PO004650,S022,P0263,W11,2025-07-30,2025-08-10,2025-08-08,103,95,3
PO004651,S019,P0106,W09,2025-03-18,2025-04-05,2025-04-03,110,100,6
PO004652,S032,P0170,W07,2025-11-29,2025-12-18,2025-12-18,98,96,1
PO004653,S028,P0104,W05,2025-09-26,2025-10-24,2025-10-23,110,97,8
PO004654,S032,P0317,W12,2025-02-02,2025-02-10,2025-02-09,41,40,0
PO004655,S006,P0229,W14,2025-04-30,2025-05-07,2025-05-05,136,127,5
PO004656,S003,P0332,W08,2026-04-18,2026-05-04,2026-05-09,83,77,2
PO004657,S023,P0286,W15,2025-03-09,2025-03-20,2025-03-19,75,67,5
PO004658,S017,P0306,W07,2025-06-13,2025-07-10,2025-07-09,43,40,1
PO004659,S035,P0245,W15,2025-05-14,2025-05-21,2025-05-21,35,31,3
PO004660,S025,P0114,W02,2026-04-12,2026-05-09,2026-05-09,116,111,4
PO004661,S037,P0110,W04,2026-06-03,2026-06-18,2026-06-17,349,333,6
PO004662,S031,P0312,W02,2025-08-20,2025-09-04,2025-09-03,42,39,3
PO004663,S014,P0210,W06,2025-05-05,2025-05-08,2025-05-07,23,21,1
PO004664,S024,P0148,W12,2026-01-01,2026-02-12,2026-02-11,25,23,2
PO004665,S034,P0351,W06,2025-10-07,2025-10-10,2025-10-10,48,45,3
PO004666,S002,P0346,W01,2025-03-09,2025-04-02,2025-04-01,43,39,2
PO004667,S010,P0318,W01,2025-03-26,2025-04-24,2025-05-06,126,107,13
PO004668,S023,P0123,W09,2025-06-05,2025-06-22,2025-06-24,39,35,3
PO004669,S025,P0158,W10,2025-02-24,2025-03-17,2025-03-17,43,40,2
PO004670,S036,P0308,W06,2025-01-03,2025-02-07,2025-02-05,158,147,11
PO004671,S003,P0263,W15,2025-07-26,2025-08-13,2025-08-12,274,256,10
PO004672,S027,P0173,W05,2026-06-20,2026-07-19,2026-07-18,42,40,2
PO004673,S005,P0164,W14,2026-01-09,2026-01-19,2026-01-18,23,23,0
PO004674,S015,P0044,W10,2025-06-09,2025-07-01,2025-07-01,53,45,7
PO004675,S010,P0155,W15,2026-04-11,2026-05-07,2026-05-18,65,56,6
PO004676,S007,P0152,W09,2025-06-04,2025-06-30,2025-06-30,49,43,6
PO004677,S014,P0327,W01,2025-06-27,2025-07-12,2025-07-10,132,118,9
PO004678,S020,P0228,W07,2025-10-17,2025-10-26,2025-10-25,141,128,13
PO004679,S023,P0287,W07,2026-05-01,2026-05-14,2026-05-14,166,144,14
PO004680,S002,P0229,W04,2026-01-17,2026-02-18,2026-02-16,59,56,3
PO004681,S030,P0292,W01,2025-11-06,2025-11-16,2025-11-17,164,150,13
PO004682,S002,P0292,W10,2025-05-09,2025-05-29,2025-05-28,34,31,2
PO004683,S028,P0351,W15,2025-10-29,2025-11-26,2025-11-29,87,82,4
PO004684,S007,P0075,W14,2025-12-14,2026-01-16,2026-01-15,112,97,13
PO004685,S022,P0285,W13,2026-01-23,2026-02-12,2026-02-10,26,25,0
PO004686,S017,P0273,W15,2025-07-15,2025-08-05,2025-08-03,23,21,1
PO004687,S020,P0177,W09,2025-12-16,2026-01-02,2025-12-31,108,94,9
PO004688,S037,P0128,W11,2025-10-22,2025-10-25,2025-10-24,108,106,0
PO004689,S036,P0096,W02,2025-04-03,2025-05-11,2025-05-10,41,38,2
PO004690,S021,P0112,W06,2026-03-24,2026-03-31,2026-03-30,24,21,2
PO004691,S007,P0243,W05,2025-03-10,2025-04-10,2025-04-08,141,123,16
PO004692,S038,P0183,W09,2025-03-14,2025-04-07,2025-04-06,379,342,32
PO004693,S040,P0197,W06,2026-04-04,2026-04-15,2026-04-13,156,153,1
PO004694,S036,P0188,W06,2025-08-28,2025-09-29,2025-09-28,55,51,2
PO004695,S036,P0335,W06,2025-08-04,2025-09-04,2025-09-02,83,77,5
PO004696,S021,P0360,W06,2025-06-24,2025-07-08,2025-07-08,58,52,5
PO004697,S005,P0263,W07,2025-07-21,2025-08-04,2025-08-04,104,101,2
PO004698,S012,P0035,W08,2025-09-25,2025-10-20,2025-10-19,110,102,7
PO004699,S009,P0028,W07,2025-03-04,2025-03-21,2025-03-28,24,23,1
PO004700,S003,P0244,W03,2026-02-09,2026-02-24,2026-02-24,79,73,3
PO004701,S030,P0297,W05,2025-04-09,2025-04-21,2025-05-03,33,29,3
PO004702,S031,P0325,W11,2026-03-05,2026-03-19,2026-03-17,156,142,9
PO004703,S009,P0342,W05,2025-07-03,2025-07-14,2025-07-14,16,14,1
PO004704,S025,P0116,W02,2025-07-04,2025-07-28,2025-07-27,65,62,3
PO004705,S024,P0380,W08,2025-03-21,2025-04-21,2025-04-21,80,75,4
PO004706,S013,P0216,W03,2025-05-06,2025-06-05,2025-06-05,102,96,4
PO004707,S009,P0294,W07,2025-08-14,2025-09-01,2025-08-31,47,44,2
PO004708,S003,P0347,W14,2026-02-12,2026-03-13,2026-03-13,48,45,1
PO004709,S003,P0395,W03,2026-01-30,2026-02-26,2026-02-25,33,33,0
PO004710,S017,P0125,W15,2026-05-30,2026-06-20,2026-06-18,109,102,4
PO004711,S019,P0208,W14,2025-02-04,2025-03-03,2025-03-03,50,46,3
PO004712,S002,P0084,W09,2026-01-10,2026-02-16,2026-02-15,54,51,3
PO004713,S017,P0107,W11,2026-06-17,2026-07-18,2026-07-17,90,81,6
PO004714,S024,P0293,W13,2026-05-29,2026-07-06,2026-07-06,47,44,3
PO004715,S011,P0356,W07,2025-02-11,2025-02-23,2025-02-21,59,57,0
PO004716,S013,P0186,W13,2025-07-12,2025-08-16,2025-08-15,149,141,2
PO004717,S033,P0276,W15,2025-03-10,2025-04-18,2025-04-16,51,47,4
PO004718,S001,P0113,W03,2026-05-29,2026-06-03,2026-06-03,36,34,1
PO004719,S034,P0373,W05,2026-03-13,2026-03-17,2026-03-17,97,91,6
PO004720,S031,P0100,W02,2025-03-18,2025-04-08,2025-04-07,121,108,8
PO004721,S034,P0340,W02,2025-10-17,2025-10-27,2025-10-25,66,62,4
PO004722,S029,P0053,W05,2026-06-08,2026-06-12,2026-06-11,42,42,0
PO004723,S009,P0192,W06,2025-03-09,2025-04-04,2025-04-02,74,72,2
PO004724,S034,P0349,W08,2026-04-10,2026-04-13,2026-04-13,63,58,4
PO004725,S016,P0388,W08,2025-12-11,2025-12-22,2025-12-21,60,53,5
PO004726,S001,P0155,W14,2026-02-26,2026-03-03,2026-03-01,189,176,7
PO004727,S040,P0032,W09,2025-08-09,2025-08-23,2025-08-23,45,45,0
PO004728,S020,P0043,W07,2025-09-11,2025-09-14,2025-09-12,110,97,8
PO004729,S028,P0226,W02,2026-02-26,2026-03-23,2026-03-22,95,88,6
PO004730,S012,P0111,W06,2025-09-28,2025-10-20,2025-10-18,86,81,3
PO004731,S017,P0322,W07,2025-02-04,2025-03-01,2025-02-28,37,36,1
PO004732,S022,P0182,W11,2025-11-22,2025-12-09,2025-12-09,125,114,7
PO004733,S034,P0366,W07,2025-12-15,2025-12-26,2025-12-24,17,16,1
PO004734,S025,P0377,W06,2025-06-09,2025-07-10,2025-07-10,40,37,2
PO004735,S023,P0327,W05,2025-03-03,2025-03-19,2025-03-18,53,48,3
PO004736,S033,P0351,W15,2025-05-06,2025-06-01,2025-05-30,28,26,1
PO004737,S002,P0392,W01,2026-05-06,2026-06-12,2026-06-11,116,105,8
PO004738,S011,P0101,W07,2025-08-10,2025-08-21,2025-08-19,95,92,1
PO004739,S020,P0322,W11,2026-06-02,2026-06-20,2026-06-19,20,18,1
PO004740,S002,P0069,W05,2025-08-02,2025-08-31,2025-09-05,42,39,3
PO004741,S031,P0037,W14,2025-09-26,2025-10-20,2025-10-18,80,72,6
PO004742,S036,P0127,W03,2025-01-26,2025-02-27,2025-02-27,274,254,15
PO004743,S029,P0246,W11,2026-05-21,2026-05-30,2026-05-30,81,75,3
PO004744,S023,P0040,W15,2025-02-20,2025-03-07,2025-03-08,140,125,10
PO004745,S014,P0203,W02,2026-03-10,2026-03-19,2026-03-17,53,49,4
PO004746,S004,P0215,W07,2026-05-07,2026-05-24,2026-05-24,107,91,13
PO004747,S006,P0282,W09,2026-01-21,2026-01-30,2026-01-30,95,91,3
PO004748,S034,P0329,W06,2025-09-27,2025-10-05,2025-10-05,82,75,4
PO004749,S022,P0176,W12,2025-11-13,2025-11-28,2025-11-28,124,120,3
PO004750,S033,P0084,W10,2026-05-12,2026-05-30,2026-06-06,34,31,2
PO004751,S026,P0330,W11,2025-12-09,2025-12-20,2025-12-18,21,20,1
PO004752,S027,P0150,W12,2026-04-26,2026-05-29,2026-05-29,15,13,1
PO004753,S001,P0130,W07,2025-08-15,2025-08-21,2025-08-20,112,108,3
PO004754,S001,P0270,W14,2025-07-07,2025-07-11,2025-07-10,94,91,2
PO004755,S030,P0345,W01,2025-12-20,2025-12-30,2025-12-29,63,55,5
PO004756,S016,P0283,W11,2025-01-31,2025-02-14,2025-02-13,80,71,6
PO004757,S020,P0043,W03,2025-11-24,2025-12-09,2025-12-09,38,36,2
PO004758,S023,P0320,W11,2025-11-06,2025-11-23,2025-11-22,43,38,4
PO004759,S014,P0304,W14,2026-03-26,2026-04-10,2026-04-09,61,55,5
PO004760,S002,P0104,W04,2026-01-26,2026-02-08,2026-02-08,58,52,4
PO004761,S005,P0280,W04,2025-04-21,2025-05-05,2025-05-05,130,116,8
PO004762,S025,P0344,W11,2025-10-23,2025-11-21,2025-11-20,71,65,5
PO004763,S004,P0250,W04,2025-12-27,2026-01-12,2026-01-10,61,56,5
PO004764,S001,P0023,W04,2025-10-25,2025-10-31,2025-10-30,55,53,1
PO004765,S040,P0087,W13,2026-05-02,2026-05-16,2026-05-14,75,73,2
PO004766,S024,P0088,W10,2025-09-21,2025-10-26,2025-10-25,47,42,4
PO004767,S035,P0039,W09,2025-03-05,2025-03-13,2025-03-15,30,28,2
PO004768,S028,P0335,W07,2025-05-31,2025-06-20,2025-06-23,47,42,3
PO004769,S004,P0174,W09,2025-09-19,2025-10-02,2025-10-01,32,29,2
PO004770,S003,P0028,W13,2026-06-28,2026-07-19,2026-07-31,109,106,2
PO004771,S027,P0286,W04,2025-08-31,2025-09-27,2025-09-25,280,253,19
PO004772,S010,P0233,W02,2025-11-25,2025-12-26,2025-12-28,80,74,5
PO004773,S030,P0115,W08,2025-04-04,2025-05-03,2025-05-03,90,81,7
PO004774,S023,P0112,W11,2026-05-27,2026-06-08,2026-06-07,52,47,3
PO004775,S019,P0354,W15,2025-01-03,2025-01-25,2025-02-02,81,73,4
PO004776,S038,P0290,W11,2025-10-18,2025-11-06,2025-11-05,20,19,1
PO004777,S026,P0279,W06,2025-11-20,2025-11-27,2025-11-27,105,91,14
PO004778,S019,P0087,W04,2025-07-24,2025-08-02,2025-08-11,47,44,2
PO004779,S013,P0142,W04,2025-06-01,2025-06-29,2025-06-27,36,36,0
PO004780,S034,P0264,W01,2026-01-09,2026-01-18,2026-01-16,273,261,12
PO004781,S026,P0307,W08,2025-01-30,2025-02-17,2025-02-16,85,76,9
PO004782,S040,P0224,W15,2025-09-24,2025-10-05,2025-10-12,40,38,0
PO004783,S025,P0305,W08,2025-02-09,2025-03-03,2025-03-07,31,29,1
PO004784,S008,P0010,W10,2026-02-07,2026-02-20,2026-03-02,46,43,1
PO004785,S034,P0208,W08,2026-01-19,2026-02-03,2026-02-02,40,37,3
PO004786,S030,P0139,W09,2026-01-19,2026-01-27,2026-01-25,69,63,6
PO004787,S020,P0053,W06,2026-06-26,2026-07-19,2026-07-18,69,61,7
PO004788,S038,P0047,W07,2025-08-08,2025-08-23,2025-09-03,24,22,1
PO004789,S016,P0034,W02,2026-03-15,2026-04-02,2026-04-02,239,220,15
PO004790,S015,P0038,W09,2026-05-16,2026-06-08,2026-06-08,112,98,10
PO004791,S022,P0275,W10,2025-03-18,2025-04-03,2025-04-01,52,49,2
PO004792,S022,P0316,W06,2026-04-02,2026-04-18,2026-04-18,146,135,6
PO004793,S011,P0079,W09,2025-01-27,2025-02-09,2025-02-09,47,46,1
PO004794,S015,P0369,W11,2025-08-24,2025-08-28,2025-08-30,34,31,3
PO004795,S033,P0101,W06,2025-02-09,2025-03-09,2025-03-14,59,54,4
PO004796,S001,P0198,W09,2025-11-06,2025-11-09,2025-11-09,100,94,4
PO004797,S018,P0395,W13,2026-03-22,2026-04-13,2026-04-11,99,82,15
PO004798,S034,P0133,W06,2025-08-24,2025-09-11,2025-09-15,66,61,4
PO004799,S037,P0179,W07,2026-03-17,2026-04-04,2026-04-05,79,75,3
PO004800,S004,P0268,W12,2025-10-23,2025-11-04,2025-11-04,39,36,3
PO004801,S012,P0373,W04,2026-05-12,2026-06-06,2026-06-06,24,23,1
PO004802,S017,P0188,W13,2025-11-13,2025-12-14,2025-12-13,64,60,2
PO004803,S008,P0036,W05,2025-05-11,2025-06-02,2025-06-02,62,56,3
PO004804,S003,P0292,W15,2025-01-06,2025-01-30,2025-01-30,29,29,0
PO004805,S024,P0104,W03,2026-05-12,2026-06-23,2026-06-23,20,18,1
PO004806,S021,P0246,W12,2025-06-08,2025-06-15,2025-06-14,117,104,10
PO004807,S012,P0358,W11,2026-01-08,2026-02-25,2026-02-24,55,51,2
PO004808,S021,P0097,W06,2026-03-18,2026-03-27,2026-04-05,407,371,30
PO004809,S026,P0126,W01,2025-01-02,2025-01-24,2025-01-23,58,52,5
PO004810,S020,P0084,W01,2025-11-26,2025-12-05,2025-12-03,58,53,5
PO004811,S026,P0376,W01,2025-02-25,2025-03-12,2025-03-21,85,77,8
PO004812,S015,P0055,W02,2026-02-20,2026-03-16,2026-03-15,86,74,12
PO004813,S039,P0183,W08,2026-01-19,2026-01-27,2026-01-27,180,162,9
PO004814,S027,P0024,W10,2025-04-14,2025-05-19,2025-05-23,65,58,5
PO004815,S017,P0374,W01,2025-11-03,2025-12-02,2025-12-03,16,15,0
PO004816,S002,P0128,W08,2025-01-10,2025-02-05,2025-02-03,169,155,13
PO004817,S026,P0330,W12,2025-04-22,2025-05-08,2025-05-06,31,28,3
PO004818,S004,P0200,W05,2025-03-14,2025-04-04,2025-04-03,83,74,8
PO004819,S018,P0045,W10,2026-01-14,2026-02-15,2026-02-13,53,48,4
PO004820,S018,P0159,W14,2025-07-03,2025-07-18,2025-07-17,67,59,6
PO004821,S006,P0050,W08,2026-03-22,2026-03-26,2026-03-24,97,92,2
PO004822,S034,P0086,W15,2026-03-12,2026-03-23,2026-03-23,46,44,1
PO004823,S007,P0045,W10,2026-05-17,2026-06-11,2026-06-11,142,120,15
PO004824,S003,P0165,W02,2025-01-23,2025-02-11,2025-02-09,32,31,1
PO004825,S022,P0255,W04,2026-01-12,2026-01-19,2026-01-26,58,55,2
PO004826,S036,P0330,W12,2026-03-12,2026-04-13,2026-04-13,30,28,2
PO004827,S026,P0193,W08,2025-09-23,2025-10-10,2025-10-10,63,57,5
PO004828,S025,P0115,W05,2025-02-18,2025-03-11,2025-03-10,165,147,10
PO004829,S008,P0366,W11,2025-04-06,2025-04-09,2025-04-07,79,72,4
PO004830,S026,P0316,W13,2025-04-21,2025-05-08,2025-05-08,46,41,4
PO004831,S009,P0392,W10,2025-10-11,2025-10-31,2025-11-06,58,55,2
PO004832,S025,P0329,W04,2025-01-04,2025-01-29,2025-02-06,13,12,0
PO004833,S001,P0344,W13,2025-07-02,2025-07-06,2025-07-05,94,90,1
PO004834,S016,P0141,W09,2026-01-23,2026-02-11,2026-02-09,43,39,3
PO004835,S008,P0342,W03,2026-03-11,2026-03-21,2026-03-20,38,36,2
PO004836,S022,P0363,W08,2025-05-31,2025-06-09,2025-06-08,122,117,5
PO004837,S037,P0321,W15,2025-03-29,2025-04-13,2025-04-11,32,31,1
PO004838,S007,P0394,W10,2026-03-26,2026-05-02,2026-05-02,36,32,3
PO004839,S029,P0251,W04,2025-11-21,2025-11-27,2025-11-26,62,60,1
PO004840,S010,P0162,W08,2025-03-13,2025-04-06,2025-04-04,31,28,2
PO004841,S028,P0004,W10,2025-03-25,2025-04-16,2025-04-16,37,35,2
PO004842,S027,P0341,W08,2026-05-31,2026-06-25,2026-06-28,82,73,6
PO004843,S004,P0322,W09,2025-08-24,2025-09-12,2025-09-11,14,13,1
PO004844,S004,P0088,W04,2025-04-10,2025-04-26,2025-04-26,87,75,10
PO004845,S031,P0362,W07,2025-03-07,2025-03-28,2025-03-27,10,9,0
PO004846,S023,P0044,W05,2025-07-17,2025-07-30,2025-07-29,29,27,2
PO004847,S009,P0169,W02,2026-01-18,2026-01-29,2026-01-27,84,77,3
PO004848,S020,P0186,W06,2025-03-26,2025-04-07,2025-04-05,38,35,3
PO004849,S017,P0069,W12,2025-05-02,2025-06-08,2025-06-06,106,95,6
PO004850,S024,P0048,W10,2025-10-16,2025-11-20,2025-11-20,43,40,2
PO004851,S034,P0214,W14,2025-03-30,2025-04-10,2025-04-16,75,66,7
PO004852,S026,P0012,W11,2025-06-24,2025-07-10,2025-07-22,51,45,4
PO004853,S012,P0239,W09,2025-11-09,2025-12-04,2025-12-02,107,96,6
PO004854,S028,P0369,W02,2026-03-14,2026-04-07,2026-04-05,162,138,16
PO004855,S020,P0262,W12,2025-03-27,2025-04-08,2025-04-06,61,54,6
PO004856,S011,P0247,W13,2025-08-01,2025-08-15,2025-08-18,38,37,0
PO004857,S039,P0146,W13,2026-01-08,2026-01-22,2026-01-22,20,20,0
PO004858,S011,P0139,W08,2025-06-18,2025-06-30,2025-06-30,22,22,0
PO004859,S039,P0304,W07,2025-06-27,2025-07-15,2025-07-13,47,43,2
PO004860,S026,P0325,W15,2025-03-30,2025-04-19,2025-04-19,49,45,4
PO004861,S011,P0279,W12,2026-02-26,2026-03-01,2026-02-28,105,101,2
PO004862,S019,P0372,W15,2026-03-11,2026-03-29,2026-03-29,34,32,2
PO004863,S033,P0181,W09,2026-03-22,2026-04-20,2026-04-18,101,89,10
PO004864,S018,P0043,W01,2026-04-07,2026-05-07,2026-05-10,81,70,7
PO004865,S009,P0162,W03,2025-12-19,2026-01-01,2025-12-31,90,84,4
PO004866,S006,P0169,W08,2025-03-15,2025-03-18,2025-03-16,104,99,3
PO004867,S009,P0370,W01,2025-10-03,2025-10-18,2025-10-18,21,21,0
PO004868,S013,P0263,W06,2025-07-19,2025-08-14,2025-08-24,35,33,1
PO004869,S029,P0286,W15,2025-04-22,2025-05-03,2025-05-01,37,36,0
PO004870,S013,P0105,W15,2026-01-01,2026-01-27,2026-01-26,65,62,2
PO004871,S014,P0023,W14,2026-05-17,2026-05-22,2026-05-24,86,77,7
PO004872,S028,P0233,W12,2025-09-20,2025-10-13,2025-10-13,158,141,14
PO004873,S018,P0098,W07,2026-01-21,2026-02-06,2026-02-04,27,24,2
PO004874,S036,P0328,W07,2026-04-26,2026-05-26,2026-05-26,100,93,5
PO004875,S005,P0036,W15,2026-02-06,2026-02-17,2026-02-15,87,83,2
PO004876,S026,P0035,W01,2025-07-22,2025-08-17,2025-08-29,77,69,7
PO004877,S023,P0075,W14,2026-01-19,2026-01-28,2026-01-26,73,64,6
PO004878,S040,P0304,W06,2025-10-08,2025-10-12,2025-10-12,123,117,0
PO004879,S017,P0227,W13,2025-11-29,2025-12-28,2025-12-27,73,69,2
PO004880,S007,P0217,W10,2025-08-22,2025-09-30,2025-09-29,93,81,8
PO004881,S011,P0098,W01,2026-02-27,2026-03-12,2026-03-12,26,25,0
PO004882,S020,P0311,W06,2026-04-09,2026-04-23,2026-04-22,113,101,10
PO004883,S002,P0222,W15,2026-04-03,2026-05-01,2026-04-30,127,113,8
PO004884,S019,P0104,W09,2025-12-16,2025-12-30,2026-01-03,52,48,2
PO004885,S026,P0086,W07,2026-01-02,2026-01-13,2026-01-11,66,56,9
PO004886,S015,P0278,W07,2026-01-31,2026-02-21,2026-02-19,102,89,11
PO004887,S023,P0349,W01,2026-06-23,2026-07-10,2026-07-09,69,60,6
PO004888,S022,P0110,W03,2025-11-09,2025-11-28,2025-11-28,66,60,4
PO004889,S032,P0318,W09,2026-02-02,2026-02-22,2026-02-21,125,122,2
PO004890,S039,P0014,W07,2025-02-19,2025-03-13,2025-03-11,93,88,4
PO004891,S032,P0132,W14,2025-11-12,2025-11-28,,65,63,1
PO004892,S026,P0269,W15,2026-04-11,2026-04-28,2026-04-27,39,35,3
PO004893,S039,P0381,W15,2026-05-23,2026-06-11,2026-06-09,26,24,1
PO004894,S003,P0184,W02,2025-02-08,2025-03-02,2025-03-02,49,47,0
PO004895,S006,P0171,W09,2025-10-02,2025-10-07,2025-10-06,86,78,4
PO004896,S017,P0002,W07,2025-06-18,2025-07-23,2025-07-22,61,53,5
PO004897,S019,P0087,W01,2026-04-06,2026-04-21,2026-04-26,79,71,6
PO004898,S008,P0276,W12,2025-09-30,2025-10-11,2025-10-10,39,37,1
PO004899,S033,P0394,W15,2025-09-30,2025-11-04,2025-11-03,65,58,4
PO004900,S040,P0360,W05,2025-02-26,2025-03-12,2025-03-10,45,45,0
PO004901,S030,P0206,W03,2026-06-01,2026-06-26,2026-06-26,95,82,10
PO004902,S037,P0005,W10,2025-10-08,2025-10-21,2025-10-19,52,48,2
PO004903,S008,P0044,W06,2025-04-03,2025-04-10,2025-04-08,119,109,7
PO004904,S039,P0146,W04,2026-03-23,2026-04-20,2026-04-19,25,23,1
PO004905,S040,P0169,W01,2025-07-09,2025-07-17,2025-07-23,72,72,0
PO004906,S020,P0046,W06,2025-02-25,2025-03-12,2025-03-11,164,148,16
PO004907,S023,P0339,W07,2025-10-12,2025-10-15,2025-10-14,12,11,1
PO004908,S020,P0233,W12,2025-11-25,2025-12-12,2025-12-12,56,51,4
PO004909,S036,P0341,W13,2026-02-17,2026-03-30,2026-03-29,44,42,0
PO004910,S010,P0095,W02,2025-08-09,2025-09-06,2025-09-05,65,60,4
PO004911,S027,P0093,W15,2025-10-30,2025-12-02,2025-11-30,122,112,9
PO004912,S035,P0149,W14,2025-02-19,2025-03-06,2025-03-09,41,36,4
PO004913,S028,P0200,W13,2025-08-14,2025-09-03,2025-09-03,92,82,6
PO004914,S020,P0253,W14,2026-04-15,2026-04-26,2026-04-24,157,142,15
PO004915,S015,P0124,W08,2026-05-05,2026-05-22,2026-05-21,143,120,17
PO004916,S039,P0396,W15,2025-08-08,2025-09-02,2025-09-07,109,100,6
PO004917,S030,P0046,W08,2025-03-29,2025-04-12,2025-04-12,108,97,8
PO004918,S017,P0276,W04,2025-09-08,2025-10-11,2025-10-18,148,136,9
PO004919,S032,P0012,W10,2025-08-26,2025-09-14,2025-09-12,101,100,1
PO004920,S026,P0345,W11,2026-01-27,2026-02-20,2026-02-20,97,84,11
PO004921,S023,P0127,W02,2025-12-05,2025-12-16,2025-12-14,84,76,6
PO004922,S015,P0158,W08,2025-01-07,2025-01-16,2025-01-16,66,57,8
PO004923,S019,P0086,W13,2025-04-22,2025-05-12,2025-05-10,14,13,0
PO004924,S020,P0330,W11,2026-03-05,2026-03-09,2026-03-08,40,37,3
PO004925,S022,P0162,W02,2026-04-17,2026-04-27,2026-04-25,42,40,1
PO004926,S034,P0163,W09,2025-08-26,2025-09-06,2025-09-05,58,53,3
PO004927,S007,P0350,W06,2025-06-03,2025-06-29,2025-06-27,101,83,13
PO004928,S028,P0140,W12,2026-04-17,2026-05-11,2026-05-10,135,122,9
PO004929,S014,P0123,W09,2025-06-26,2025-07-06,2025-07-06,186,169,13
PO004930,S026,P0153,W12,2025-09-26,2025-10-16,2025-10-15,60,52,5
PO004931,S007,P0291,W13,2025-10-28,2025-11-30,2025-12-11,49,42,6
PO004932,S019,P0082,W08,2025-05-18,2025-05-29,2025-05-28,91,83,4
PO004933,S015,P0235,W14,2025-10-24,2025-11-07,2025-11-07,104,89,11
PO004934,S003,P0313,W08,2025-05-31,2025-07-04,2025-07-03,70,67,1
PO004935,S026,P0344,W08,2025-09-27,2025-10-13,2025-10-11,87,77,9
PO004936,S002,P0089,W07,2025-12-21,2026-01-13,2026-01-13,110,105,5
PO004937,S017,P0075,W06,2025-06-26,2025-07-22,2025-07-20,65,60,3
PO004938,S022,P0219,W06,2026-04-12,2026-04-19,2026-04-18,125,115,6
PO004939,S024,P0145,W15,2026-01-06,2026-02-18,2026-02-18,87,76,7
PO004940,S017,P0309,W15,2025-04-03,2025-04-24,2025-04-22,59,55,2
PO004941,S011,P0355,W13,2025-06-21,2025-07-07,2025-07-07,67,67,0
PO004942,S033,P0111,W04,2025-05-01,2025-06-02,2025-06-02,46,41,3
PO004943,S016,P0123,W06,2025-07-12,2025-07-23,2025-07-22,29,26,2
PO004944,S008,P0255,W03,2025-06-13,2025-07-01,2025-07-01,113,107,5
PO004945,S022,P0101,W11,2025-06-08,2025-06-21,2025-06-19,34,34,0
PO004946,S005,P0336,W04,2026-02-11,2026-03-06,2026-03-06,53,51,1
PO004947,S028,P0213,W05,2025-07-23,2025-08-12,2025-08-11,56,52,3
PO004948,S034,P0151,W10,2026-05-29,2026-06-06,2026-06-05,88,81,6
PO004949,S004,P0136,W14,2025-10-21,2025-11-02,2025-11-14,70,61,6
PO004950,S029,P0039,W01,2025-03-30,2025-04-12,2025-04-19,52,48,2
PO004951,S038,P0344,W13,2025-09-11,2025-09-28,2025-10-08,87,77,6
PO004952,S018,P0377,W02,2025-11-08,2025-12-04,2025-12-03,213,176,29
PO004953,S002,P0089,W14,2025-08-20,2025-09-16,2025-09-16,88,81,6
PO004954,S016,P0053,W13,2025-05-30,2025-06-15,2025-06-14,25,24,1
PO004955,S004,P0281,W12,2025-03-11,2025-03-31,2025-04-05,67,61,5
PO004956,S029,P0365,W11,2025-07-21,2025-07-24,2025-07-22,157,149,6
PO004957,S040,P0290,W01,2025-07-22,2025-08-02,2025-07-31,74,73,0
PO004958,S001,P0190,W04,2026-06-06,2026-06-09,2026-06-07,105,103,2
PO004959,S036,P0371,W06,2025-12-02,2025-12-24,2025-12-26,26,24,1
PO004960,S023,P0089,W03,2025-06-17,2025-06-22,2025-06-24,44,38,4
PO004961,S023,P0066,W08,2025-09-04,2025-09-19,2025-09-18,30,27,2
PO004962,S040,P0395,W07,2026-03-28,2026-04-02,2026-03-31,12,12,0
PO004963,S039,P0335,W04,2026-06-27,2026-07-14,2026-07-12,172,159,7
PO004964,S028,P0120,W05,2025-05-09,2025-05-25,2025-05-23,26,23,2
PO004965,S020,P0301,W01,2026-01-12,2026-01-27,2026-01-27,38,34,3
PO004966,S002,P0281,W10,2026-06-11,2026-07-12,2026-07-11,60,56,3
PO004967,S029,P0147,W06,2025-05-14,2025-05-19,2025-05-17,113,104,4
PO004968,S003,P0223,W03,2026-04-10,2026-05-09,2026-05-09,80,76,2
PO004969,S016,P0215,W02,2025-08-27,2025-09-08,2025-09-08,34,32,2
PO004970,S005,P0390,W04,2026-04-12,2026-05-01,2026-04-30,81,73,5
PO004971,S029,P0265,W10,2025-03-12,2025-03-15,2025-03-14,310,283,20
PO004972,S002,P0024,W12,2025-07-20,2025-08-12,2025-08-12,67,62,4
PO004973,S033,P0285,W13,2026-06-28,2026-07-28,2026-07-28,82,74,7
PO004974,S014,P0390,W04,2026-02-11,2026-02-14,2026-02-18,101,95,4
PO004975,S015,P0378,W14,2026-03-12,2026-03-27,2026-03-26,25,23,2
PO004976,S039,P0118,W10,2025-11-07,2025-11-26,2025-11-24,35,34,0
PO004977,S029,P0062,W14,2026-04-11,2026-04-23,2026-04-22,144,138,6
PO004978,S010,P0092,W03,2025-05-31,2025-06-28,2025-07-08,43,38,3
PO004979,S008,P0205,W10,2025-06-17,2025-07-03,2025-07-01,65,61,2
PO004980,S002,P0146,W01,2025-04-20,2025-05-25,2025-05-23,30,27,2
PO004981,S017,P0399,W11,2025-11-13,2025-12-03,2025-12-04,49,45,2
PO004982,S007,P0361,W06,2025-04-07,2025-05-08,2025-05-07,191,164,20
PO004983,S011,P0074,W13,2026-03-23,2026-04-07,2026-04-15,34,33,0
PO004984,S018,P0166,W04,2025-04-09,2025-04-25,2025-05-07,71,63,7
PO004985,S011,P0372,W12,2025-06-07,2025-06-21,2025-06-30,111,109,0
PO004986,S018,P0040,W15,2025-01-02,2025-01-21,2025-01-28,45,38,6
PO004987,S033,P0019,W07,2026-05-15,2026-06-24,2026-06-22,10,9,0
PO004988,S014,P0106,W15,2025-02-25,2025-03-02,2025-03-01,179,162,14
PO004989,S002,P0221,W15,2025-03-04,2025-04-03,2025-04-02,86,75,7
PO004990,S026,P0373,W04,2026-02-17,2026-03-07,2026-03-07,274,236,29
PO004991,S015,P0034,W09,2025-08-01,2025-08-17,2025-08-22,36,32,4
PO004992,S007,P0379,W13,2025-03-07,2025-04-08,2025-04-07,27,25,2
PO004993,S020,P0177,W10,2026-04-30,2026-05-20,2026-05-18,36,34,2
PO004994,S020,P0320,W06,2025-01-10,2025-01-25,2025-01-28,30,26,3
PO004995,S020,P0152,W01,2025-07-05,2025-07-20,2025-07-30,35,33,2
PO004996,S016,P0378,W05,2026-06-03,2026-06-22,2026-06-20,49,46,2
PO004997,S010,P0289,W14,2025-01-04,2025-01-24,2025-01-23,95,86,7
PO004998,S016,P0366,W12,2025-09-25,2025-10-09,2025-10-07,82,75,6
PO004999,S030,P0361,W10,2026-03-04,2026-03-20,2026-03-29,53,48,5
PO005000,S017,P0115,W05,2025-11-09,2025-12-11,2025-12-20,177,159,14
PO005001,S013,P0117,W02,2025-06-25,2025-07-24,2025-07-22,61,57,1
PO005002,S014,P0131,W04,2025-05-21,2025-06-08,2025-06-07,79,71,5
PO005003,S006,P0040,W13,2025-03-12,2025-03-16,2025-03-15,101,93,5
PO005004,S021,P0287,W14,2026-03-05,2026-03-08,2026-03-08,70,62,8
PO005005,S011,P0378,W04,2025-04-11,2025-04-22,2025-04-21,421,398,5
PO005006,S011,P0208,W04,2025-10-21,2025-10-28,2025-11-06,133,125,2
PO005007,S019,P0129,W08,2025-05-07,2025-05-27,2025-05-25,60,54,4
PO005008,S004,P0058,W15,2025-06-11,2025-06-29,2025-06-28,31,27,3
PO005009,S019,P0265,W11,2025-01-14,2025-01-30,2025-01-28,62,60,0
PO005010,S015,P0069,W06,2026-03-20,2026-04-05,2026-04-03,97,82,12
PO005011,S007,P0161,W06,2025-06-05,2025-06-30,2025-06-30,99,82,13
PO005012,S025,P0253,W08,2026-03-16,2026-04-16,2026-04-23,26,26,0
PO005013,S004,P0350,W06,2025-09-10,2025-09-30,2025-09-28,157,139,17
PO005014,S040,P0299,W02,2025-02-19,2025-03-06,2025-03-07,47,46,1
PO005015,S024,P0399,W05,2026-06-09,2026-07-16,2026-07-15,52,49,3
PO005016,S005,P0118,W15,2026-05-10,2026-05-19,2026-05-24,105,100,2
PO005017,S012,P0107,W15,2025-11-16,2025-12-23,2025-12-22,64,61,2
PO005018,S030,P0310,W05,2025-05-22,2025-05-28,2025-06-08,128,112,10
PO005019,S022,P0200,W06,2025-01-16,2025-01-28,2025-01-27,36,34,1
PO005020,S014,P0227,W08,2026-05-27,2026-06-03,2026-06-02,48,44,2
PO005021,S035,P0093,W14,2026-01-03,2026-01-16,2026-01-16,29,26,3
PO005022,S006,P0109,W01,2026-04-02,2026-04-11,2026-04-11,26,24,2
PO005023,S021,P0328,W14,2026-05-23,2026-06-08,2026-06-08,20,17,2
PO005024,S016,P0310,W03,2025-08-09,2025-08-23,2025-08-23,56,53,3
PO005025,S030,P0320,W13,2025-06-01,2025-06-14,2025-06-13,151,135,13
PO005026,S018,P0105,W06,2025-01-16,2025-02-07,2025-02-08,49,41,6
PO005027,S031,P0119,W02,2025-07-16,2025-07-31,2025-07-30,37,34,2
PO005028,S026,P0178,W13,2025-06-03,2025-06-11,2025-06-09,112,103,8
PO005029,S007,P0079,W06,2025-05-30,2025-06-19,2025-06-18,170,141,23
PO005030,S009,P0116,W13,2025-03-27,2025-04-21,2025-04-21,32,31,1
PO005031,S022,P0305,W11,2026-01-14,2026-02-02,2026-02-01,25,25,0
PO005032,S005,P0071,W04,2025-04-04,2025-04-16,2025-04-15,51,50,1
PO005033,S040,P0357,W03,2026-02-18,2026-02-21,2026-02-20,28,28,0
PO005034,S020,P0071,W09,2025-01-03,2025-01-17,2025-01-15,57,52,5
PO005035,S033,P0296,W06,2026-05-26,2026-06-30,2026-06-30,14,12,1
PO005036,S006,P0044,W05,2026-03-16,2026-03-26,2026-03-24,74,72,2
PO005037,S016,P0049,W12,2026-03-25,2026-04-08,2026-04-06,112,101,6
PO005038,S019,P0396,W14,2026-06-08,2026-06-24,2026-06-23,37,36,1
PO005039,S013,P0294,W06,2026-04-17,2026-05-21,2026-05-21,24,23,0
PO005040,S003,P0024,W10,2025-05-19,2025-06-16,2025-06-21,38,37,1
PO005041,S008,P0125,W08,2025-12-25,2026-01-17,2026-01-17,43,40,3
PO005042,S035,P0278,W12,2025-04-30,2025-05-16,2025-05-15,111,97,9
PO005043,S002,P0341,W14,2025-06-16,2025-07-09,2025-07-08,16,15,1
PO005044,S038,P0316,W09,2025-09-22,2025-10-16,2025-10-15,50,46,4
PO005045,S001,P0142,W07,2026-05-23,2026-05-29,2026-05-29,60,57,2
PO005046,S009,P0314,W05,2025-02-21,2025-03-15,2025-03-14,232,216,8
PO005047,S007,P0192,W05,2026-02-03,2026-03-08,2026-03-07,105,88,13
PO005048,S025,P0319,W09,2025-06-13,2025-07-08,2025-07-06,233,215,10
PO005049,S022,P0305,W04,2025-05-20,2025-06-03,2025-06-03,174,159,8
PO005050,S024,P0076,W15,2025-08-31,2025-10-01,2025-09-30,77,67,8
PO005051,S010,P0148,W06,2025-08-26,2025-09-25,2025-09-24,75,67,5
PO005052,S020,P0362,W01,2025-01-27,2025-02-03,2025-02-03,125,111,10
PO005053,S028,P0230,W11,2025-05-12,2025-05-31,2025-05-31,102,92,8
PO005054,S029,P0391,W03,2026-03-31,2026-04-11,2026-04-11,52,49,2
PO005055,S013,P0300,W14,2025-08-27,2025-09-30,2025-09-29,64,63,1
PO005056,S006,P0003,W03,2025-04-14,2025-04-25,2025-04-23,44,40,2
PO005057,S020,P0132,W12,2025-09-22,2025-10-04,2025-10-12,217,190,19
PO005058,S023,P0119,W02,2025-06-10,2025-06-25,2025-06-23,76,67,6
PO005059,S007,P0151,W06,2025-08-03,2025-08-26,2025-09-03,99,87,10
PO005060,S023,P0305,W01,2026-05-18,2026-05-27,2026-05-26,34,31,2
PO005061,S004,P0073,W13,2025-01-29,2025-02-21,2025-02-28,72,64,8
PO005062,S007,P0385,W10,2025-03-08,2025-04-16,2025-04-24,69,61,8
PO005063,S016,P0069,W15,2025-06-28,2025-07-08,2025-07-06,256,226,24
PO005064,S027,P0211,W09,2025-02-16,2025-03-23,2025-03-22,35,31,3
PO005065,S032,P0129,W14,2026-01-05,2026-01-30,2026-01-29,93,89,2
PO005066,S006,P0216,W08,2025-11-17,2025-11-20,2025-11-20,68,64,2
PO005067,S013,P0104,W11,2025-05-26,2025-06-17,2025-06-15,124,117,4
PO005068,S007,P0197,W06,2025-06-23,2025-07-17,2025-07-16,52,45,6
PO005069,S016,P0184,W07,2025-06-30,2025-07-12,2025-07-12,90,82,6
PO005070,S031,P0133,W03,2025-12-01,2025-12-19,2025-12-18,124,113,7
PO005071,S012,P0360,W01,2026-01-09,2026-02-06,2026-02-04,53,48,3
PO005072,S028,P0209,W06,2025-12-12,2025-12-29,2025-12-27,131,116,9
PO005073,S001,P0052,W15,2025-03-08,2025-03-13,2025-03-11,25,25,0
PO005074,S019,P0003,W06,2025-11-26,2025-12-15,2025-12-15,76,71,5
PO005075,S030,P0393,W01,2026-01-03,2026-01-17,2026-01-15,98,92,6
PO005076,S015,P0336,W08,2025-07-25,2025-08-17,2025-08-16,210,185,21
PO005077,S029,P0324,W08,2026-02-16,2026-02-24,2026-02-23,109,105,1
PO005078,S001,P0400,W08,2025-01-04,2025-01-07,2025-01-10,28,28,0
PO005079,S025,P0292,W09,2026-06-28,2026-07-18,2026-07-17,65,59,4
PO005080,S036,P0362,W06,2025-01-28,2025-03-05,2025-03-05,208,200,8
PO005081,S012,P0313,W14,2026-06-26,2026-07-11,2026-07-11,66,59,4
PO005082,S019,P0365,W07,2025-03-30,2025-04-22,2025-04-20,57,55,1
PO005083,S020,P0040,W07,2025-05-05,2025-05-20,2025-05-19,116,105,9
PO005084,S007,P0127,W07,2025-09-11,2025-10-08,,40,34,4
PO005085,S025,P0245,W12,2026-04-07,2026-04-23,2026-04-22,44,42,2
PO005086,S017,P0273,W10,2026-03-27,2026-04-20,2026-04-19,60,57,3
PO005087,S035,P0274,W09,2025-05-20,2025-06-01,2025-05-31,88,78,10
PO005088,S012,P0392,W11,2025-04-10,2025-05-11,2025-05-10,105,98,3
PO005089,S001,P0092,W08,2025-07-18,2025-07-31,2025-07-29,84,84,0
PO005090,S019,P0328,W10,2025-09-16,2025-10-02,2025-10-01,51,49,2
PO005091,S015,P0244,W08,2025-08-12,2025-08-31,2025-08-29,108,90,13
PO005092,S016,P0339,W10,2026-02-06,2026-03-03,2026-03-12,52,48,3
PO005093,S015,P0228,W09,2026-06-06,2026-06-28,2026-06-27,78,66,10
PO005094,S031,P0026,W01,2025-04-29,2025-05-11,2025-05-10,20,19,1
PO005095,S015,P0356,W06,2025-06-18,2025-06-30,2025-07-01,76,66,9
PO005096,S024,P0255,W12,2025-04-12,2025-05-15,2025-05-14,26,25,1
PO005097,S001,P0148,W11,2025-03-25,2025-03-28,2025-03-28,100,98,1
PO005098,S036,P0125,W11,2025-09-26,2025-11-01,2025-10-30,323,298,14
PO005099,S027,P0152,W07,2025-04-12,2025-05-10,2025-05-09,107,95,9
PO005100,S035,P0366,W08,2025-01-14,2025-01-25,2025-01-23,115,104,11
PO005101,S009,P0296,W14,2025-08-21,2025-09-09,2025-09-15,46,44,0
PO005102,S012,P0382,W14,2025-10-09,2025-11-11,2025-11-10,35,34,1
PO005103,S004,P0053,W02,2025-09-04,2025-09-26,2025-09-26,84,77,7
PO005104,S039,P0326,W14,2026-06-04,2026-06-12,2026-06-11,26,23,2
PO005105,S036,P0088,W12,2025-05-15,2025-06-12,2025-06-11,52,49,1
PO005106,S034,P0334,W11,2025-10-19,2025-10-22,2025-10-20,129,114,9
PO005107,S024,P0065,W15,2025-04-08,2025-05-02,2025-04-30,31,28,2
PO005108,S012,P0051,W04,2025-02-02,2025-03-06,2025-03-05,51,49,2
PO005109,S019,P0194,W07,2025-09-11,2025-09-21,2025-09-20,54,49,3
PO005110,S032,P0123,W12,2025-06-27,2025-07-17,2025-07-19,146,138,5
PO005111,S001,P0251,W12,2025-06-26,2025-07-01,2025-07-01,104,102,0
PO005112,S017,P0398,W07,2026-03-03,2026-03-28,2026-03-28,99,89,6
PO005113,S017,P0274,W10,2025-12-30,2026-01-25,2026-02-06,26,25,0
PO005114,S018,P0195,W02,2026-06-27,2026-07-22,2026-07-21,252,224,27
PO005115,S017,P0219,W04,2025-02-04,2025-03-01,2025-02-28,10,9,0
PO005116,S009,P0349,W06,2026-04-16,2026-05-06,2026-05-05,107,99,5
PO005117,S029,P0120,W14,2025-04-11,2025-04-18,2025-04-16,112,105,4
PO005118,S003,P0148,W07,2026-04-04,2026-04-23,2026-05-04,251,241,4
PO005119,S026,P0201,W07,2026-04-30,2026-05-18,2026-05-18,32,29,3
PO005120,S037,P0360,W12,2026-01-10,2026-01-15,2026-01-14,174,164,4
PO005121,S029,P0074,W08,2026-04-10,2026-04-22,2026-04-21,100,95,2
PO005122,S019,P0305,W05,2025-10-22,2025-11-09,2025-11-09,33,33,0
PO005123,S001,P0094,W08,2026-03-18,2026-03-21,2026-03-19,92,90,0
PO005124,S011,P0333,W12,2026-04-13,2026-05-05,2026-05-05,200,200,0
PO005125,S028,P0390,W04,2026-05-21,2026-06-17,2026-06-17,161,145,13
PO005126,S009,P0072,W05,2025-04-08,2025-05-04,2025-05-02,54,52,1
PO005127,S003,P0302,W09,2026-05-16,2026-06-09,2026-06-07,38,37,0
PO005128,S023,P0210,W10,2026-04-23,2026-05-03,2026-05-13,61,57,3
PO005129,S005,P0101,W02,2025-05-01,2025-05-19,2025-05-19,112,104,7
PO005130,S040,P0379,W11,2025-12-04,2025-12-12,2025-12-22,149,145,1
PO005131,S018,P0380,W10,2026-04-19,2026-05-13,2026-05-13,117,102,12
PO005132,S008,P0007,W10,2025-08-30,2025-09-06,2025-09-06,171,163,6
PO005133,S037,P0215,W01,2025-09-07,2025-09-25,2025-09-24,128,117,5
PO005134,S032,P0158,W09,2025-12-06,2025-12-20,2025-12-19,33,33,0
PO005135,S040,P0095,W06,2026-05-26,2026-05-29,2026-05-29,88,84,2
PO005136,S037,P0093,W07,2025-06-11,2025-06-16,2025-06-16,26,26,0
PO005137,S017,P0375,W03,2026-02-26,2026-03-25,2026-03-23,35,34,1
PO005138,S006,P0166,W13,2025-12-03,2025-12-12,2025-12-12,186,175,6
PO005139,S037,P0139,W01,2025-02-17,2025-02-24,2025-02-24,45,43,1
PO005140,S023,P0386,W12,2026-03-09,2026-03-25,2026-03-25,55,51,4
PO005141,S002,P0017,W15,2025-09-14,2025-10-12,2025-10-10,65,57,5
PO005142,S034,P0096,W08,2025-02-07,2025-02-23,2025-02-23,120,108,7
PO005143,S003,P0131,W12,2026-01-10,2026-01-29,2026-01-27,151,144,3
PO005144,S018,P0222,W09,2025-04-16,2025-05-03,2025-05-01,85,74,9
PO005145,S004,P0223,W12,2025-09-15,2025-10-09,2025-10-07,38,35,3
PO005146,S016,P0109,W02,2026-02-23,2026-03-18,2026-03-18,13,13,0
PO005147,S033,P0351,W15,2026-03-23,2026-04-19,2026-04-18,71,67,4
PO005148,S025,P0037,W08,2025-06-19,2025-07-10,2025-07-09,118,114,4
PO005149,S039,P0328,W04,2025-11-15,2025-12-02,2025-12-01,230,213,15
PO005150,S010,P0167,W04,2026-03-22,2026-04-12,2026-04-12,36,33,3
PO005151,S022,P0217,W01,2026-04-04,2026-04-21,2026-04-21,55,51,2
PO005152,S023,P0192,W02,2025-01-25,2025-02-06,2025-02-04,105,95,9
PO005153,S031,P0222,W13,2025-03-09,2025-04-01,2025-03-30,33,31,2
PO005154,S019,P0035,W11,2026-04-21,2026-05-10,2026-05-10,52,50,1
PO005155,S039,P0159,W13,2026-06-29,2026-07-22,2026-07-29,81,75,4
PO005156,S012,P0183,W11,2025-12-08,2026-01-16,2026-01-15,64,62,1
PO005157,S024,P0155,W08,2025-11-17,2025-12-28,2025-12-28,112,100,7
PO005158,S011,P0194,W06,2026-02-02,2026-02-13,2026-02-13,49,47,0
PO005159,S002,P0001,W08,2025-06-28,2025-07-24,2025-07-22,73,69,4
PO005160,S032,P0381,W05,2025-11-05,2025-11-17,2025-11-17,52,50,0
PO005161,S010,P0202,W06,2026-01-25,2026-02-18,2026-02-17,44,40,4
PO005162,S009,P0278,W14,2026-04-09,2026-04-29,2026-04-29,71,65,3
PO005163,S011,P0365,W14,2025-08-09,2025-08-17,2025-08-17,96,89,3
PO005164,S028,P0306,W07,2025-07-24,2025-08-20,2025-08-18,18,17,1
PO005165,S005,P0283,W01,2026-03-02,2026-03-13,2026-03-13,26,24,1
PO005166,S007,P0078,W02,2025-06-15,2025-07-14,2025-07-13,100,84,12
PO005167,S014,P0023,W06,2025-10-04,2025-10-11,2025-10-11,24,23,1
PO005168,S020,P0105,W13,2025-01-01,2025-01-08,2025-01-06,84,73,10
PO005169,S012,P0254,W11,2025-03-05,2025-04-03,2025-04-01,26,24,1
PO005170,S003,P0273,W06,2025-01-12,2025-02-07,2025-02-06,109,103,2
PO005171,S019,P0396,W12,2025-12-19,2026-01-02,2025-12-31,21,19,1
PO005172,S039,P0093,W08,2025-06-06,2025-06-25,2025-06-24,71,65,4
PO005173,S023,P0390,W10,2025-12-09,2025-12-22,2025-12-20,47,43,3
PO005174,S006,P0305,W12,2025-02-25,2025-03-05,2025-03-04,100,96,3
PO005175,S021,P0173,W08,2025-04-09,2025-05-01,2025-04-29,44,39,4
PO005176,S029,P0383,W13,2025-07-04,2025-07-11,2025-07-11,78,74,4
PO005177,S036,P0118,W02,2025-09-15,2025-10-20,2025-10-20,191,182,7
PO005178,S038,P0244,W04,2025-06-14,2025-06-26,2025-06-24,33,31,1
PO005179,S025,P0393,W14,2025-10-04,2025-10-26,2025-10-26,199,185,12
PO005180,S008,P0020,W10,2025-06-16,2025-07-01,2025-07-05,84,80,3
PO005181,S002,P0157,W03,2025-11-02,2025-11-27,2025-11-26,83,76,3
PO005182,S036,P0255,W10,2025-07-23,2025-08-29,2025-08-27,108,103,4
PO005183,S029,P0308,W11,2025-06-07,2025-06-15,2025-06-14,95,90,3
PO005184,S018,P0096,W05,2025-10-21,2025-11-17,2025-11-16,52,45,5
PO005185,S039,P0002,W14,2026-06-25,2026-07-20,2026-07-18,133,120,7
PO005186,S024,P0114,W03,2025-09-27,2025-10-29,2025-10-28,65,58,6
PO005187,S038,P0229,W07,2026-04-21,2026-05-18,2026-05-18,76,70,5
PO005188,S038,P0330,W12,2025-09-28,2025-10-16,2025-10-16,78,72,6
PO005189,S011,P0117,W08,2025-05-01,2025-05-09,2025-05-07,60,56,2
PO005190,S039,P0195,W10,2026-04-03,2026-04-21,2026-04-21,94,89,4
PO005191,S038,P0110,W04,2025-05-20,2025-06-20,2025-06-19,98,91,7
PO005192,S029,P0165,W02,2026-05-01,2026-05-12,2026-05-12,55,53,2
PO005193,S033,P0128,W01,2025-02-28,2025-04-14,2025-04-14,108,97,10
PO005194,S020,P0383,W08,2026-02-15,2026-02-28,2026-02-27,46,40,4
PO005195,S037,P0116,W09,2025-06-24,2025-06-27,2025-06-26,52,49,1
PO005196,S015,P0151,W15,2025-10-15,2025-11-08,2025-11-08,56,49,7
PO005197,S020,P0010,W13,2026-04-12,2026-04-26,2026-04-25,178,161,16
PO005198,S007,P0019,W10,2026-06-13,2026-07-14,2026-07-13,36,32,4
PO005199,S001,P0391,W05,2025-02-06,2025-02-09,2025-02-09,131,130,0
PO005200,S001,P0341,W10,2025-10-03,2025-10-10,2025-10-19,33,33,0
PO005201,S036,P0123,W08,2025-10-01,2025-11-02,2025-11-01,46,44,1
PO005202,S020,P0377,W02,2026-03-01,2026-03-14,2026-03-12,23,20,2
PO005203,S029,P0191,W08,2026-04-19,2026-04-25,2026-04-23,111,105,2
PO005204,S030,P0095,W06,2026-04-01,2026-04-11,2026-04-09,52,45,5
PO005205,S005,P0274,W10,2025-07-17,2025-08-03,2025-08-15,54,51,1
PO005206,S024,P0127,W10,2025-09-25,2025-10-27,2025-10-27,50,46,4
PO005207,S022,P0231,W13,2025-09-08,2025-10-03,2025-10-01,277,261,9
PO005208,S003,P0038,W03,2026-05-20,2026-06-19,2026-06-18,88,82,3
PO005209,S038,P0149,W12,2025-08-19,2025-09-14,2025-09-12,27,24,3
PO005210,S009,P0300,W06,2025-10-28,2025-11-24,2025-11-24,137,128,6
PO005211,S005,P0214,W05,2025-12-03,2025-12-28,2025-12-26,29,28,0
PO005212,S039,P0168,W13,2026-02-27,2026-03-17,2026-03-24,81,77,3
PO005213,S034,P0307,W06,2025-04-22,2025-04-28,2025-04-27,138,128,10
PO005214,S024,P0232,W11,2026-04-12,2026-05-22,2026-05-21,32,29,2
PO005215,S032,P0152,W03,2025-07-21,2025-08-04,2025-08-04,50,46,2
PO005216,S037,P0323,W02,2025-04-22,2025-04-25,2025-04-24,171,154,9
PO005217,S005,P0031,W10,2025-02-05,2025-02-24,2025-02-22,124,120,1
PO005218,S004,P0399,W07,2025-11-19,2025-12-07,2025-12-06,59,53,6
PO005219,S012,P0067,W05,2026-02-09,2026-03-09,2026-03-07,29,28,1
PO005220,S005,P0173,W11,2025-05-14,2025-06-03,2025-06-03,102,97,3
PO005221,S020,P0135,W08,2026-03-31,2026-04-18,2026-04-17,95,83,9
PO005222,S013,P0163,W15,2025-02-11,2025-03-10,2025-03-14,214,198,6
PO005223,S028,P0036,W08,2025-08-23,2025-09-25,2025-09-24,90,81,8
PO005224,S010,P0249,W15,2025-06-22,2025-07-23,2025-07-21,66,59,5
PO005225,S036,P0321,W07,2026-05-27,2026-07-03,2026-07-02,216,206,7
PO005226,S039,P0366,W03,2025-01-03,2025-01-26,2025-01-25,43,39,2
PO005227,S018,P0016,W01,2025-03-23,2025-04-22,2025-04-20,59,51,6
PO005228,S008,P0372,W03,2026-06-21,2026-07-05,2026-07-05,158,148,7
PO005229,S037,P0265,W11,2025-08-22,2025-08-29,2025-08-27,38,37,1
PO005230,S019,P0338,W04,2025-05-05,2025-05-29,2025-05-29,21,20,1
PO005231,S001,P0019,W03,2025-10-05,2025-10-08,2025-10-08,198,190,5
PO005232,S017,P0147,W15,2025-02-18,2025-03-18,2025-03-16,67,63,3
PO005233,S025,P0077,W08,2025-05-09,2025-05-29,2025-05-27,98,93,5
PO005234,S009,P0338,W03,2026-06-06,2026-06-21,2026-06-26,76,70,3
PO005235,S034,P0293,W03,2025-08-16,2025-08-22,2025-08-20,34,32,1
PO005236,S025,P0326,W03,2025-12-12,2026-01-13,2026-01-12,111,99,7
PO005237,S031,P0281,W08,2026-01-10,2026-01-22,2026-01-21,53,49,4
PO005238,S024,P0315,W14,2025-01-23,2025-03-03,2025-03-01,100,90,8
PO005239,S019,P0283,W04,2026-02-08,2026-02-23,2026-02-21,108,99,7
PO005240,S028,P0140,W15,2025-07-21,2025-08-21,2025-08-21,20,19,1
PO005241,S029,P0196,W12,2025-09-28,2025-10-01,2025-09-30,84,82,2
PO005242,S017,P0176,W10,2026-03-26,2026-04-13,2026-04-14,70,65,2
PO005243,S022,P0084,W11,2026-06-15,2026-06-25,2026-06-27,95,89,5
PO005244,S039,P0030,W03,2025-10-17,2025-11-05,2025-11-14,157,143,12
PO005245,S032,P0350,W15,2026-02-09,2026-02-24,2026-02-24,16,16,0
PO005246,S018,P0397,W15,2026-04-26,2026-05-20,2026-05-20,163,138,21
PO005247,S014,P0160,W15,2025-12-08,2025-12-13,2025-12-13,59,55,4
PO005248,S038,P0033,W04,2026-06-26,2026-07-19,2026-07-27,92,85,7
PO005249,S008,P0318,W06,2026-01-16,2026-02-02,2026-02-02,88,81,5
PO005250,S031,P0179,W11,2026-01-09,2026-01-26,2026-01-24,78,73,4
PO005251,S006,P0313,W13,2025-08-13,2025-08-21,2025-08-20,21,20,0
PO005252,S004,P0026,W13,2025-03-26,2025-04-12,2025-04-12,56,52,4
PO005253,S009,P0145,W09,2026-01-27,2026-02-20,2026-02-23,15,15,0
PO005254,S018,P0086,W08,2025-08-03,2025-08-22,2025-08-21,68,60,8
PO005255,S018,P0048,W08,2025-12-30,2026-01-17,2026-01-15,63,55,6
PO005256,S028,P0143,W14,2025-01-14,2025-01-25,2025-01-25,67,61,6
PO005257,S021,P0161,W05,2025-05-27,2025-06-05,2025-06-04,84,75,8
PO005258,S034,P0168,W01,2026-02-19,2026-02-26,2026-02-26,18,17,0
PO005259,S014,P0275,W12,2026-02-25,2026-02-28,2026-02-27,44,39,3
PO005260,S016,P0399,W05,2026-03-27,2026-04-06,2026-04-05,247,223,16
PO005261,S014,P0087,W09,2025-08-25,2025-09-18,2025-09-16,59,53,4
PO005262,S021,P0219,W08,2025-05-03,2025-05-07,2025-05-06,138,119,14
PO005263,S036,P0230,W12,2025-09-25,2025-10-30,2025-10-28,70,65,3
PO005264,S010,P0280,W04,2025-01-21,2025-02-17,2025-02-17,220,200,17
PO005265,S037,P0124,W10,2025-09-12,2025-09-25,2025-09-30,47,44,2
PO005266,S021,P0379,W13,2025-01-01,2025-01-04,2025-01-03,172,155,17
PO005267,S014,P0377,W14,2025-08-12,2025-08-16,2025-08-23,77,68,6
PO005268,S040,P0041,W03,2025-12-31,2026-01-11,2026-01-11,186,178,0
PO005269,S028,P0037,W03,2026-03-12,2026-04-10,2026-04-19,287,264,9
PO005270,S009,P0294,W04,2025-02-04,2025-02-24,2025-02-22,155,146,6
PO005271,S010,P0171,W06,2025-07-12,2025-08-04,2025-08-04,48,45,3
PO005272,S036,P0185,W05,2026-03-10,2026-04-18,2026-04-16,48,46,2
PO005273,S038,P0155,W15,2026-04-26,2026-05-19,2026-05-21,62,56,3
PO005274,S005,P0021,W02,2026-01-23,2026-02-15,2026-02-14,25,25,0
PO005275,S016,P0268,W14,2026-04-01,2026-04-21,2026-04-19,35,32,2
PO005276,S004,P0076,W02,2026-01-05,2026-01-15,2026-01-15,60,56,4
PO005277,S004,P0035,W12,2025-07-27,2025-08-13,2025-08-11,168,152,16
PO005278,S040,P0269,W10,2026-05-16,2026-05-22,2026-05-22,179,172,4
PO005279,S020,P0335,W08,2025-01-17,2025-01-29,2025-01-28,37,35,2
PO005280,S026,P0096,W07,2025-01-26,2025-02-07,2025-02-05,33,30,3
PO005281,S034,P0228,W12,2026-05-14,2026-05-27,2026-05-25,10,9,0
PO005282,S035,P0001,W15,2025-08-24,2025-09-10,2025-09-09,64,56,7
PO005283,S028,P0111,W04,2025-10-22,2025-11-15,2025-11-13,76,68,6
PO005284,S026,P0202,W06,2026-01-03,2026-01-15,2026-01-13,98,87,10
PO005285,S012,P0128,W04,2025-09-28,2025-11-06,2025-11-05,24,22,1
PO005286,S035,P0392,W12,2025-10-04,2025-10-19,2025-10-18,55,51,4
PO005287,S002,P0342,W05,2026-06-21,2026-07-10,2026-07-09,68,61,4
PO005288,S004,P0057,W10,2026-02-01,2026-02-19,2026-02-18,31,28,2
PO005289,S036,P0305,W11,2025-05-07,2025-06-03,2025-06-01,17,16,0
PO005290,S032,P0006,W11,2025-06-22,2025-07-03,2025-07-01,44,41,1
PO005291,S022,P0251,W14,2026-04-24,2026-05-15,2026-05-26,212,196,10
PO005292,S002,P0058,W07,2025-07-29,2025-08-25,2025-09-06,140,132,8
PO005293,S012,P0342,W06,2025-07-01,2025-08-02,2025-08-02,209,193,9
PO005294,S006,P0069,W14,2026-02-19,2026-02-22,2026-02-22,48,46,1
PO005295,S031,P0383,W10,2025-12-01,2025-12-19,2025-12-18,71,64,5
PO005296,S015,P0314,W02,2025-09-30,2025-10-27,2025-10-26,76,67,9
PO005297,S020,P0078,W03,2025-04-29,2025-05-11,2025-05-09,111,99,9
PO005298,S025,P0264,W11,2025-12-29,2026-01-21,2026-01-30,42,41,1
PO005299,S008,P0218,W13,2025-05-19,2025-05-23,2025-05-21,83,80,3
PO005300,S009,P0179,W10,2026-04-12,2026-04-30,2026-04-29,76,72,2
PO005301,S001,P0264,W11,2025-11-21,2025-11-28,2025-11-28,83,79,2
PO005302,S033,P0291,W07,2025-06-01,2025-07-12,2025-07-12,29,26,3
PO005303,S040,P0080,W13,2025-06-27,2025-07-07,2025-07-07,98,94,4
PO005304,S005,P0088,W05,2026-04-23,2026-05-22,2026-05-21,28,28,0
PO005305,S040,P0089,W13,2026-06-05,2026-06-12,2026-06-10,65,64,0
PO005306,S006,P0277,W07,2025-06-15,2025-06-19,2025-06-18,79,74,3
PO005307,S016,P0012,W05,2026-06-29,2026-07-13,2026-07-18,15,15,0
PO005308,S001,P0137,W13,2025-08-30,2025-09-02,2025-09-02,110,109,0
PO005309,S026,P0315,W02,2026-04-19,2026-05-12,2026-05-11,65,61,4
PO005310,S026,P0333,W15,2026-01-26,2026-02-15,2026-02-13,63,56,5
PO005311,S017,P0232,W12,2026-03-01,2026-03-24,2026-03-22,52,47,3
PO005312,S019,P0258,W11,2025-09-24,2025-10-21,2025-10-31,25,24,1
PO005313,S016,P0247,W13,2025-10-16,2025-11-05,2025-11-04,40,37,3
PO005314,S033,P0214,W08,2026-06-26,2026-08-03,2026-08-03,80,75,5
PO005315,S015,P0118,W14,2026-06-18,2026-07-05,2026-07-03,50,44,6
PO005316,S004,P0136,W09,2025-08-06,2025-08-24,2025-08-24,114,101,12
PO005317,S021,P0298,W06,2025-05-14,2025-05-25,2025-06-03,63,57,6
PO005318,S013,P0063,W06,2025-05-08,2025-05-26,2025-05-29,123,123,0
PO005319,S036,P0166,W08,2025-02-24,2025-03-26,2025-03-25,35,33,1
PO005320,S032,P0074,W15,2025-07-14,2025-08-05,2025-08-11,18,17,0
PO005321,S010,P0088,W06,2025-08-24,2025-09-10,2025-09-08,129,116,12
PO005322,S010,P0212,W05,2025-09-25,2025-10-22,2025-10-20,64,58,5
PO005323,S040,P0260,W01,2026-05-03,2026-05-06,2026-05-06,45,45,0
PO005324,S026,P0286,W08,2025-05-12,2025-05-21,2025-05-21,49,43,4
PO005325,S015,P0076,W05,2025-01-07,2025-01-31,2025-01-29,96,84,11
PO005326,S016,P0384,W01,2026-02-22,2026-03-11,2026-03-09,61,56,4
PO005327,S012,P0115,W07,2026-01-18,2026-02-20,2026-02-20,97,89,6
PO005328,S017,P0274,W11,2025-08-19,2025-09-17,2025-09-15,31,29,2
PO005329,S032,P0087,W03,2026-02-19,2026-03-06,2026-03-06,25,24,1
PO005330,S030,P0204,W02,2025-11-21,2025-11-29,2025-11-29,32,29,3
PO005331,S033,P0165,W08,2026-03-01,2026-04-07,2026-04-05,149,132,10
PO005332,S028,P0175,W13,2025-09-06,2025-10-11,2025-10-19,76,70,6
PO005333,S031,P0082,W13,2026-02-19,2026-03-01,2026-02-27,53,50,3
PO005334,S020,P0117,W08,2025-02-11,2025-02-23,2025-02-23,58,53,5
PO005335,S023,P0188,W14,2025-04-11,2025-04-14,2025-04-13,79,71,5
PO005336,S006,P0075,W10,2025-07-28,2025-08-01,2025-07-30,108,96,7
PO005337,S007,P0248,W03,2025-12-31,2026-01-27,2026-02-06,53,45,7
PO005338,S013,P0266,W07,2026-05-27,2026-06-24,2026-06-23,47,46,0
PO005339,S009,P0258,W07,2025-10-01,2025-10-26,2025-10-24,46,44,1
PO005340,S021,P0278,W05,2025-05-11,2025-05-27,2025-05-26,26,22,3
PO005341,S001,P0283,W14,2025-01-17,2025-01-27,2025-01-26,31,30,0
PO005342,S019,P0165,W11,2025-09-17,2025-10-19,2025-10-19,31,29,1
PO005343,S022,P0151,W09,2025-03-02,2025-03-08,2025-03-07,131,121,4
PO005344,S007,P0228,W05,2025-04-30,2025-05-30,2025-05-28,42,36,4
PO005345,S033,P0032,W10,2026-05-02,2026-06-02,2026-05-31,60,54,5
PO005346,S037,P0025,W08,2025-06-02,2025-06-05,2025-06-03,26,26,0
PO005347,S031,P0198,W10,2025-09-25,2025-10-08,2025-10-07,54,49,4
PO005348,S030,P0159,W12,2025-09-15,2025-10-05,2025-10-04,30,28,2
PO005349,S018,P0055,W09,2025-03-22,2025-04-14,2025-04-13,35,32,3
PO005350,S033,P0338,W14,2025-04-16,2025-05-22,2025-05-22,88,78,7
PO005351,S024,P0174,W11,2025-03-24,2025-04-27,2025-04-27,99,92,4
PO005352,S001,P0381,W06,2025-03-01,2025-03-05,2025-03-05,64,61,1
PO005353,S023,P0324,W14,2025-04-09,2025-04-26,2025-04-24,41,38,2
PO005354,S006,P0200,W06,2026-04-23,2026-05-03,2026-05-03,43,41,2
PO005355,S023,P0221,W10,2025-09-11,2025-09-16,2025-09-15,19,17,1
PO005356,S003,P0270,W14,2025-12-16,2026-01-05,2026-01-05,67,64,2
PO005357,S004,P0036,W12,2026-04-25,2026-05-18,2026-05-18,66,59,6
PO005358,S040,P0208,W07,2026-06-19,2026-06-26,2026-06-25,33,32,1
PO005359,S026,P0395,W01,2026-05-01,2026-05-09,2026-05-16,152,137,14
PO005360,S005,P0384,W11,2026-01-21,2026-02-18,2026-02-16,84,80,1
PO005361,S034,P0359,W10,2026-01-11,2026-01-28,2026-01-26,60,55,4
PO005362,S009,P0274,W11,2026-06-24,2026-07-09,2026-07-08,104,99,1
PO005363,S040,P0147,W03,2026-02-04,2026-02-18,2026-02-18,110,103,2
PO005364,S015,P0395,W12,2025-01-23,2025-02-05,2025-02-03,220,187,24
PO005365,S009,P0392,W06,2026-03-18,2026-04-07,2026-04-05,61,54,4
PO005366,S015,P0003,W15,2026-02-08,2026-02-22,2026-02-21,97,87,10
PO005367,S019,P0116,W05,2025-04-15,2025-04-30,2025-05-02,70,66,3
PO005368,S031,P0173,W13,2025-08-15,2025-09-07,2025-09-15,89,83,6
PO005369,S022,P0329,W11,2025-01-25,2025-02-03,2025-02-03,40,37,1
PO005370,S021,P0098,W08,2026-02-16,2026-02-26,2026-02-28,89,79,8
PO005371,S019,P0347,W06,2025-08-15,2025-09-01,2025-09-01,74,68,3
PO005372,S009,P0332,W01,2025-06-30,2025-07-15,2025-07-15,55,52,2
PO005373,S029,P0149,W07,2026-02-07,2026-02-20,2026-02-18,119,107,7
PO005374,S038,P0181,W09,2025-03-22,2025-04-14,2025-04-13,46,41,4
PO005375,S015,P0288,W06,2026-04-27,2026-05-09,2026-05-11,46,41,4
PO005376,S033,P0262,W03,2025-05-13,2025-06-12,2025-06-10,291,264,18
PO005377,S013,P0224,W14,2026-04-05,2026-04-30,2026-05-11,55,54,1
PO005378,S026,P0265,W05,2025-05-26,2025-06-06,2025-06-06,62,58,3
PO005379,S039,P0059,W04,2026-05-08,2026-05-24,2026-05-23,67,63,3
PO005380,S004,P0081,W03,2025-04-12,2025-04-28,2025-04-27,33,30,3
PO005381,S022,P0142,W02,2026-03-04,2026-03-27,2026-03-27,93,88,4
PO005382,S038,P0248,W02,2025-11-13,2025-11-24,2025-11-28,35,33,2
PO005383,S008,P0175,W02,2025-01-21,2025-02-11,2025-02-22,171,159,8
PO005384,S002,P0122,W06,2025-12-09,2026-01-07,2026-01-06,58,54,3
PO005385,S015,P0123,W01,2025-05-29,2025-06-11,2025-06-09,82,71,9
PO005386,S039,P0327,W13,2025-11-02,2025-11-18,2025-11-17,46,43,2
PO005387,S025,P0060,W09,2025-05-13,2025-06-08,2025-06-06,87,82,5
PO005388,S004,P0355,W15,2026-01-12,2026-01-31,2026-01-30,70,60,7
PO005389,S032,P0347,W11,2025-11-03,2025-11-16,2025-11-16,53,49,3
PO005390,S030,P0183,W08,2025-10-21,2025-11-01,2025-11-01,56,51,3
PO005391,S013,P0255,W03,2025-11-13,2025-12-12,2025-12-12,74,71,2
PO005392,S035,P0238,W07,2026-02-23,2026-03-09,2026-03-08,46,41,4
PO005393,S003,P0212,W13,2025-05-22,2025-06-20,2025-06-18,141,136,3
PO005394,S006,P0331,W10,2026-03-08,2026-03-16,2026-03-16,63,60,2
PO005395,S006,P0351,W10,2026-01-30,2026-02-09,2026-02-08,46,43,1
PO005396,S017,P0288,W06,2026-06-03,2026-06-29,2026-07-04,46,43,2
PO005397,S033,P0199,W10,2026-05-17,2026-06-20,2026-06-18,46,40,5
PO005398,S022,P0207,W11,2025-04-12,2025-04-30,2025-04-28,83,78,1
PO005399,S011,P0039,W08,2025-07-25,2025-08-08,2025-08-07,76,73,1
PO005400,S008,P0185,W08,2026-02-06,2026-02-23,2026-02-21,46,43,1
PO005401,S036,P0288,W07,2025-10-28,2025-11-28,2025-11-28,54,53,1
PO005402,S038,P0119,W13,2025-02-21,2025-03-20,2025-03-20,88,80,6
PO005403,S030,P0221,W09,2025-11-25,2025-12-19,2025-12-19,59,54,5
PO005404,S029,P0259,W07,2025-05-01,2025-05-13,2025-05-13,174,165,9
PO005405,S021,P0371,W11,2026-05-29,2026-06-01,2026-05-30,59,53,6
PO005406,S027,P0258,W06,2025-06-01,2025-06-25,2025-06-25,133,119,12
PO005407,S019,P0190,W05,2025-03-19,2025-04-11,2025-04-10,46,43,1
PO005408,S027,P0032,W09,2025-02-06,2025-03-02,2025-02-28,99,88,8
PO005409,S039,P0130,W15,2025-06-22,2025-07-18,2025-07-17,61,58,3
PO005410,S012,P0197,W13,2025-11-08,2025-12-15,2025-12-15,47,43,2
PO005411,S031,P0114,W04,2025-12-23,2026-01-11,2026-01-09,46,42,3
PO005412,S038,P0313,W06,2025-03-14,2025-04-06,2025-04-05,40,38,2
PO005413,S003,P0097,W09,2026-06-10,2026-06-26,2026-07-03,173,162,11
PO005414,S039,P0359,W13,2025-09-03,2025-09-19,2025-09-19,165,152,7
PO005415,S008,P0253,W09,2025-05-25,2025-06-02,2025-05-31,33,31,1
PO005416,S036,P0350,W13,2026-03-26,2026-05-02,2026-05-02,16,15,1
PO005417,S024,P0296,W04,2025-08-27,2025-10-04,2025-10-03,89,80,7
PO005418,S002,P0010,W03,2025-04-01,2025-04-22,2025-04-22,30,28,1
PO005419,S003,P0056,W06,2026-03-07,2026-03-29,2026-03-28,37,35,1
PO005420,S009,P0126,W01,2025-04-16,2025-05-05,2025-05-15,42,39,1
PO005421,S010,P0139,W11,2026-03-25,2026-04-20,2026-04-18,19,18,1
PO005422,S027,P0338,W04,2025-04-20,2025-05-26,2025-06-03,136,121,14
PO005423,S025,P0013,W10,2025-04-08,2025-05-10,2025-05-09,127,117,8
PO005424,S030,P0043,W10,2025-09-16,2025-09-25,2025-09-25,39,34,4
PO005425,S038,P0094,W03,2025-03-31,2025-04-21,2025-05-03,106,97,9
PO005426,S009,P0077,W03,2025-08-14,2025-09-05,2025-09-05,53,50,2
PO005427,S034,P0399,W09,2025-01-07,2025-01-15,2025-01-15,10,9,0
PO005428,S039,P0376,W07,2025-09-16,2025-10-06,2025-10-06,24,23,1
PO005429,S014,P0003,W08,2025-06-10,2025-06-15,2025-06-14,83,77,6
PO005430,S011,P0388,W06,2025-01-11,2025-01-22,2025-01-21,60,58,0
PO005431,S022,P0372,W02,2025-06-19,2025-07-04,2025-07-08,90,84,4
PO005432,S012,P0009,W10,2025-07-15,2025-08-09,2025-08-08,71,66,5
PO005433,S010,P0303,W13,2026-03-16,2026-04-17,2026-04-17,41,36,3
PO005434,S035,P0227,W13,2025-01-26,2025-02-11,2025-02-11,14,13,1
PO005435,S029,P0139,W08,2025-01-13,2025-01-16,2025-01-16,121,113,2
PO005436,S001,P0221,W10,2026-06-29,2026-07-08,2026-07-06,24,23,0
PO005437,S033,P0014,W10,2025-10-11,2025-11-14,2025-11-12,44,41,3
PO005438,S024,P0326,W07,2026-03-31,2026-05-05,2026-05-04,43,38,4
PO005439,S028,P0028,W02,2025-04-03,2025-04-25,2025-04-25,41,36,3
PO005440,S010,P0191,W13,2026-03-13,2026-04-09,2026-04-09,56,50,4
PO005441,S008,P0152,W10,2026-01-25,2026-02-11,2026-02-09,78,74,2
PO005442,S001,P0371,W09,2025-05-12,2025-05-16,2025-05-16,256,237,7
PO005443,S037,P0311,W02,2025-06-30,2025-07-03,2025-07-03,70,65,2
PO005444,S027,P0102,W09,2025-06-06,2025-06-30,2025-06-28,76,68,7
PO005445,S023,P0276,W14,2025-06-14,2025-06-17,2025-06-16,30,26,3
PO005446,S025,P0317,W02,2025-09-05,2025-09-29,2025-09-28,300,277,14
PO005447,S022,P0058,W14,2026-04-17,2026-05-08,2026-05-06,58,55,3
PO005448,S032,P0281,W01,2025-02-05,2025-02-19,2025-03-03,109,104,0
PO005449,S011,P0397,W15,2025-12-11,2025-12-14,2025-12-13,68,66,1
PO005450,S031,P0045,W08,2025-06-02,2025-07-01,2025-06-29,135,122,13
PO005451,S038,P0261,W07,2025-06-16,2025-07-10,2025-07-08,47,44,3
PO005452,S038,P0115,W14,2026-04-07,2026-04-24,2026-04-24,56,52,3
PO005453,S016,P0006,W08,2025-10-03,2025-11-01,2025-11-01,101,92,9
PO005454,S013,P0159,W10,2025-12-25,2026-01-26,2026-01-26,18,18,0
PO005455,S027,P0338,W13,2025-09-03,2025-10-12,2025-10-12,61,57,4
PO005456,S006,P0389,W06,2025-05-07,2025-05-26,2025-06-07,67,63,3
PO005457,S026,P0197,W07,2026-04-04,2026-04-12,2026-04-12,30,26,3
PO005458,S034,P0266,W05,2025-04-08,2025-04-16,2025-04-24,187,175,10
PO005459,S021,P0313,W14,2025-03-14,2025-03-17,2025-03-26,47,41,5
PO005460,S026,P0353,W02,2026-05-13,2026-05-26,2026-05-25,57,52,5
PO005461,S004,P0272,W07,2026-06-11,2026-06-18,2026-06-27,77,68,8
PO005462,S040,P0039,W12,2025-07-31,2025-08-16,2025-08-21,164,157,4
PO005463,S032,P0280,W04,2026-06-26,2026-07-21,2026-07-19,34,33,1
PO005464,S020,P0080,W09,2025-07-05,2025-07-19,2025-07-18,89,77,8
PO005465,S004,P0143,W08,2025-09-01,2025-09-22,2025-09-22,36,31,4
PO005466,S004,P0248,W03,2025-08-29,2025-09-13,2025-09-13,35,30,4
PO005467,S019,P0174,W01,2025-08-05,2025-08-31,2025-08-30,76,72,3
PO005468,S013,P0133,W04,2026-04-25,2026-05-28,2026-05-28,64,63,0
PO005469,S012,P0169,W10,2025-02-10,2025-03-17,2025-03-15,26,23,2
PO005470,S018,P0144,W13,2025-10-22,2025-11-12,2025-11-10,107,94,13
PO005471,S017,P0120,W05,2026-02-07,2026-03-08,2026-03-07,98,88,6
PO005472,S014,P0096,W10,2025-07-18,2025-07-27,2025-07-25,31,29,1
PO005473,S008,P0153,W01,2025-07-07,2025-07-26,2025-08-07,89,85,3
PO005474,S035,P0051,W08,2025-11-12,2025-11-27,2025-11-25,111,96,13
PO005475,S012,P0323,W06,2026-02-09,2026-03-12,2026-03-12,194,187,7
PO005476,S027,P0092,W07,2025-06-03,2025-07-07,2025-07-07,46,42,3
PO005477,S020,P0039,W03,2025-10-07,2025-10-22,2025-10-22,88,79,6
PO005478,S024,P0399,W11,2025-10-07,2025-11-09,2025-11-09,44,41,3
PO005479,S035,P0361,W05,2025-08-02,2025-08-16,2025-08-15,146,132,13
PO005480,S014,P0010,W09,2025-01-17,2025-01-24,2025-01-22,35,33,2
PO005481,S028,P0047,W09,2026-03-31,2026-04-29,2026-05-11,151,138,11
PO005482,S022,P0025,W06,2026-04-06,2026-04-23,2026-05-03,35,35,0
PO005483,S013,P0235,W11,2025-12-04,2026-01-05,2026-01-03,64,60,2
PO005484,S036,P0393,W14,2025-05-13,2025-06-16,2025-06-25,25,24,0
PO005485,S007,P0146,W02,2025-02-23,2025-03-27,2025-03-26,29,26,3
PO005486,S022,P0227,W01,2025-09-27,2025-10-10,2025-10-10,37,37,0
PO005487,S024,P0266,W09,2025-09-25,2025-11-06,2025-11-06,39,36,2
PO005488,S039,P0285,W03,2025-04-29,2025-05-18,2025-05-16,238,214,16
PO005489,S007,P0273,W06,2025-06-14,2025-07-16,2025-07-15,69,58,9
PO005490,S005,P0029,W01,2026-06-04,2026-07-07,2026-07-05,174,169,3
PO005491,S015,P0280,W08,2025-05-27,2025-06-07,2025-06-05,143,123,17
PO005492,S010,P0086,W04,2025-05-11,2025-06-14,2025-06-24,46,41,4
PO005493,S017,P0141,W03,2025-10-17,2025-11-09,2025-11-08,43,40,2
PO005494,S012,P0062,W13,2025-01-31,2025-03-05,2025-03-15,86,76,7
PO005495,S038,P0317,W10,2025-12-14,2026-01-06,2026-01-06,121,109,10
PO005496,S016,P0380,W13,2025-01-18,2025-02-09,2025-02-11,74,67,4
PO005497,S031,P0118,W12,2026-03-20,2026-04-07,2026-04-06,80,75,5
PO005498,S015,P0003,W04,2025-06-23,2025-07-07,2025-07-12,33,31,2
PO005499,S035,P0174,W04,2025-04-15,2025-04-27,2025-04-27,63,56,7
PO005500,S029,P0223,W07,2025-10-22,2025-10-25,2025-10-23,98,94,2
PO005501,S040,P0311,W07,2025-02-10,2025-02-27,2025-02-27,119,113,1
PO005502,S018,P0219,W14,2025-02-26,2025-03-21,2025-03-21,76,66,7
PO005503,S025,P0311,W03,2025-03-01,2025-03-30,2025-03-30,48,44,4
PO005504,S034,P0346,W06,2025-02-24,2025-03-08,2025-03-06,69,64,5
PO005505,S035,P0353,W11,2025-11-06,2025-11-23,2025-11-22,11,10,1
PO005506,S035,P0233,W15,2026-01-25,2026-02-05,2026-02-09,75,66,7
PO005507,S039,P0278,W02,2025-06-08,2025-06-24,2025-06-23,32,30,2
PO005508,S027,P0074,W08,2025-08-22,2025-09-20,2025-09-18,104,94,9
PO005509,S019,P0115,W07,2026-05-01,2026-05-27,2026-05-28,123,117,4
PO005510,S038,P0001,W11,2025-01-18,2025-02-02,2025-02-02,43,37,4
PO005511,S021,P0022,W14,2025-12-08,2025-12-22,2025-12-30,227,205,17
PO005512,S010,P0323,W02,2026-05-17,2026-06-09,2026-06-15,82,69,9
PO005513,S037,P0097,W11,2026-04-04,2026-04-21,2026-04-20,126,118,5
PO005514,S005,P0015,W13,2026-01-31,2026-02-16,2026-02-26,17,16,0
PO005515,S020,P0098,W09,2025-07-17,2025-07-25,2025-07-23,32,29,2
PO005516,S020,P0155,W03,2025-12-26,2025-12-30,2025-12-28,99,89,7
PO005517,S028,P0211,W02,2026-05-10,2026-06-01,2026-05-30,66,62,4
PO005518,S038,P0008,W01,2025-07-11,2025-07-24,2025-07-22,85,73,8
PO005519,S034,P0237,W15,2025-09-05,2025-09-17,2025-09-16,94,83,7
PO005520,S019,P0003,W14,2025-09-16,2025-10-12,2025-10-11,55,49,4
PO005521,S014,P0225,W03,2025-06-28,2025-07-05,2025-07-06,76,68,6
PO005522,S038,P0004,W14,2025-09-18,2025-10-01,2025-10-01,45,42,3
PO005523,S032,P0105,W05,2025-11-17,2025-12-13,2025-12-13,130,123,4
PO005524,S039,P0225,W15,2026-03-15,2026-03-29,2026-03-27,28,26,1
PO005525,S040,P0318,W04,2026-01-30,2026-02-15,2026-02-15,35,34,0
PO005526,S003,P0069,W02,2025-12-28,2026-01-20,2026-01-18,62,61,1
PO005527,S011,P0066,W01,2026-06-19,2026-07-08,2026-07-06,90,84,2
PO005528,S016,P0240,W12,2025-05-06,2025-05-24,2025-06-01,45,42,3
PO005529,S038,P0342,W08,2025-07-19,2025-08-16,2025-08-27,66,59,5
PO005530,S007,P0150,W08,2026-05-14,2026-06-12,2026-06-12,62,53,7
PO005531,S028,P0347,W05,2026-03-18,2026-04-11,2026-04-21,51,48,2
PO005532,S025,P0379,W02,2026-05-02,2026-05-24,2026-05-23,90,84,5
PO005533,S026,P0294,W07,2025-12-30,2026-01-17,2026-01-21,68,60,6
PO005534,S022,P0184,W06,2026-02-12,2026-02-24,2026-02-24,34,32,1
PO005535,S002,P0353,W04,2026-06-21,2026-07-15,2026-07-15,27,24,2
PO005536,S021,P0176,W07,2025-04-08,2025-04-12,2025-04-10,59,53,4
PO005537,S039,P0163,W15,2025-05-30,2025-06-17,2025-06-18,17,16,1
PO005538,S001,P0366,W10,2025-01-22,2025-01-30,2025-02-01,65,63,2
PO005539,S037,P0327,W04,2026-05-02,2026-05-05,2026-05-03,84,78,5
PO005540,S009,P0377,W07,2025-01-06,2025-02-05,2025-02-05,109,100,6
PO005541,S002,P0245,W07,2025-11-15,2025-12-10,2025-12-16,73,70,2
PO005542,S011,P0113,W15,2025-07-06,2025-07-22,2025-07-22,38,37,0
PO005543,S028,P0120,W03,2025-11-03,2025-11-28,2025-12-04,54,49,4
PO005544,S010,P0300,W03,2026-03-05,2026-04-03,2026-04-02,57,50,5
PO005545,S039,P0274,W01,2026-02-10,2026-02-23,2026-02-21,27,25,2
PO005546,S002,P0267,W01,2025-06-28,2025-07-27,2025-07-25,112,105,6
PO005547,S003,P0042,W11,2025-09-20,2025-10-16,2025-10-15,134,131,2
PO005548,S033,P0400,W04,2026-03-07,2026-04-05,2026-04-12,84,80,4
PO005549,S008,P0349,W15,2025-11-19,2025-12-01,2025-11-30,60,56,1
PO005550,S021,P0316,W13,2025-10-30,2025-11-02,2025-11-01,75,66,8
PO005551,S031,P0367,W13,2026-02-14,2026-03-03,2026-03-03,57,54,3
PO005552,S004,P0355,W04,2026-02-07,2026-03-01,2026-02-28,193,175,15
PO005553,S005,P0256,W06,2026-04-07,2026-04-24,2026-04-23,136,129,1
PO005554,S040,P0169,W11,2025-05-09,2025-05-20,2025-05-20,73,72,1
PO005555,S013,P0129,W11,2026-02-16,2026-03-15,2026-03-14,88,82,3
PO005556,S028,P0326,W06,2025-06-07,2025-06-26,2025-06-25,96,87,9
PO005557,S027,P0316,W04,2025-12-12,2026-01-20,2026-01-18,105,97,8
PO005558,S005,P0052,W11,2025-01-25,2025-02-13,,52,50,1
PO005559,S013,P0186,W06,2026-01-07,2026-02-06,2026-02-05,57,54,3
PO005560,S018,P0274,W02,2026-04-06,2026-04-19,2026-04-28,37,33,4
PO005561,S013,P0154,W06,2026-06-26,2026-08-09,2026-08-08,54,52,1
PO005562,S004,P0316,W12,2025-06-01,2025-06-28,2025-06-30,98,88,9
PO005563,S005,P0196,W07,2025-06-01,2025-07-02,2025-07-02,47,44,1
PO005564,S014,P0150,W01,2025-12-27,2026-01-05,2026-01-07,47,42,4
PO005565,S033,P0186,W14,2025-09-13,2025-10-20,2025-10-20,88,78,6
PO005566,S016,P0381,W10,2025-01-10,2025-01-26,2025-01-25,51,45,4
PO005567,S005,P0110,W09,2025-08-12,2025-09-02,2025-09-03,198,194,2
PO005568,S032,P0161,W03,2025-04-26,2025-05-08,2025-05-07,58,55,2
PO005569,S040,P0087,W11,2025-11-10,2025-11-13,2025-11-11,30,29,0
PO005570,S024,P0222,W04,2026-03-21,2026-04-26,2026-04-25,332,300,22
PO005571,S017,P0246,W09,2025-02-11,2025-03-08,2025-03-16,31,30,1
PO005572,S019,P0282,W14,2026-05-31,2026-06-20,2026-06-20,38,37,1
PO005573,S009,P0134,W03,2026-05-17,2026-06-09,2026-06-07,192,184,4
PO005574,S004,P0395,W02,2025-05-14,2025-06-09,2025-06-07,62,54,6
PO005575,S014,P0077,W09,2025-01-04,2025-01-13,2025-01-12,71,66,4
PO005576,S010,P0064,W08,2025-02-25,2025-03-19,2025-03-24,300,251,35
PO005577,S030,P0188,W09,2026-06-26,2026-07-13,2026-07-13,50,47,3
PO005578,S035,P0285,W02,2025-11-24,2025-12-08,2025-12-08,31,27,3
PO005579,S013,P0005,W04,2026-05-27,2026-06-29,2026-06-27,48,45,1
PO005580,S024,P0110,W07,2026-04-24,2026-05-27,2026-05-27,31,29,2
PO005581,S017,P0164,W14,2026-04-14,2026-05-15,2026-05-13,72,67,4
PO005582,S017,P0325,W11,2026-03-11,2026-04-12,2026-04-15,96,89,5
PO005583,S009,P0019,W15,2025-10-22,2025-11-07,2025-11-05,109,105,4
PO005584,S011,P0098,W15,2026-05-06,2026-05-22,2026-05-31,96,95,0
PO005585,S004,P0025,W03,2026-05-29,2026-06-17,2026-06-26,85,72,9
PO005586,S027,P0125,W12,2025-07-28,2025-08-27,2025-08-27,111,98,13
PO005587,S029,P0172,W09,2026-05-09,2026-05-18,2026-05-16,27,26,1
PO005588,S022,P0137,W01,2026-03-08,2026-03-27,2026-03-26,41,41,0
PO005589,S011,P0363,W14,2026-03-28,2026-04-12,2026-04-11,33,32,1
PO005590,S010,P0078,W08,2025-10-29,2025-11-28,2025-11-27,92,86,5
PO005591,S011,P0384,W14,2025-05-02,2025-05-06,2025-05-06,36,34,1
PO005592,S002,P0339,W09,2026-02-14,2026-03-14,2026-03-12,44,40,4
PO005593,S017,P0057,W05,2025-05-16,2025-06-05,2025-06-03,61,56,3
PO005594,S027,P0350,W08,2026-03-27,2026-04-21,2026-04-20,18,16,1
PO005595,S007,P0106,W14,2025-12-15,2026-01-18,2026-01-16,68,60,7
PO005596,S032,P0369,W15,2025-04-02,2025-04-15,2025-04-15,53,51,1
PO005597,S009,P0104,W07,2025-04-22,2025-05-09,2025-05-07,31,28,2
PO005598,S030,P0384,W11,2025-11-09,2025-11-26,2025-11-26,52,46,4
PO005599,S012,P0232,W03,2025-12-16,2026-01-16,2026-01-16,84,77,4
PO005600,S024,P0121,W06,2025-05-13,2025-06-26,2025-06-25,75,69,6
PO005601,S031,P0162,W03,2026-02-16,2026-03-03,2026-03-11,88,81,7
PO005602,S016,P0249,W07,2025-02-26,2025-03-13,2025-03-12,125,114,9
PO005603,S018,P0158,W09,2025-08-20,2025-09-18,2025-09-17,31,28,3
PO005604,S026,P0293,W04,2025-12-21,2026-01-10,2026-01-10,87,78,6
PO005605,S002,P0098,W11,2025-06-14,2025-07-07,2025-07-07,30,29,1
PO005606,S027,P0219,W10,2026-01-02,2026-02-03,2026-02-01,266,232,23
PO005607,S014,P0248,W03,2025-09-08,2025-09-24,2025-09-24,91,83,6
PO005608,S032,P0283,W12,2026-04-27,2026-05-29,2026-05-28,115,106,4
PO005609,S028,P0168,W03,2026-01-04,2026-01-25,2026-01-24,79,73,5
PO005610,S023,P0076,W01,2026-03-13,2026-03-20,2026-03-18,166,145,15
PO005611,S004,P0341,W09,2026-02-23,2026-03-10,2026-03-22,41,36,3
PO005612,S024,P0036,W07,2025-12-13,2026-01-16,2026-01-15,35,34,1
PO005613,S003,P0206,W02,2026-06-03,2026-07-05,2026-07-05,27,26,0
PO005614,S038,P0369,W14,2026-04-13,2026-04-23,2026-04-22,47,42,4
PO005615,S017,P0049,W08,2025-10-18,2025-11-17,2025-11-16,129,120,6
PO005616,S029,P0227,W09,2026-02-24,2026-02-27,2026-02-27,100,96,1
PO005617,S030,P0165,W09,2025-06-05,2025-06-22,2025-06-25,37,34,3
PO005618,S038,P0368,W02,2026-06-09,2026-06-25,2026-06-23,105,92,8
PO005619,S025,P0046,W14,2025-02-06,2025-03-05,2025-03-03,58,56,2
PO005620,S012,P0087,W11,2026-03-31,2026-04-30,2026-04-29,62,59,3
PO005621,S028,P0269,W13,2025-09-21,2025-10-09,2025-10-08,71,66,3
PO005622,S012,P0058,W04,2025-08-12,2025-09-07,2025-09-07,96,91,4
PO005623,S006,P0079,W09,2026-05-10,2026-05-25,2026-05-24,148,137,6
PO005624,S036,P0382,W13,2025-06-30,2025-08-02,2025-08-02,58,54,3
PO005625,S009,P0340,W09,2026-06-25,2026-07-20,2026-07-20,56,53,2
PO005626,S006,P0074,W05,2025-07-01,2025-07-18,2025-07-18,94,91,3
PO005627,S017,P0199,W06,2025-11-30,2025-12-19,2025-12-17,54,51,3
PO005628,S031,P0025,W03,2026-05-02,2026-05-13,2026-05-13,59,53,4
PO005629,S038,P0277,W12,2025-03-17,2025-04-05,2025-04-03,40,35,4
PO005630,S029,P0394,W11,2025-06-08,2025-06-24,2025-06-23,36,35,1
PO005631,S024,P0373,W03,2026-06-24,2026-08-01,2026-08-01,32,30,2
PO005632,S015,P0398,W07,2025-01-13,2025-01-28,2025-01-26,231,213,18
PO005633,S008,P0374,W03,2026-01-21,2026-01-28,2026-01-26,44,42,2
PO005634,S021,P0372,W13,2026-04-28,2026-05-12,2026-05-10,49,45,4
PO005635,S005,P0294,W09,2025-10-05,2025-10-24,2025-10-22,55,52,1
PO005636,S013,P0191,W07,2025-03-14,2025-04-12,2025-04-12,50,49,1
PO005637,S021,P0049,W13,2025-10-04,2025-10-07,2025-10-11,22,19,2
PO005638,S019,P0087,W02,2025-08-28,2025-09-19,2025-09-18,111,106,3
PO005639,S021,P0306,W11,2026-02-09,2026-02-19,2026-02-19,91,81,8
PO005640,S020,P0385,W03,2025-05-06,2025-05-13,2025-05-11,30,27,3
PO005641,S022,P0275,W09,2025-10-07,2025-10-31,2025-10-29,105,100,5
PO005642,S020,P0320,W11,2026-02-08,2026-02-22,2026-02-20,97,86,9
PO005643,S004,P0045,W05,2025-05-11,2025-05-21,2025-05-21,93,83,7
PO005644,S013,P0147,W14,2026-05-24,2026-06-15,2026-06-14,73,71,2
PO005645,S027,P0326,W05,2025-03-26,2025-04-27,2025-04-26,144,131,11
PO005646,S030,P0320,W07,2025-12-18,2026-01-14,2026-01-19,37,34,2
PO005647,S002,P0075,W08,2025-11-15,2025-12-13,2025-12-13,127,116,7
PO005648,S023,P0047,W02,2025-01-19,2025-01-30,2025-01-30,71,62,7
PO005649,S015,P0074,W03,2025-07-29,2025-08-10,2025-08-10,206,183,23
PO005650,S040,P0019,W03,2026-05-05,2026-05-11,2026-05-11,42,38,2
PO005651,S003,P0068,W02,2025-03-21,2025-04-16,2025-04-16,91,90,0
PO005652,S001,P0330,W12,2026-02-27,2026-03-07,2026-03-05,64,63,1
PO005653,S038,P0010,W14,2026-01-01,2026-01-23,2026-01-26,68,61,5
PO005654,S001,P0292,W01,2025-09-27,2025-09-30,2025-09-30,47,47,0
PO005655,S026,P0018,W04,2026-02-01,2026-02-15,2026-02-13,145,123,15
PO005656,S013,P0041,W02,2026-05-05,2026-05-29,2026-05-27,133,130,2
PO005657,S031,P0114,W05,2025-08-22,2025-09-19,2025-09-17,46,43,3
PO005658,S037,P0116,W07,2025-01-17,2025-01-26,2025-01-25,163,153,8
PO005659,S014,P0378,W06,2025-04-28,2025-05-01,2025-04-30,68,64,3
PO005660,S017,P0185,W10,2025-04-22,2025-05-13,2025-05-12,99,93,5
PO005661,S015,P0245,W01,2025-06-12,2025-07-03,2025-07-02,203,169,28
PO005662,S038,P0084,W03,2026-06-27,2026-07-26,2026-07-28,144,129,10
PO005663,S030,P0268,W08,2025-01-28,2025-02-17,2025-02-17,124,106,13
PO005664,S003,P0069,W15,2025-11-18,2025-12-11,2025-12-10,115,111,3
PO005665,S025,P0067,W13,2025-07-20,2025-08-08,2025-08-10,198,182,8
PO005666,S031,P0112,W02,2025-01-30,2025-02-17,2025-02-15,76,67,7
PO005667,S008,P0303,W05,2025-10-09,2025-10-20,2025-10-19,45,43,1
PO005668,S002,P0379,W07,2026-03-08,2026-04-09,2026-04-21,38,36,2
PO005669,S029,P0280,W08,2025-03-27,2025-03-30,2025-03-28,101,96,2
PO005670,S021,P0194,W01,2025-07-12,2025-07-17,2025-07-16,26,24,2
PO005671,S005,P0176,W06,2025-04-17,2025-05-05,2025-05-04,78,74,1
PO005672,S017,P0223,W09,2025-07-10,2025-07-20,2025-07-20,46,44,2
PO005673,S014,P0239,W15,2026-05-02,2026-05-13,2026-05-12,51,47,4
PO005674,S002,P0013,W11,2025-08-05,2025-08-29,2025-08-27,53,49,3
PO005675,S007,P0365,W09,2026-01-24,2026-02-24,2026-02-25,106,90,11
PO005676,S033,P0247,W01,2025-10-30,2025-11-30,2025-12-01,144,122,15
PO005677,S006,P0365,W13,2025-01-10,2025-01-19,2025-01-21,94,84,6
PO005678,S008,P0339,W15,2025-02-12,2025-02-23,2025-02-23,93,85,6
PO005679,S029,P0321,W07,2025-05-28,2025-05-31,2025-05-29,46,45,1
PO005680,S030,P0094,W13,2025-07-22,2025-08-06,2025-08-06,35,31,3
PO005681,S028,P0033,W05,2026-03-02,2026-03-25,2026-03-24,38,35,2
PO005682,S025,P0174,W03,2026-04-23,2026-05-23,2026-05-23,29,28,1
PO005683,S012,P0083,W02,2026-01-30,2026-02-25,2026-02-24,62,57,2
PO005684,S010,P0073,W10,2026-05-16,2026-06-03,2026-06-02,49,45,4
PO005685,S024,P0346,W10,2026-03-17,2026-04-23,2026-04-21,41,38,3
PO005686,S040,P0273,W03,2025-06-25,2025-07-06,2025-07-04,92,85,4
PO005687,S004,P0158,W14,2025-08-10,2025-09-05,2025-09-11,43,39,3
PO005688,S022,P0357,W02,2025-09-15,2025-10-13,2025-10-12,68,66,1
PO005689,S038,P0297,W08,2025-05-03,2025-05-28,2025-05-27,53,48,3
PO005690,S021,P0389,W06,2025-09-10,2025-09-20,2025-09-19,89,79,7
PO005691,S039,P0123,W02,2026-03-04,2026-03-16,2026-03-16,29,28,1
PO005692,S023,P0059,W04,2026-02-04,2026-02-16,2026-02-15,99,84,11
PO005693,S031,P0002,W05,2025-11-04,2025-11-24,2025-11-23,86,79,7
PO005694,S010,P0288,W11,2025-04-25,2025-05-23,2025-05-23,221,188,22
PO005695,S030,P0153,W01,2026-05-03,2026-05-20,2026-05-30,64,56,5
PO005696,S005,P0121,W07,2025-09-13,2025-10-05,2025-10-04,168,162,3
PO005697,S002,P0043,W13,2025-08-23,2025-09-25,2025-09-23,88,83,5
PO005698,S005,P0131,W01,2026-05-24,2026-06-09,2026-06-09,76,72,2
PO005699,S014,P0197,W08,2025-11-04,2025-11-17,2025-11-16,28,26,2
PO005700,S032,P0120,W06,2025-04-26,2025-05-13,2025-05-23,36,35,0
PO005701,S036,P0115,W01,2026-03-20,2026-04-17,2026-04-15,81,74,4
PO005702,S002,P0124,W01,2025-01-30,2025-02-24,2025-02-23,39,37,2
PO005703,S035,P0328,W04,2025-08-05,2025-08-16,2025-08-16,60,54,6
PO005704,S029,P0356,W15,2025-09-26,2025-09-29,2025-09-28,109,104,5
PO005705,S011,P0291,W15,2025-10-06,2025-10-19,2025-10-17,94,90,1
PO005706,S005,P0189,W04,2025-01-11,2025-01-30,2025-01-28,91,83,5
PO005707,S032,P0044,W12,2025-12-08,2025-12-27,2026-01-03,67,64,3
PO005708,S033,P0078,W09,2025-07-14,2025-08-19,2025-08-19,82,76,6
PO005709,S024,P0390,W11,2025-07-15,2025-08-19,2025-08-17,53,50,3
PO005710,S015,P0341,W15,2025-11-12,2025-11-28,2025-11-26,60,53,6
PO005711,S031,P0270,W07,2026-05-21,2026-06-07,2026-06-19,45,41,2
PO005712,S029,P0189,W06,2025-03-10,2025-03-19,2025-03-18,53,53,0
PO005713,S020,P0332,W10,2025-12-29,2026-01-14,2026-01-13,48,44,4
PO005714,S009,P0303,W05,2026-05-15,2026-06-03,2026-06-03,30,29,1
PO005715,S016,P0100,W13,2025-03-09,2025-04-11,2025-04-10,126,116,6
PO005716,S012,P0265,W10,2026-05-11,2026-06-11,2026-06-10,39,38,1
PO005717,S025,P0151,W09,2026-03-27,2026-04-20,2026-04-19,94,89,5
PO005718,S010,P0002,W08,2025-06-14,2025-07-06,2025-07-18,159,142,15
PO005719,S025,P0362,W14,2025-03-17,2025-04-11,2025-04-10,128,119,7
PO005720,S035,P0008,W11,2026-02-17,2026-03-03,2026-03-01,186,160,19
PO005721,S029,P0258,W10,2025-01-16,2025-01-20,2025-01-19,88,83,4
PO005722,S002,P0275,W10,2026-04-03,2026-05-02,2026-05-09,64,61,3
PO005723,S012,P0132,W09,2025-03-27,2025-04-29,2025-04-27,110,99,6
PO005724,S040,P0156,W04,2025-09-20,2025-09-29,2025-09-28,73,72,0
PO005725,S016,P0372,W10,2026-05-14,2026-06-02,2026-06-01,73,67,6
PO005726,S034,P0235,W12,2025-05-16,2025-05-31,2025-05-29,102,94,5
PO005727,S012,P0327,W10,2025-06-06,2025-07-06,2025-07-05,100,92,4
PO005728,S024,P0322,W06,2026-03-10,2026-04-13,2026-04-13,74,68,5
PO005729,S009,P0296,W01,2025-09-25,2025-10-16,2025-10-15,95,89,2
PO005730,S011,P0153,W06,2025-07-09,2025-07-18,2025-07-19,40,38,0
PO005731,S020,P0120,W11,2026-05-27,2026-06-02,2026-05-31,29,26,2
PO005732,S026,P0238,W01,2025-04-23,2025-05-07,2025-05-06,75,67,7
PO005733,S032,P0226,W04,2025-01-20,2025-02-01,2025-01-30,136,123,7
PO005734,S013,P0213,W05,2025-11-25,2025-12-24,2025-12-22,131,124,1
PO005735,S015,P0332,W04,2025-09-08,2025-09-30,2025-10-09,57,50,5
PO005736,S035,P0397,W02,2025-11-10,2025-11-26,2025-11-25,83,72,10
PO005737,S033,P0180,W14,2026-01-08,2026-02-02,2026-02-02,45,39,4
PO005738,S014,P0301,W05,2025-09-04,2025-09-18,2025-09-18,93,80,9
PO005739,S011,P0133,W03,2025-04-18,2025-04-26,2025-04-24,20,20,0
PO005740,S018,P0073,W10,2025-02-25,2025-03-20,2025-03-18,77,69,7
PO005741,S029,P0380,W06,2025-06-22,2025-07-02,2025-07-02,27,26,0
PO005742,S038,P0044,W02,2025-12-15,2025-12-25,2025-12-25,41,36,3
PO005743,S001,P0397,W03,2026-06-03,2026-06-06,2026-06-06,75,74,0
PO005744,S015,P0178,W01,2026-04-15,2026-05-07,2026-05-07,41,37,4
PO005745,S004,P0085,W04,2026-03-08,2026-04-02,2026-04-02,33,30,3
PO005746,S027,P0362,W01,2025-06-19,2025-07-21,2025-07-27,56,50,4
PO005747,S010,P0164,W03,2025-02-22,2025-03-20,2025-03-18,79,71,5
PO005748,S023,P0208,W14,2026-05-02,2026-05-19,2026-05-20,66,59,5
PO005749,S029,P0154,W08,2025-01-06,2025-01-12,2025-01-11,61,58,1
PO005750,S023,P0169,W01,2026-03-06,2026-03-11,2026-03-10,32,29,2
PO005751,S005,P0232,W06,2026-06-25,2026-07-12,2026-07-10,85,82,3
PO005752,S023,P0336,W06,2025-12-13,2025-12-26,2025-12-25,65,56,7
PO005753,S017,P0064,W11,2026-04-22,2026-05-17,2026-05-17,133,126,7
PO005754,S009,P0130,W07,2026-03-31,2026-04-14,2026-04-12,56,53,2
PO005755,S038,P0181,W11,2025-07-08,2025-08-04,2025-08-04,26,24,2
PO005756,S031,P0354,W01,2025-04-15,2025-05-09,2025-05-07,44,39,4
PO005757,S012,P0308,W05,2025-05-12,2025-06-11,2025-06-11,118,110,4
PO005758,S002,P0243,W14,2025-03-22,2025-04-25,2025-04-24,86,80,4
PO005759,S011,P0148,W13,2025-05-02,2025-05-11,2025-05-10,160,156,1
PO005760,S040,P0149,W15,2025-08-16,2025-08-24,2025-08-23,64,60,1
PO005761,S002,P0045,W14,2025-10-16,2025-11-07,2025-11-06,73,69,3
PO005762,S029,P0135,W15,2025-08-06,2025-08-13,2025-08-12,65,63,1
PO005763,S036,P0145,W01,2026-06-07,2026-07-11,2026-07-09,79,72,4
PO005764,S027,P0328,W02,2025-09-30,2025-10-29,2025-10-28,48,42,5
PO005765,S040,P0204,W08,2025-06-21,2025-06-27,2025-06-25,46,44,1
PO005766,S028,P0269,W06,2025-01-16,2025-02-16,2025-02-14,51,47,3
PO005767,S001,P0305,W10,2026-01-20,2026-01-25,2026-01-25,81,78,1
PO005768,S002,P0307,W14,2026-03-30,2026-04-24,2026-04-30,118,102,11
PO005769,S019,P0033,W15,2025-05-12,2025-06-02,2025-06-01,38,37,0
PO005770,S028,P0397,W05,2025-04-05,2025-04-27,2025-04-27,111,100,7
PO005771,S010,P0022,W10,2025-11-18,2025-12-22,2025-12-21,100,92,6
PO005772,S022,P0392,W02,2025-02-26,2025-03-11,2025-03-10,86,78,5
PO005773,S006,P0147,W01,2026-05-02,2026-05-05,2026-05-05,74,71,3
PO005774,S019,P0309,W03,2026-03-19,2026-04-10,2026-04-10,75,70,2
PO005775,S007,P0302,W09,2026-06-17,2026-07-16,2026-07-14,175,156,15
PO005776,S015,P0016,W11,2025-11-08,2025-11-20,2025-11-28,13,12,1
PO005777,S036,P0350,W04,2025-08-06,2025-09-12,2025-09-17,96,92,4
PO005778,S011,P0142,W09,2025-05-02,2025-05-15,2025-05-14,55,53,1
PO005779,S013,P0166,W06,2026-03-30,2026-05-03,2026-05-03,76,74,2
PO005780,S016,P0062,W11,2026-03-03,2026-03-22,2026-03-21,146,129,12
PO005781,S031,P0373,W08,2025-12-16,2026-01-05,2026-01-04,26,24,2
PO005782,S033,P0213,W09,2025-04-14,2025-05-14,2025-05-13,27,26,1
PO005783,S040,P0020,W12,2025-12-18,2025-12-29,2025-12-27,62,59,1
PO005784,S028,P0140,W09,2025-06-21,2025-07-24,2025-07-22,35,32,2
PO005785,S020,P0354,W12,2025-04-02,2025-04-11,2025-04-09,33,30,2
PO005786,S018,P0015,W07,2026-02-17,2026-03-15,2026-03-15,27,25,2
PO005787,S035,P0268,W08,2025-01-22,2025-02-02,2025-02-01,108,95,10
PO005788,S031,P0192,W14,2026-03-05,2026-03-22,2026-03-21,198,172,18
PO005789,S022,P0330,W09,2025-08-20,2025-09-01,2025-08-31,55,53,1
PO005790,S001,P0174,W07,2025-11-10,2025-11-18,2025-11-18,23,22,0
PO005791,S006,P0367,W15,2025-05-30,2025-06-10,2025-06-10,93,86,3
PO005792,S001,P0153,W11,2025-01-12,2025-01-15,2025-01-14,248,233,7
PO005793,S012,P0345,W04,2026-02-25,2026-03-25,2026-03-23,48,47,1
PO005794,S005,P0021,W02,2025-01-02,2025-01-28,2025-01-28,47,46,0
PO005795,S009,P0204,W07,2025-12-30,2026-01-20,2026-01-19,56,53,1
PO005796,S018,P0222,W08,2026-02-07,2026-03-04,2026-03-02,99,84,11
PO005797,S018,P0342,W07,2026-04-08,2026-04-27,2026-05-01,170,150,14
PO005798,S023,P0007,W04,2025-01-04,2025-01-20,2025-01-18,64,59,4
PO005799,S038,P0062,W14,2025-12-06,2025-12-21,2025-12-20,150,138,12
PO005800,S002,P0272,W06,2026-04-27,2026-05-26,2026-05-26,260,237,16
PO005801,S018,P0238,W14,2025-06-11,2025-07-09,2025-07-08,50,43,5
PO005802,S029,P0044,W09,2025-12-22,2025-12-25,2025-12-24,67,65,1
PO005803,S031,P0165,W10,2025-05-19,2025-05-31,2025-05-29,73,65,5
PO005804,S020,P0267,W03,2025-10-31,2025-11-07,2025-11-05,57,50,5
PO005805,S001,P0324,W08,2026-04-03,2026-04-06,2026-04-06,25,24,0
PO005806,S005,P0258,W10,2026-01-23,2026-02-15,2026-02-14,64,59,2
PO005807,S013,P0142,W02,2026-04-08,2026-04-30,2026-04-30,19,18,0
PO005808,S029,P0362,W09,2025-12-15,2025-12-28,2025-12-26,71,68,0
PO005809,S005,P0355,W08,2026-01-31,2026-03-06,2026-03-05,20,20,0
PO005810,S020,P0199,W02,2026-03-20,2026-04-02,2026-04-01,111,97,12
PO005811,S008,P0370,W03,2025-03-30,2025-04-19,2025-04-22,55,52,1
PO005812,S036,P0079,W10,2025-11-16,2025-12-15,2025-12-20,60,57,3
PO005813,S028,P0064,W02,2025-11-07,2025-12-11,2025-12-10,98,90,6
PO005814,S009,P0273,W11,2025-05-05,2025-05-26,2025-05-26,43,41,2
PO005815,S004,P0142,W14,2025-11-15,2025-12-01,2025-11-29,32,28,3
PO005816,S025,P0011,W10,2025-10-21,2025-11-19,2025-11-17,150,136,10
PO005817,S014,P0005,W13,2026-06-20,2026-07-08,2026-07-07,57,52,4
PO005818,S015,P0100,W01,2026-06-22,2026-07-15,2026-07-13,51,46,5
PO005819,S015,P0177,W01,2026-02-13,2026-03-06,2026-03-06,84,73,10
PO005820,S039,P0360,W05,2025-05-30,2025-06-15,2025-06-13,148,131,10
PO005821,S010,P0184,W11,2025-03-01,2025-03-31,2025-03-31,34,32,2
PO005822,S023,P0377,W06,2026-02-12,2026-02-21,2026-02-21,85,75,7
PO005823,S024,P0358,W03,2026-04-27,2026-06-10,2026-06-10,69,62,4
PO005824,S039,P0286,W04,2025-08-19,2025-09-04,2025-09-04,56,54,1
PO005825,S006,P0140,W01,2025-03-31,2025-04-03,2025-04-03,110,103,4
PO005826,S035,P0086,W09,2025-03-12,2025-03-29,2025-03-27,48,44,4
PO005827,S012,P0366,W06,2025-10-09,2025-11-06,2025-11-11,114,109,4
PO005828,S013,P0149,W10,2025-05-24,2025-06-13,2025-06-12,66,64,1
PO005829,S020,P0023,W02,2025-12-22,2026-01-03,2026-01-01,49,43,4
PO005830,S026,P0008,W15,2025-05-11,2025-05-28,2025-05-27,127,114,11
PO005831,S005,P0198,W07,2026-02-01,2026-02-28,2026-03-06,73,70,2
PO005832,S036,P0152,W01,2026-04-05,2026-05-10,2026-05-08,61,59,2
PO005833,S010,P0115,W09,2025-12-27,2026-01-23,2026-01-22,45,40,3
PO005834,S021,P0304,W08,2026-06-29,2026-07-02,2026-07-02,90,83,7
PO005835,S008,P0318,W10,2025-07-13,2025-07-24,2025-07-24,140,135,5
PO005836,S019,P0376,W02,2026-01-13,2026-02-08,2026-02-06,58,55,3
PO005837,S003,P0181,W08,2025-04-15,2025-05-04,2025-05-02,87,82,1
PO005838,S038,P0068,W05,2026-06-26,2026-07-08,2026-07-07,36,33,3
PO005839,S037,P0101,W12,2025-10-17,2025-10-30,2025-10-30,139,131,3
PO005840,S032,P0077,W11,2025-06-23,2025-07-08,2025-07-10,91,87,2
PO005841,S033,P0041,W06,2026-04-19,2026-05-31,2026-05-29,51,47,4
PO005842,S008,P0365,W02,2025-05-07,2025-05-25,2025-05-23,13,12,0
PO005843,S005,P0148,W07,2026-05-17,2026-06-03,2026-06-12,204,196,3
PO005844,S024,P0203,W11,2025-03-03,2025-04-11,2025-04-09,72,68,4
PO005845,S003,P0147,W09,2026-06-10,2026-07-01,2026-07-01,132,122,5
PO005846,S035,P0230,W07,2026-04-11,2026-04-17,2026-04-17,132,114,13
PO005847,S035,P0203,W04,2026-03-17,2026-04-04,2026-04-03,84,71,9
PO005848,S037,P0004,W09,2025-10-13,2025-10-16,2025-10-15,116,107,5
PO005849,S038,P0198,W12,2026-03-09,2026-03-27,2026-03-26,255,237,18
PO005850,S026,P0088,W10,2026-03-16,2026-03-26,2026-03-30,94,83,10
PO005851,S010,P0190,W07,2026-02-25,2026-03-26,2026-03-24,76,71,5
PO005852,S024,P0260,W13,2026-05-25,2026-07-03,2026-07-03,40,36,3
PO005853,S011,P0003,W15,2025-04-19,2025-05-07,2025-05-07,27,26,0
PO005854,S039,P0312,W05,2025-07-21,2025-08-17,2025-08-17,88,78,6
PO005855,S031,P0198,W01,2025-06-13,2025-06-27,2025-06-26,73,67,5
PO005856,S040,P0180,W01,2025-07-27,2025-08-08,2025-08-06,45,44,0
PO005857,S026,P0352,W10,2026-04-05,2026-04-25,2026-04-23,40,34,5
PO005858,S005,P0334,W10,2026-06-21,2026-07-18,2026-07-17,50,47,1
PO005859,S024,P0236,W08,2025-10-08,2025-11-14,2025-11-14,172,156,11
PO005860,S031,P0178,W06,2026-02-28,2026-03-21,2026-03-20,153,140,12
PO005861,S034,P0057,W04,2025-07-22,2025-08-10,2025-08-11,65,61,4
PO005862,S013,P0272,W14,2025-07-30,2025-09-03,2025-09-01,19,18,0
PO005863,S006,P0048,W01,2025-12-10,2025-12-13,2025-12-11,76,73,1
PO005864,S021,P0272,W03,2025-10-15,2025-10-18,2025-10-16,93,81,11
PO005865,S031,P0050,W12,2026-05-30,2026-06-22,2026-06-20,117,106,6
PO005866,S019,P0021,W14,2025-12-23,2026-01-15,2026-01-15,53,50,2
PO005867,S023,P0364,W14,2025-11-20,2025-12-03,2025-12-01,68,62,6
PO005868,S027,P0017,W10,2025-05-29,2025-06-27,2025-06-26,124,115,9
PO005869,S030,P0026,W11,2025-04-16,2025-05-09,2025-05-09,147,135,10
PO005870,S018,P0218,W06,2025-04-28,2025-05-23,2025-05-23,113,99,10
PO005871,S030,P0022,W08,2025-02-28,2025-03-10,2025-03-20,26,24,2
PO005872,S030,P0101,W03,2026-03-06,2026-03-26,2026-03-26,170,155,13
PO005873,S021,P0250,W04,2025-05-23,2025-05-29,2025-06-09,223,197,26
PO005874,S015,P0206,W07,2026-06-13,2026-07-04,2026-07-02,250,220,27
PO005875,S006,P0350,W05,2025-05-12,2025-05-24,2025-05-24,98,94,3
PO005876,S003,P0159,W14,2025-05-12,2025-05-31,2025-06-06,42,39,1
PO005877,S009,P0044,W14,2026-01-21,2026-02-10,2026-02-09,13,12,0
PO005878,S023,P0151,W06,2025-09-17,2025-10-07,2025-10-12,68,63,5
PO005879,S017,P0355,W05,2026-04-09,2026-05-02,2026-04-30,45,42,1
PO005880,S004,P0163,W12,2025-06-05,2025-06-27,2025-06-27,165,147,15
PO005881,S038,P0345,W02,2025-04-29,2025-05-22,2025-05-21,122,105,11
PO005882,S032,P0023,W04,2025-04-09,2025-04-28,2025-04-26,77,73,1
PO005883,S031,P0323,W04,2026-03-13,2026-04-05,2026-04-03,47,41,4
PO005884,S040,P0019,W13,2025-07-22,2025-07-30,2025-07-30,62,59,2
PO005885,S015,P0136,W01,2025-06-15,2025-07-02,2025-06-30,80,70,8
PO005886,S028,P0291,W05,2025-08-06,2025-09-01,2025-09-01,86,76,6
PO005887,S018,P0226,W10,2026-02-01,2026-03-01,2026-03-01,76,72,4
PO005888,S015,P0389,W15,2025-04-29,2025-05-13,2025-05-12,169,154,13
PO005889,S015,P0381,W12,2025-12-23,2026-01-13,2026-01-13,60,51,8
PO005890,S035,P0066,W10,2026-03-05,2026-03-24,2026-03-23,133,120,13
PO005891,S018,P0249,W15,2025-10-17,2025-11-17,2025-11-23,50,44,5
PO005892,S004,P0089,W11,2025-12-26,2026-01-10,2026-01-08,88,80,6
PO005893,S008,P0117,W03,2025-06-09,2025-06-20,2025-06-20,63,59,2
PO005894,S013,P0005,W12,2026-04-28,2026-06-01,2026-05-31,35,33,1
PO005895,S022,P0382,W08,2025-10-30,2025-11-16,2025-11-14,216,205,9
PO005896,S001,P0219,W10,2026-01-14,2026-01-23,2026-01-21,51,47,2
PO005897,S029,P0180,W11,2025-05-21,2025-06-05,2025-06-06,41,40,1
PO005898,S020,P0307,W07,2026-04-19,2026-04-26,2026-04-24,35,32,3
PO005899,S038,P0296,W12,2025-12-16,2026-01-04,2026-01-02,72,67,5
PO005900,S022,P0123,W13,2025-08-24,2025-09-06,2025-09-12,111,101,7
PO005901,S002,P0108,W04,2026-04-01,2026-04-25,2026-04-23,61,53,5
PO005902,S022,P0276,W03,2025-03-26,2025-04-12,2025-04-12,107,98,6
PO005903,S004,P0303,W06,2025-11-23,2025-12-12,2025-12-10,94,84,7
PO005904,S005,P0312,W09,2026-05-03,2026-05-25,2026-06-04,53,50,1
PO005905,S025,P0169,W06,2025-01-16,2025-02-03,2025-02-01,18,16,1
PO005906,S020,P0099,W05,2025-11-16,2025-11-24,2025-11-23,112,103,8
PO005907,S006,P0289,W01,2025-05-04,2025-05-15,2025-05-14,49,47,1
PO005908,S027,P0088,W08,2025-09-14,2025-10-19,2025-10-18,74,67,5
PO005909,S008,P0099,W09,2025-12-04,2025-12-21,2025-12-24,20,19,1
PO005910,S025,P0097,W06,2026-04-04,2026-04-25,2026-04-23,122,114,3
PO005911,S031,P0015,W13,2025-10-27,2025-11-08,2025-11-07,144,130,14
PO005912,S040,P0006,W01,2026-06-11,2026-06-15,2026-06-13,115,112,2
PO005913,S023,P0090,W01,2025-05-27,2025-06-10,2025-06-09,51,45,4
PO005914,S006,P0185,W03,2026-01-27,2026-02-04,2026-02-02,141,130,7
PO005915,S027,P0303,W02,2026-04-01,2026-04-30,2026-04-29,50,47,3
PO005916,S023,P0309,W07,2025-10-28,2025-11-11,2025-11-11,74,69,5
PO005917,S031,P0136,W09,2025-11-13,2025-11-28,2025-11-27,57,50,5
PO005918,S001,P0141,W01,2025-07-22,2025-07-25,2025-07-23,39,38,0
PO005919,S038,P0079,W15,2025-08-27,2025-09-19,2025-09-18,32,29,3
PO005920,S003,P0282,W15,2025-05-30,2025-06-21,2025-06-20,60,58,2
PO005921,S020,P0373,W08,2026-05-12,2026-05-29,2026-05-28,64,55,6
PO005922,S033,P0360,W10,2025-08-31,2025-10-12,2025-10-10,32,30,2
PO005923,S019,P0049,W03,2025-04-08,2025-04-29,2025-04-28,26,25,1
PO005924,S010,P0316,W09,2025-08-04,2025-09-02,2025-09-01,131,120,10
PO005925,S020,P0012,W10,2025-12-16,2026-01-04,2026-01-04,31,27,3
PO005926,S036,P0079,W15,2025-01-17,2025-02-20,2025-02-18,171,153,11
PO005927,S037,P0130,W04,2025-03-04,2025-03-17,2025-03-16,37,37,0
PO005928,S003,P0075,W02,2025-12-15,2026-01-11,2026-01-11,18,17,0
PO005929,S024,P0274,W03,2026-04-15,2026-05-18,2026-05-16,21,19,2
PO005930,S030,P0022,W12,2026-03-10,2026-03-16,2026-03-14,78,71,6
PO005931,S040,P0368,W05,2025-03-29,2025-04-06,2025-04-04,56,53,1
PO005932,S019,P0152,W06,2026-04-23,2026-05-10,2026-05-10,221,203,16
PO005933,S003,P0051,W14,2026-01-17,2026-02-09,2026-02-09,58,56,2
PO005934,S034,P0150,W02,2025-11-18,2025-11-28,2025-11-28,23,21,1
PO005935,S037,P0270,W03,2025-05-14,2025-05-25,2025-05-23,49,46,2
PO005936,S013,P0033,W15,2026-05-18,2026-06-20,2026-06-20,52,50,1
PO005937,S040,P0249,W03,2025-12-31,2026-01-04,2026-01-02,81,78,1
PO005938,S031,P0140,W14,2026-06-06,2026-06-25,2026-06-23,52,48,4
PO005939,S003,P0373,W04,2026-01-04,2026-01-29,2026-02-09,174,157,9
PO005940,S011,P0392,W02,2025-10-14,2025-11-02,2025-11-01,80,78,0
PO005941,S020,P0286,W06,2026-05-17,2026-06-05,2026-06-11,52,45,5
PO005942,S009,P0141,W11,2025-02-08,2025-02-23,2025-02-22,125,112,7
PO005943,S012,P0128,W04,2025-06-27,2025-07-25,2025-07-23,152,139,8
PO005944,S025,P0032,W08,2025-05-25,2025-06-18,2025-06-16,47,45,1
PO005945,S006,P0074,W15,2026-03-27,2026-04-06,2026-04-04,45,44,1
PO005946,S006,P0095,W09,2025-02-13,2025-03-01,2025-02-27,65,63,2
PO005947,S010,P0084,W10,2025-04-13,2025-05-01,2025-04-30,55,51,3
PO005948,S026,P0248,W03,2025-11-10,2025-12-06,2025-12-05,19,16,2
PO005949,S014,P0060,W08,2025-09-17,2025-10-04,2025-10-02,94,88,4
PO005950,S003,P0011,W08,2026-05-18,2026-06-07,2026-06-05,31,31,0
PO005951,S031,P0190,W09,2025-06-02,2025-07-02,2025-07-01,55,52,2
PO005952,S012,P0225,W07,2025-01-31,2025-03-12,2025-03-12,207,190,9
PO005953,S040,P0227,W02,2026-03-23,2026-03-31,2026-03-29,100,96,1
PO005954,S005,P0340,W07,2025-04-10,2025-04-29,2025-04-29,67,63,1
PO005955,S019,P0354,W10,2026-06-14,2026-06-29,2026-07-11,58,54,4
PO005956,S018,P0256,W01,2025-01-17,2025-02-07,2025-02-07,161,137,18
PO005957,S013,P0383,W06,2026-04-14,2026-05-08,2026-05-06,48,46,1
PO005958,S037,P0052,W13,2026-03-05,2026-03-21,2026-03-21,51,49,1
PO005959,S017,P0318,W09,2025-05-05,2025-06-01,2025-05-30,78,70,5
PO005960,S040,P0010,W13,2025-03-02,2025-03-07,2025-03-05,62,61,1
PO005961,S032,P0388,W13,2025-10-16,2025-10-29,2025-10-29,57,53,2
PO005962,S021,P0200,W09,2026-03-04,2026-03-19,2026-03-17,119,103,11
PO005963,S033,P0084,W06,2026-05-13,2026-06-15,2026-06-13,14,12,1
PO005964,S027,P0063,W09,2026-01-05,2026-02-10,2026-02-09,90,78,8
PO005965,S020,P0164,W09,2025-02-18,2025-03-12,2025-03-10,109,95,10
PO005966,S015,P0100,W04,2025-07-03,2025-07-15,2025-07-13,51,45,4
PO005967,S001,P0019,W13,2025-06-03,2025-06-13,2025-06-12,32,32,0
PO005968,S011,P0286,W03,2026-02-10,2026-02-25,2026-02-25,79,75,2
PO005969,S009,P0366,W11,2025-12-04,2025-12-30,2026-01-11,91,86,3
PO005970,S003,P0277,W09,2026-05-30,2026-06-17,2026-06-19,259,243,10
PO005971,S031,P0182,W05,2026-03-01,2026-03-17,2026-03-15,54,47,5
PO005972,S013,P0014,W09,2025-05-09,2025-05-31,2025-05-30,94,94,0
PO005973,S004,P0110,W14,2026-03-26,2026-04-07,2026-04-06,76,64,9
PO005974,S013,P0351,W05,2026-06-20,2026-07-12,2026-07-14,121,116,3
PO005975,S013,P0081,W12,2026-01-18,2026-02-20,2026-02-19,64,62,2
PO005976,S012,P0277,W04,2025-06-06,2025-07-08,2025-07-08,42,39,2
PO005977,S001,P0213,W09,2026-04-25,2026-04-28,2026-04-27,38,37,1
PO005978,S007,P0251,W05,2025-01-13,2025-02-15,2025-02-13,102,87,12
PO005979,S033,P0254,W11,2026-03-04,2026-04-03,2026-04-02,134,127,7
PO005980,S003,P0128,W02,2025-02-26,2025-03-13,2025-03-11,86,82,3
PO005981,S022,P0234,W15,2025-09-16,2025-09-30,2025-09-28,79,73,3
PO005982,S016,P0302,W05,2025-08-31,2025-09-09,2025-09-09,90,78,8
PO005983,S018,P0328,W13,2025-03-03,2025-03-26,2025-03-25,50,44,5
PO005984,S005,P0003,W05,2025-03-20,2025-04-13,2025-04-11,29,29,0
PO005985,S038,P0203,W03,2026-06-30,2026-07-16,2026-07-19,31,28,2
PO005986,S011,P0051,W13,2025-12-13,2026-01-01,2025-12-30,108,103,1
PO005987,S004,P0177,W07,2025-10-19,2025-11-07,2025-11-14,72,62,7
PO005988,S028,P0145,W12,2026-02-27,2026-03-24,2026-04-01,17,16,0
PO005989,S031,P0399,W13,2025-05-07,2025-05-25,2025-05-23,151,138,10
PO005990,S001,P0045,W09,2026-03-03,2026-03-06,2026-03-05,118,115,2
PO005991,S028,P0371,W15,2026-04-01,2026-04-26,2026-04-24,91,85,6
PO005992,S036,P0374,W08,2025-12-11,2026-01-16,2026-01-27,55,51,2
PO005993,S002,P0049,W15,2025-01-21,2025-02-19,2025-02-17,160,149,10
PO005994,S035,P0238,W03,2025-09-06,2025-09-19,2025-09-17,81,70,7
PO005995,S027,P0370,W08,2026-02-11,2026-03-08,2026-03-07,140,123,13
PO005996,S017,P0235,W11,2025-07-28,2025-08-22,2025-08-22,79,72,5
PO005997,S013,P0158,W15,2026-05-22,2026-06-16,2026-06-16,338,312,10
PO005998,S007,P0125,W05,2025-07-20,2025-08-07,2025-08-05,93,80,9
PO005999,S031,P0363,W02,2026-02-15,2026-03-05,2026-03-03,76,68,5
PO006000,S028,P0363,W07,2025-07-10,2025-07-30,2025-07-30,10,9,0
PO006001,S025,P0081,W03,2025-11-09,2025-12-05,2025-12-11,106,100,3
PO006002,S029,P0279,W02,2025-12-28,2026-01-04,2026-01-02,38,37,1
PO006003,S027,P0255,W08,2025-05-12,2025-06-11,2025-06-09,70,62,5
PO006004,S022,P0134,W07,2025-09-28,2025-10-09,2025-10-09,79,74,2
PO006005,S001,P0078,W14,2025-09-07,2025-09-15,2025-09-13,69,66,2
PO006006,S036,P0083,W15,2025-08-30,2025-10-04,2025-10-04,158,146,6
PO006007,S024,P0254,W06,2025-01-29,2025-03-12,2025-03-10,31,28,2
PO006008,S032,P0231,W05,2026-04-13,2026-05-18,2026-05-17,34,34,0
PO006009,S002,P0132,W15,2026-01-27,2026-02-20,2026-02-18,41,37,2
PO006010,S010,P0078,W03,2026-04-04,2026-05-08,2026-05-06,130,116,8
PO006011,S039,P0246,W02,2026-01-01,2026-01-16,2026-01-14,94,85,7
PO006012,S039,P0246,W10,2026-01-24,2026-02-11,2026-02-10,45,40,3
PO006013,S015,P0047,W14,2026-04-22,2026-05-20,2026-05-19,68,59,6
PO006014,S025,P0340,W08,2025-01-15,2025-02-08,2025-02-08,145,133,5
PO006015,S024,P0182,W13,2026-01-16,2026-02-25,2026-02-28,31,28,3
PO006016,S012,P0278,W02,2026-06-07,2026-07-13,2026-07-12,156,145,7
PO006017,S037,P0227,W11,2026-06-30,2026-07-04,2026-07-11,45,42,1
PO006018,S021,P0271,W05,2025-06-07,2025-06-10,2025-06-15,176,153,18
PO006019,S004,P0133,W13,2025-10-18,2025-10-31,2025-10-31,34,32,2
PO006020,S024,P0154,W02,2026-06-01,2026-07-10,2026-07-10,53,49,3
PO006021,S027,P0234,W08,2025-03-28,2025-04-22,2025-04-21,46,40,4
PO006022,S038,P0100,W13,2025-12-24,2026-01-10,2026-01-08,216,195,20
PO006023,S009,P0322,W09,2026-01-07,2026-02-03,2026-02-01,168,159,4
PO006024,S027,P0025,W01,2025-12-17,2026-01-12,2026-01-22,200,179,18
PO006025,S007,P0109,W03,2026-03-29,2026-04-25,2026-04-25,63,54,6
PO006026,S019,P0272,W12,2025-02-26,2025-03-16,2025-03-16,16,16,0
PO006027,S016,P0281,W14,2026-02-11,2026-02-21,2026-02-21,27,24,2
PO006028,S015,P0286,W11,2026-05-19,2026-05-29,2026-05-29,65,56,6
PO006029,S033,P0149,W09,2026-06-21,2026-07-26,2026-07-26,154,142,12
PO006030,S032,P0219,W02,2025-08-16,2025-09-14,2025-09-12,66,63,3
PO006031,S033,P0157,W08,2025-01-25,2025-02-22,2025-02-21,95,84,7
PO006032,S028,P0046,W01,2025-10-21,2025-11-15,2025-11-13,173,154,11
PO006033,S034,P0032,W07,2026-04-01,2026-04-22,2026-04-22,95,89,5
PO006034,S026,P0375,W02,2025-12-22,2025-12-30,2025-12-30,134,119,12
PO006035,S025,P0097,W04,2025-02-23,2025-03-22,2025-03-30,71,65,3
PO006036,S027,P0305,W12,2025-10-21,2025-11-22,2025-11-22,44,41,2
PO006037,S039,P0277,W03,2025-07-09,2025-08-01,2025-07-30,21,20,1
PO006038,S002,P0245,W02,2026-06-08,2026-07-01,2026-07-01,81,75,5
PO006039,S023,P0281,W13,2025-02-26,2025-03-19,2025-03-19,171,152,14
PO006040,S021,P0176,W01,2026-04-13,2026-04-26,2026-04-24,109,94,10
PO006041,S040,P0175,W04,2025-10-29,2025-11-06,2025-11-06,56,55,1
PO006042,S025,P0311,W02,2026-01-03,2026-01-24,2026-01-23,116,110,4
PO006043,S032,P0018,W05,2025-09-13,2025-09-30,2025-09-29,39,39,0
PO006044,S040,P0018,W10,2026-02-01,2026-02-11,2026-02-11,95,93,2
PO006045,S029,P0024,W02,2025-05-31,2025-06-06,2025-06-06,52,49,1
PO006046,S035,P0301,W09,2025-06-17,2025-07-01,2025-07-01,54,47,5
PO006047,S038,P0327,W14,2025-04-03,2025-04-15,2025-04-13,63,58,3
PO006048,S038,P0207,W13,2025-10-23,2025-11-21,2025-11-21,107,102,5
PO006049,S012,P0383,W03,2025-04-22,2025-06-01,2025-05-30,328,304,19
PO006050,S036,P0269,W10,2025-01-08,2025-01-31,2025-01-30,84,77,4
PO006051,S029,P0108,W03,2025-12-22,2026-01-04,2026-01-04,69,65,2
PO006052,S032,P0016,W05,2026-03-26,2026-04-07,2026-04-05,88,84,2
PO006053,S028,P0257,W05,2025-08-20,2025-09-15,2025-09-15,56,49,5
PO006054,S033,P0254,W12,2025-05-05,2025-06-09,2025-06-07,89,78,8
PO006055,S001,P0394,W10,2026-01-19,2026-01-22,2026-01-20,116,109,2
PO006056,S006,P0163,W02,2025-12-08,2025-12-18,2025-12-16,32,30,1
PO006057,S024,P0020,W07,2026-04-15,2026-05-23,2026-05-28,130,115,11
PO006058,S003,P0147,W14,2025-12-17,2026-01-09,2026-01-08,119,115,3
PO006059,S035,P0252,W01,2026-06-10,2026-06-20,2026-06-18,24,21,2
PO006060,S032,P0246,W04,2025-09-04,2025-09-19,2025-09-17,60,58,1
PO006061,S021,P0332,W05,2025-12-26,2025-12-30,2025-12-29,92,86,5
PO006062,S040,P0155,W03,2025-02-28,2025-03-04,2025-03-02,296,292,4
PO006063,S005,P0081,W13,2026-02-05,2026-03-05,2026-03-05,68,65,1
PO006064,S032,P0237,W10,2025-02-22,2025-03-17,2025-03-17,32,30,1
PO006065,S025,P0059,W03,2026-06-26,2026-07-20,2026-07-19,36,34,1
PO006066,S023,P0320,W03,2025-03-31,2025-04-10,2025-04-16,22,21,1
PO006067,S040,P0262,W12,2026-05-15,2026-05-23,2026-05-23,74,69,2
PO006068,S007,P0156,W07,2025-05-08,2025-06-11,2025-06-09,129,112,14
PO006069,S023,P0073,W11,2026-02-26,2026-03-16,2026-03-14,13,12,0
PO006070,S020,P0039,W12,2025-12-14,2025-12-31,2025-12-30,101,88,10
PO006071,S005,P0107,W14,2025-05-02,2025-05-30,2025-05-28,72,68,1
PO006072,S001,P0296,W09,2025-12-23,2025-12-30,2025-12-30,28,26,1
PO006073,S010,P0078,W09,2026-03-02,2026-04-04,2026-04-02,130,114,13
PO006074,S012,P0316,W02,2026-05-14,2026-06-23,2026-06-23,80,77,1
PO006075,S032,P0395,W09,2025-03-28,2025-04-18,2025-04-18,26,24,1
PO006076,S005,P0153,W11,2025-05-09,2025-05-29,2025-05-29,123,113,9
PO006077,S035,P0348,W03,2025-01-14,2025-01-26,2025-01-25,101,91,7
PO006078,S013,P0312,W03,2026-02-26,2026-04-01,2026-04-01,47,46,1
PO006079,S011,P0326,W02,2025-12-17,2026-01-07,2026-01-06,99,96,1
PO006080,S008,P0284,W09,2025-09-12,2025-09-22,2025-09-22,140,131,6
PO006081,S014,P0071,W15,2026-06-26,2026-06-29,2026-06-28,90,81,5
PO006082,S001,P0336,W13,2025-10-23,2025-10-26,2025-10-24,183,172,4
PO006083,S039,P0131,W14,2025-06-23,2025-07-09,2025-07-15,73,65,5
PO006084,S018,P0243,W11,2026-02-28,2026-03-24,2026-03-23,27,24,3
PO006085,S008,P0271,W07,2025-03-06,2025-03-19,2025-03-18,90,84,3
PO006086,S030,P0231,W05,2025-08-09,2025-08-24,2025-09-04,52,46,4
PO006087,S017,P0333,W14,2026-03-14,2026-04-17,2026-04-15,97,89,5
PO006088,S029,P0063,W02,2025-06-18,2025-06-21,2025-06-20,245,226,8
PO006089,S017,P0109,W12,2025-02-11,2025-03-10,2025-03-09,31,30,1
PO006090,S020,P0253,W04,2025-06-27,2025-07-06,2025-07-05,47,42,4
PO006091,S032,P0160,W13,2026-05-07,2026-06-07,2026-06-05,25,25,0
PO006092,S023,P0360,W14,2025-04-09,2025-04-22,2025-04-22,63,55,5
PO006093,S031,P0250,W08,2025-08-29,2025-09-13,2025-09-13,149,134,11
PO006094,S036,P0394,W08,2025-07-15,2025-08-21,2025-08-20,74,69,2
PO006095,S023,P0281,W03,2026-06-17,2026-06-23,2026-06-22,52,47,5
PO006096,S032,P0302,W07,2026-02-23,2026-03-10,2026-03-10,52,48,2
PO006097,S027,P0232,W06,2026-05-15,2026-06-22,2026-06-22,63,58,5
PO006098,S031,P0371,W01,2026-02-18,2026-03-08,2026-03-09,288,255,24
PO006099,S017,P0019,W15,2025-02-19,2025-03-12,2025-03-10,94,86,7
PO006100,S025,P0135,W04,2025-09-24,2025-10-25,2025-10-25,132,119,9
PO006101,S022,P0099,W06,2025-12-25,2026-01-04,2026-01-03,62,57,2
PO006102,S024,P0099,W12,2025-11-23,2025-12-22,2025-12-23,50,44,4
PO006103,S004,P0329,W04,2026-04-13,2026-04-29,2026-04-29,252,226,23
PO006104,S003,P0399,W05,2026-03-24,2026-04-20,2026-05-01,77,74,2
PO006105,S004,P0321,W14,2025-12-15,2025-12-28,2025-12-27,69,61,7
PO006106,S003,P0030,W09,2025-08-31,2025-09-19,2025-09-17,72,69,1
PO006107,S039,P0375,W05,2026-01-01,2026-01-20,2026-01-18,57,50,5
PO006108,S004,P0056,W05,2026-01-14,2026-02-11,2026-02-11,121,106,12
PO006109,S005,P0077,W02,2026-01-21,2026-02-12,2026-02-12,105,99,2
PO006110,S032,P0272,W10,2025-09-23,2025-10-02,2025-09-30,31,29,1
PO006111,S035,P0388,W02,2025-10-10,2025-10-25,2025-10-25,26,24,2
PO006112,S027,P0030,W15,2026-06-03,2026-07-07,2026-07-05,109,103,6
PO006113,S017,P0068,W03,2025-08-09,2025-08-29,2025-08-28,81,74,4
PO006114,S017,P0150,W10,2026-03-18,2026-04-10,2026-04-10,82,78,2
PO006115,S028,P0385,W12,2025-06-22,2025-07-23,2025-07-21,51,47,3
PO006116,S030,P0302,W11,2026-02-13,2026-03-09,2026-03-07,101,88,8
PO006117,S003,P0086,W12,2025-10-12,2025-11-03,2025-11-04,160,149,7
PO006118,S026,P0061,W06,2026-06-24,2026-07-10,2026-07-09,84,74,8
PO006119,S004,P0041,W06,2025-09-14,2025-09-30,2025-10-01,75,66,8
PO006120,S040,P0271,W05,2025-04-08,2025-04-18,2025-04-18,38,38,0
PO006121,S010,P0364,W05,2025-04-04,2025-05-06,2025-05-06,51,46,5
PO006122,S007,P0192,W04,2025-10-14,2025-11-14,2025-11-13,89,81,7
PO006123,S026,P0240,W11,2025-03-04,2025-03-11,2025-03-20,31,28,3
PO006124,S035,P0117,W11,2025-10-05,2025-10-26,2025-10-25,95,83,12
PO006125,S028,P0351,W11,2026-03-18,2026-04-20,2026-04-18,79,70,6
PO006126,S008,P0322,W03,2025-03-31,2025-04-10,2025-04-08,75,70,5
PO006127,S008,P0105,W07,2025-08-29,2025-09-08,2025-09-06,85,83,2
PO006128,S036,P0305,W05,2025-03-23,2025-04-23,2025-04-23,47,43,3
PO006129,S008,P0203,W13,2026-06-27,2026-07-12,2026-07-12,222,202,12
PO006130,S019,P0052,W13,2026-06-25,2026-07-15,2026-07-14,115,109,6
PO006131,S018,P0161,W11,2025-12-29,2026-01-21,2026-01-19,76,67,7
PO006132,S017,P0089,W14,2026-05-05,2026-05-23,2026-05-22,134,122,8
PO006133,S004,P0223,W02,2025-01-02,2025-01-18,2025-01-30,120,108,11
PO006134,S003,P0321,W07,2026-01-10,2026-02-08,2026-02-06,113,109,2
PO006135,S013,P0136,W15,2025-03-19,2025-04-19,2025-04-17,131,120,6
PO006136,S005,P0241,W11,2025-06-26,2025-07-16,2025-07-15,73,67,3
PO006137,S020,P0018,W05,2025-01-12,2025-01-15,2025-01-13,50,45,4
PO006138,S030,P0167,W12,2026-06-17,2026-07-03,2026-07-04,214,193,16
PO006139,S030,P0291,W03,2025-01-24,2025-02-08,2025-02-06,79,68,8
PO006140,S036,P0181,W04,2026-06-16,2026-07-18,2026-07-18,56,52,2
PO006141,S025,P0051,W15,2025-06-14,2025-07-04,2025-07-02,93,86,7
PO006142,S016,P0313,W01,2026-04-09,2026-04-24,2026-05-06,70,61,8
PO006143,S002,P0056,W09,2025-11-21,2025-12-15,2025-12-14,107,100,6
PO006144,S009,P0305,W07,2025-02-17,2025-03-14,2025-03-13,63,60,3
PO006145,S016,P0035,W02,2025-08-20,2025-09-18,2025-09-18,34,31,2
PO006146,S040,P0163,W06,2025-03-26,2025-04-06,2025-04-05,38,36,1
PO006147,S001,P0101,W12,2025-10-18,2025-11-02,2025-11-02,37,36,1
PO006148,S009,P0291,W11,2025-11-09,2025-11-24,2025-11-23,106,100,5
PO006149,S026,P0169,W15,2025-05-27,2025-06-14,2025-06-25,175,157,18
PO006150,S013,P0076,W05,2025-06-07,2025-07-07,2025-07-05,47,46,1
PO006151,S002,P0253,W06,2026-01-06,2026-02-02,2026-01-31,145,130,10
PO006152,S018,P0359,W04,2026-04-01,2026-04-22,2026-04-21,15,13,1
PO006153,S020,P0061,W02,2025-08-15,2025-09-03,2025-09-02,140,126,10
PO006154,S018,P0362,W08,2026-04-06,2026-05-06,2026-05-06,33,29,3
PO006155,S032,P0145,W10,2026-01-17,2026-02-01,2026-02-01,38,36,1
PO006156,S007,P0158,W05,2025-08-21,2025-09-22,2025-09-22,66,56,7
PO006157,S011,P0391,W12,2025-06-20,2025-07-06,2025-07-06,85,80,2
PO006158,S015,P0352,W12,2025-03-10,2025-03-31,2025-03-31,19,17,2
PO006159,S029,P0217,W04,2025-05-29,2025-06-01,2025-05-31,24,23,0
PO006160,S009,P0275,W08,2025-02-27,2025-03-24,2025-03-22,82,77,1
PO006161,S029,P0252,W01,2025-08-28,2025-09-06,2025-09-06,59,58,1
PO006162,S001,P0393,W15,2025-10-09,2025-10-16,2025-10-16,37,37,0
PO006163,S028,P0385,W01,2025-04-26,2025-05-24,2025-05-22,132,116,11
PO006164,S011,P0196,W13,2026-06-30,2026-07-14,2026-07-12,57,54,1
PO006165,S006,P0097,W10,2026-05-22,2026-05-29,2026-05-27,98,94,1
PO006166,S024,P0196,W01,2025-02-08,2025-03-08,2025-03-08,40,36,3
PO006167,S022,P0112,W04,2025-06-11,2025-06-24,2025-06-23,134,128,6
PO006168,S004,P0257,W03,2026-01-21,2026-02-08,2026-02-11,31,29,1
PO006169,S029,P0382,W06,2025-08-27,2025-08-31,2025-08-30,79,77,2
PO006170,S033,P0374,W01,2026-05-26,2026-06-26,2026-06-26,33,30,2
PO006171,S025,P0275,W15,2025-07-12,2025-08-08,2025-08-06,94,86,4
PO006172,S026,P0294,W06,2025-11-28,2025-12-23,2025-12-21,64,56,6
PO006173,S023,P0060,W04,2026-01-09,2026-01-20,2026-01-27,89,79,6
PO006174,S009,P0286,W06,2025-04-12,2025-05-03,2025-05-04,35,34,1
PO006175,S018,P0341,W11,2025-05-18,2025-06-08,2025-06-08,36,32,3
PO006176,S008,P0143,W15,2025-03-26,2025-04-15,2025-04-13,25,24,1
PO006177,S023,P0046,W12,2026-02-09,2026-02-25,2026-02-25,55,51,4
PO006178,S023,P0199,W06,2025-08-27,2025-09-17,2025-09-15,32,30,2
PO006179,S040,P0392,W11,2026-01-05,2026-01-19,2026-01-17,132,125,2
PO006180,S020,P0259,W04,2025-05-03,2025-05-19,2025-05-18,62,56,6
PO006181,S037,P0067,W10,2025-09-16,2025-10-03,2025-10-01,237,220,9
PO006182,S022,P0192,W10,2025-11-07,2025-11-21,2025-11-20,125,117,4
PO006183,S005,P0128,W08,2025-01-19,2025-02-06,2025-02-05,73,69,1
PO006184,S026,P0139,W06,2025-03-26,2025-04-11,2025-04-22,101,88,9
PO006185,S015,P0082,W10,2026-03-31,2026-04-17,2026-04-18,19,17,2
PO006186,S021,P0275,W06,2025-02-24,2025-03-01,2025-02-27,97,84,10
PO006187,S036,P0216,W12,2026-01-13,2026-02-10,2026-02-08,87,82,5
PO006188,S013,P0129,W05,2025-02-09,2025-03-09,2025-03-08,250,243,4
PO006189,S007,P0303,W10,2026-04-11,2026-05-14,2026-05-17,178,146,24
PO006190,S025,P0014,W15,2025-11-28,2025-12-27,2025-12-25,32,30,1
PO006191,S026,P0003,W10,2025-01-06,2025-01-10,2025-01-19,50,45,4
PO006192,S038,P0197,W10,2026-06-30,2026-07-14,2026-07-14,39,35,3
PO006193,S016,P0280,W06,2026-05-26,2026-06-12,2026-06-11,245,217,17
PO006194,S008,P0262,W05,2026-01-31,2026-02-14,2026-02-19,16,16,0
PO006195,S024,P0154,W11,2025-11-13,2025-12-26,2025-12-26,65,57,6
PO006196,S039,P0132,W05,2025-02-18,2025-03-10,2025-03-10,45,41,2
PO006197,S037,P0144,W06,2026-02-01,2026-02-04,2026-02-02,73,69,2
PO006198,S013,P0191,W03,2025-09-22,2025-10-27,2025-10-27,13,13,0
PO006199,S033,P0113,W13,2025-08-11,2025-09-13,2025-09-12,242,219,19
PO006200,S006,P0058,W08,2026-03-23,2026-03-31,2026-04-07,189,182,3
PO006201,S011,P0184,W09,2026-01-28,2026-02-21,2026-02-19,120,120,0
PO006202,S039,P0220,W14,2025-05-24,2025-06-21,2025-06-19,94,86,4
PO006203,S018,P0262,W12,2025-12-15,2025-12-26,2025-12-24,15,14,1
PO006204,S012,P0363,W13,2025-02-05,2025-03-09,2025-03-08,73,66,5
PO006205,S030,P0121,W12,2025-04-28,2025-05-13,2025-05-20,87,79,6
PO006206,S001,P0255,W14,2026-02-19,2026-02-22,2026-02-21,138,131,6
PO006207,S008,P0036,W08,2025-04-10,2025-04-28,2025-04-28,45,41,2
PO006208,S020,P0058,W12,2025-02-13,2025-02-21,2025-02-19,54,47,5
PO006209,S028,P0115,W01,2025-04-11,2025-05-07,2025-05-05,149,130,12
PO006210,S028,P0255,W14,2026-02-10,2026-03-03,2026-03-01,111,100,6
PO006211,S020,P0044,W11,2025-04-05,2025-04-15,2025-04-13,91,78,10
PO006212,S027,P0275,W01,2025-10-13,2025-11-14,2025-11-12,205,184,20
PO006213,S017,P0159,W11,2025-05-11,2025-06-04,2025-06-04,261,241,14
PO006214,S026,P0068,W10,2026-04-01,2026-04-15,2026-04-14,21,19,1
PO006215,S020,P0362,W12,2025-10-23,2025-11-08,2025-11-07,24,23,1
PO006216,S024,P0002,W05,2025-06-07,2025-07-04,2025-07-04,25,23,1
PO006217,S016,P0097,W04,2025-06-06,2025-06-26,2025-07-04,26,24,2
PO006218,S040,P0285,W04,2025-01-15,2025-01-31,2025-02-10,80,79,1
PO006219,S009,P0114,W06,2026-06-16,2026-07-03,2026-07-03,26,25,1
PO006220,S017,P0328,W15,2025-07-29,2025-08-22,2025-08-22,368,333,19
PO006221,S020,P0126,W09,2025-07-31,2025-08-12,2025-08-20,24,22,2
PO006222,S010,P0377,W08,2025-03-17,2025-04-07,2025-04-05,21,19,1
PO006223,S020,P0125,W06,2026-04-02,2026-04-23,2026-04-21,66,60,5
PO006224,S002,P0390,W06,2026-05-26,2026-06-26,2026-06-26,168,156,10
PO006225,S026,P0271,W14,2026-02-07,2026-02-26,2026-02-24,217,194,19
PO006226,S038,P0316,W13,2025-12-28,2026-01-22,2026-01-20,162,138,16
PO006227,S034,P0280,W09,2025-01-20,2025-01-25,2025-01-23,91,84,6
PO006228,S021,P0090,W08,2026-03-17,2026-03-30,2026-03-29,64,57,6
PO006229,S031,P0124,W08,2026-04-08,2026-05-01,2026-04-29,62,56,3
PO006230,S023,P0143,W15,2026-06-23,2026-07-05,2026-07-03,21,20,1
PO006231,S018,P0259,W14,2026-02-22,2026-03-21,2026-03-21,115,101,13
PO006232,S040,P0124,W04,2025-01-05,2025-01-17,2025-01-16,75,72,1
PO006233,S004,P0106,W01,2025-01-29,2025-02-11,2025-02-10,91,85,6
PO006234,S024,P0044,W10,2026-06-13,2026-07-25,2026-07-24,20,19,1
PO006235,S021,P0026,W12,2025-07-03,2025-07-11,2025-07-10,100,88,11
PO006236,S028,P0084,W06,2025-12-16,2026-01-12,2026-01-12,80,73,5
PO006237,S023,P0084,W07,2025-04-30,2025-05-11,2025-05-10,254,228,22
PO006238,S011,P0007,W06,2025-01-19,2025-02-01,2025-01-30,76,73,1
PO006239,S014,P0291,W02,2025-02-01,2025-02-07,2025-02-05,163,152,10
PO006240,S002,P0140,W14,2025-07-20,2025-08-15,2025-08-14,52,46,4
PO006241,S024,P0218,W04,2025-04-06,2025-05-19,2025-05-26,82,73,6
PO006242,S025,P0252,W08,2025-12-02,2026-01-05,2026-01-05,66,64,2
PO006243,S026,P0136,W15,2026-03-07,2026-03-21,2026-03-20,10,8,1
PO006244,S029,P0067,W05,2026-01-12,2026-01-17,2026-01-15,103,98,1
PO006245,S008,P0324,W14,2026-02-15,2026-03-02,2026-03-01,75,70,3
PO006246,S008,P0394,W10,2025-03-15,2025-04-08,2025-04-06,91,84,4
PO006247,S003,P0324,W14,2025-09-01,2025-09-24,2025-09-22,41,40,1
PO006248,S036,P0087,W13,2025-02-25,2025-03-27,2025-03-31,47,45,1
PO006249,S005,P0258,W02,2025-12-03,2025-12-25,2026-01-03,42,40,0
PO006250,S004,P0005,W13,2026-05-09,2026-05-22,2026-05-20,38,34,4
PO006251,S040,P0353,W15,2026-02-25,2026-03-08,2026-03-06,70,67,0
PO006252,S027,P0108,W06,2025-12-26,2026-01-27,2026-01-27,44,40,2
PO006253,S038,P0330,W03,2026-02-21,2026-03-10,2026-03-08,78,70,7
PO006254,S012,P0162,W09,2025-01-11,2025-02-18,2025-02-18,35,35,0
PO006255,S019,P0380,W12,2025-02-19,2025-03-13,2025-03-11,113,106,5
PO006256,S039,P0235,W12,2025-12-28,2026-01-21,2026-01-21,44,40,3
PO006257,S024,P0055,W11,2025-03-14,2025-04-11,2025-04-16,27,25,2
PO006258,S036,P0298,W14,2026-02-10,2026-03-12,2026-03-10,28,26,1
PO006259,S037,P0031,W05,2025-09-10,2025-09-14,2025-09-14,41,39,2
PO006260,S034,P0016,W01,2025-03-06,2025-03-09,2025-03-09,48,44,2
PO006261,S040,P0175,W08,2026-03-26,2026-04-06,2026-04-05,26,26,0
PO006262,S014,P0169,W13,2026-03-18,2026-03-21,2026-03-19,220,198,20
PO006263,S013,P0153,W02,2026-01-08,2026-01-31,2026-02-07,48,46,1
PO006264,S024,P0163,W02,2025-11-10,2025-12-13,2025-12-12,45,39,4
PO006265,S025,P0256,W13,2025-11-30,2026-01-03,2026-01-02,57,54,2
PO006266,S017,P0256,W06,2025-05-02,2025-05-31,2025-06-11,329,305,14
PO006267,S031,P0272,W13,2025-09-17,2025-10-05,2025-10-04,22,21,1
PO006268,S019,P0379,W08,2025-06-01,2025-06-11,2025-06-11,76,71,5
PO006269,S015,P0054,W07,2025-08-26,2025-09-07,2025-09-07,53,46,5
PO006270,S013,P0346,W14,2025-06-20,2025-07-21,2025-07-21,35,33,1
PO006271,S033,P0392,W07,2025-04-10,2025-05-11,2025-05-10,99,89,7
PO006272,S002,P0193,W13,2025-11-05,2025-12-01,2025-11-30,38,34,3
PO006273,S022,P0158,W12,2025-12-07,2026-01-01,2026-01-03,30,29,1
PO006274,S015,P0022,W14,2025-11-22,2025-12-08,2025-12-07,124,112,12
PO006275,S001,P0318,W02,2025-04-11,2025-04-17,2025-04-16,57,55,1
PO006276,S039,P0121,W09,2025-03-21,2025-04-05,2025-04-04,58,55,3
PO006277,S038,P0321,W02,2025-07-23,2025-08-12,2025-08-24,34,31,2
PO006278,S005,P0287,W11,2026-04-30,2026-05-23,2026-05-22,126,122,3
PO006279,S018,P0193,W15,2025-03-12,2025-04-09,2025-04-09,77,65,9
PO006280,S036,P0330,W09,2026-02-12,2026-03-08,2026-03-08,104,100,1
PO006281,S004,P0133,W10,2026-06-04,2026-06-21,2026-06-19,60,52,6
PO006282,S038,P0105,W09,2025-09-26,2025-10-22,2025-10-22,33,31,2
PO006283,S012,P0338,W08,2025-05-22,2025-06-25,2025-06-24,135,123,8
PO006284,S007,P0008,W12,2025-03-12,2025-04-08,2025-04-06,188,155,25
PO006285,S018,P0156,W06,2025-03-03,2025-03-28,2025-03-27,57,49,6
PO006286,S026,P0132,W08,2025-04-24,2025-05-03,2025-05-04,102,88,13
PO006287,S002,P0350,W08,2025-06-04,2025-07-07,2025-07-06,84,79,5
PO006288,S026,P0199,W04,2025-07-17,2025-08-02,2025-08-01,39,36,2
PO006289,S033,P0134,W15,2025-03-08,2025-04-07,2025-04-06,31,28,2
PO006290,S012,P0042,W10,2025-02-16,2025-03-27,2025-03-27,19,18,0
PO006291,S025,P0252,W12,2025-10-16,2025-11-01,2025-11-01,38,35,2
PO006292,S016,P0349,W02,2025-03-29,2025-04-17,2025-04-15,18,16,1
PO006293,S034,P0395,W14,2025-02-16,2025-02-22,2025-03-06,45,42,2
PO006294,S013,P0129,W09,2026-05-27,2026-06-25,2026-06-23,50,48,0
PO006295,S039,P0189,W15,2026-04-14,2026-05-06,2026-05-04,30,29,1
PO006296,S019,P0014,W07,2026-04-21,2026-05-16,2026-05-16,76,70,3
PO006297,S012,P0111,W14,2026-06-07,2026-07-11,2026-07-11,27,27,0
PO006298,S035,P0156,W04,2026-06-29,2026-07-10,2026-07-10,40,36,4
PO006299,S022,P0299,W14,2026-06-03,2026-06-22,2026-06-21,82,75,4
PO006300,S016,P0246,W02,2025-11-04,2025-11-24,2025-12-05,56,50,4
PO006301,S007,P0208,W09,2025-05-23,2025-06-18,2025-06-17,307,270,31
PO006302,S023,P0320,W13,2025-05-23,2025-05-31,2025-05-30,102,91,10
PO006303,S028,P0140,W15,2025-12-06,2026-01-01,2026-01-01,20,18,1
PO006304,S028,P0188,W14,2026-05-30,2026-06-16,2026-06-19,25,22,2
PO006305,S035,P0358,W10,2025-07-24,2025-08-09,2025-08-07,346,316,23
PO006306,S014,P0246,W07,2025-04-08,2025-04-17,2025-04-16,106,98,6
PO006307,S001,P0053,W14,2026-04-30,2026-05-05,2026-05-05,30,30,0
PO006308,S030,P0289,W11,2025-05-16,2025-05-27,2025-05-25,117,106,11
PO006309,S004,P0173,W12,2026-04-14,2026-04-28,2026-04-26,185,160,19
PO006310,S005,P0189,W12,2026-06-05,2026-06-19,2026-06-17,82,74,5
PO006311,S035,P0357,W15,2026-02-09,2026-02-22,2026-02-22,55,49,6
PO006312,S036,P0184,W13,2025-01-20,2025-02-15,2025-02-15,507,472,34
PO006313,S006,P0281,W03,2025-10-12,2025-10-23,2025-10-23,61,57,2
PO006314,S033,P0112,W10,2025-03-18,2025-04-19,2025-04-17,30,29,1
PO006315,S012,P0307,W10,2026-04-20,2026-05-19,2026-05-19,27,25,1
PO006316,S011,P0206,W15,2025-03-27,2025-04-10,2025-04-10,20,20,0
PO006317,S025,P0283,W10,2025-12-31,2026-01-21,2026-01-20,64,62,2
PO006318,S019,P0272,W05,2025-01-16,2025-02-02,2025-01-31,242,227,9
PO006319,S038,P0228,W01,2025-08-26,2025-09-17,2025-09-15,129,112,12
PO006320,S008,P0189,W05,2025-07-27,2025-08-11,2025-08-10,142,132,6
PO006321,S029,P0051,W09,2025-10-17,2025-10-24,2025-10-24,64,58,3
PO006322,S017,P0061,W15,2026-01-17,2026-02-11,2026-02-10,97,88,5
PO006323,S034,P0051,W13,2025-09-22,2025-10-05,2025-10-03,90,83,7
PO006324,S022,P0340,W14,2026-01-20,2026-02-10,2026-02-09,35,33,1
PO006325,S007,P0063,W04,2025-03-10,2025-04-05,2025-04-04,95,83,11
PO006326,S013,P0104,W09,2025-11-11,2025-12-17,2025-12-15,49,47,1
PO006327,S029,P0218,W14,2025-08-24,2025-09-04,2025-09-07,26,25,1
PO006328,S022,P0296,W01,2026-04-18,2026-04-28,2026-04-28,49,45,3
PO006329,S040,P0327,W13,2026-06-27,2026-07-09,2026-07-08,110,103,5
PO006330,S014,P0241,W15,2025-12-03,2025-12-08,2025-12-18,11,11,0
PO006331,S035,P0331,W06,2025-10-03,2025-10-19,2025-10-18,154,136,18
PO006332,S038,P0003,W13,2026-05-23,2026-06-15,2026-06-13,465,405,42
PO006333,S030,P0195,W12,2025-07-07,2025-07-31,2025-07-29,229,205,15
PO006334,S039,P0077,W01,2026-01-25,2026-02-20,2026-02-20,83,77,2
PO006335,S034,P0391,W11,2025-06-25,2025-07-07,2025-07-06,62,55,4
PO006336,S024,P0190,W11,2025-12-01,2025-12-29,2025-12-28,54,47,5
PO006337,S028,P0395,W15,2025-02-05,2025-03-01,2025-03-01,50,45,3
PO006338,S018,P0123,W09,2025-03-20,2025-04-14,2025-04-13,64,56,5
PO006339,S024,P0034,W08,2025-03-26,2025-05-04,2025-05-03,30,27,2
PO006340,S015,P0175,W08,2025-12-02,2025-12-12,2025-12-18,67,59,7
PO006341,S005,P0089,W06,2026-03-30,2026-04-21,2026-04-21,44,42,1
PO006342,S011,P0059,W07,2026-05-21,2026-06-01,2026-05-31,57,55,0
PO006343,S012,P0219,W11,2025-06-03,2025-07-02,2025-06-30,138,126,7
PO006344,S019,P0082,W14,2025-04-19,2025-04-26,2025-05-08,66,62,4
PO006345,S012,P0315,W09,2025-09-29,2025-11-03,2025-11-03,41,38,2
PO006346,S036,P0233,W12,2026-04-01,2026-04-25,2026-04-23,71,66,4
PO006347,S027,P0133,W12,2026-05-05,2026-05-27,2026-05-27,20,18,1
PO006348,S038,P0231,W07,2025-02-15,2025-03-06,2025-03-12,216,192,21
PO006349,S027,P0133,W03,2025-10-13,2025-11-13,2025-11-11,94,84,9
PO006350,S027,P0091,W12,2025-07-08,2025-08-01,2025-07-31,121,107,12
PO006351,S036,P0358,W01,2026-06-23,2026-07-27,2026-07-26,27,25,1
PO006352,S024,P0120,W14,2025-06-21,2025-07-25,2025-07-24,159,147,11
PO006353,S014,P0136,W01,2025-05-14,2025-05-17,2025-05-17,51,46,3
PO006354,S015,P0247,W14,2026-01-18,2026-02-10,2026-02-14,125,110,13
PO006355,S033,P0388,W03,2025-03-31,2025-04-29,2025-04-29,248,229,18
PO006356,S033,P0164,W13,2025-01-05,2025-02-05,2025-02-04,25,23,1
PO006357,S024,P0005,W04,2025-12-05,2026-01-14,2026-01-12,89,80,5
PO006358,S012,P0246,W05,2025-10-20,2025-11-16,2025-11-27,77,72,3
PO006359,S038,P0079,W05,2025-03-28,2025-04-25,2025-04-27,41,37,3
PO006360,S007,P0009,W04,2025-12-01,2025-12-25,2025-12-23,26,24,2
PO006361,S017,P0048,W02,2025-10-20,2025-11-06,2025-11-14,32,30,1
PO006362,S020,P0035,W13,2025-04-19,2025-05-10,2025-05-08,42,36,5
PO006363,S031,P0191,W15,2025-01-17,2025-02-09,2025-02-18,96,87,7
PO006364,S019,P0288,W02,2026-04-14,2026-05-02,2026-05-02,97,90,4
PO006365,S024,P0263,W10,2026-01-05,2026-02-05,2026-02-05,108,95,9
PO006366,S040,P0232,W08,2025-03-05,2025-03-20,2025-03-18,72,71,0
PO006367,S035,P0199,W04,2025-10-24,2025-11-09,2025-11-09,54,46,6
PO006368,S026,P0029,W13,2026-06-26,2026-07-12,2026-07-11,46,40,4
PO006369,S003,P0300,W08,2026-06-12,2026-06-30,2026-06-30,67,62,3
PO006370,S005,P0331,W12,2025-01-20,2025-02-06,2025-02-06,51,48,2
PO006371,S001,P0198,W05,2025-12-18,2025-12-21,2025-12-19,90,87,0
PO006372,S007,P0016,W15,2025-04-19,2025-05-20,2025-05-18,65,56,7
PO006373,S003,P0103,W14,2026-06-28,2026-07-23,2026-07-22,42,40,1
PO006374,S040,P0229,W13,2025-08-07,2025-08-25,2025-08-23,79,75,1
PO006375,S005,P0391,W05,2025-11-18,2025-11-26,2025-11-25,106,103,1
PO006376,S025,P0341,W08,2025-12-30,2026-01-18,2026-01-17,278,249,18
PO006377,S029,P0246,W14,2025-07-17,2025-07-20,2025-07-18,114,108,6
PO006378,S022,P0018,W08,2025-12-31,2026-01-13,2026-01-11,16,16,0
PO006379,S007,P0055,W11,2025-10-26,2025-11-15,2025-11-14,172,144,23
PO006380,S036,P0071,W12,2025-04-26,2025-05-30,2025-05-28,18,17,1
PO006381,S007,P0333,W04,2025-01-10,2025-02-10,2025-02-09,322,278,38
PO006382,S038,P0110,W09,2025-01-29,2025-02-22,2025-02-20,37,35,2
PO006383,S020,P0204,W08,2025-06-20,2025-06-30,2025-07-02,120,105,12
PO006384,S022,P0020,W09,2025-05-12,2025-05-25,2025-05-25,57,55,2
PO006385,S008,P0397,W08,2025-06-10,2025-06-27,2025-06-25,99,88,7
PO006386,S028,P0249,W13,2026-06-10,2026-07-02,2026-07-02,93,87,4
PO006387,S026,P0192,W06,2025-08-06,2025-08-24,2025-08-22,64,61,3
PO006388,S005,P0395,W12,2026-03-13,2026-04-02,2026-03-31,73,72,1
PO006389,S012,P0008,W09,2026-02-01,2026-03-05,2026-03-04,67,64,1
PO006390,S018,P0362,W07,2025-01-05,2025-01-28,2025-01-28,10,8,1
PO006391,S005,P0369,W08,2025-01-04,2025-01-28,2025-02-05,169,161,5
PO006392,S017,P0166,W02,2026-06-22,2026-07-20,2026-07-19,59,56,2
PO006393,S010,P0260,W05,2025-06-25,2025-07-25,2025-07-24,36,33,3
PO006394,S018,P0008,W05,2026-02-02,2026-02-27,2026-02-27,184,161,18
PO006395,S020,P0281,W03,2025-09-03,2025-09-13,2025-09-12,16,15,1
PO006396,S028,P0265,W04,2025-05-09,2025-06-04,2025-06-03,67,60,4
PO006397,S024,P0399,W11,2025-05-04,2025-06-15,2025-06-13,93,85,8
PO006398,S017,P0153,W12,2025-04-29,2025-05-28,2025-05-28,117,105,9
PO006399,S022,P0033,W15,2025-05-26,2025-06-10,2025-06-10,110,99,6
PO006400,S006,P0197,W14,2025-05-14,2025-05-22,2025-05-22,71,70,1
PO006401,S031,P0284,W12,2026-06-30,2026-07-25,2026-08-02,255,227,19
PO006402,S031,P0328,W11,2026-03-26,2026-04-23,2026-04-27,32,29,2
PO006403,S030,P0114,W03,2025-03-25,2025-04-10,2025-04-17,149,137,8
PO006404,S012,P0024,W12,2025-12-30,2026-02-02,2026-02-02,32,32,0
PO006405,S028,P0337,W11,2026-06-18,2026-07-18,2026-07-30,82,75,6
PO006406,S003,P0236,W05,2026-04-23,2026-05-21,2026-05-19,42,40,0
PO006407,S023,P0176,W10,2026-06-17,2026-07-02,2026-07-08,43,39,3
PO006408,S024,P0024,W06,2025-08-09,2025-09-15,2025-09-13,95,83,9
PO006409,S034,P0043,W09,2026-06-27,2026-06-30,2026-06-28,66,60,4
PO006410,S019,P0392,W01,2025-12-10,2025-12-27,2026-01-06,287,265,13
PO006411,S032,P0095,W10,2026-01-12,2026-02-02,2026-01-31,130,120,8
PO006412,S037,P0204,W11,2025-03-04,2025-03-18,2025-03-16,64,63,1
PO006413,S004,P0166,W15,2025-03-24,2025-04-27,2025-04-25,13,12,1
PO006414,S038,P0050,W11,2026-01-05,2026-01-24,2026-01-24,46,41,3
PO006415,S018,P0005,W10,2026-01-22,2026-02-16,2026-02-14,29,27,2
PO006416,S040,P0018,W09,2025-06-10,2025-06-18,2025-06-16,52,49,1
PO006417,S037,P0331,W05,2025-04-27,2025-04-30,2025-04-28,62,59,2
PO006418,S018,P0092,W09,2026-03-28,2026-04-27,2026-04-26,68,63,5
PO006419,S004,P0288,W13,2025-04-06,2025-04-27,2025-04-26,62,56,6
PO006420,S029,P0066,W07,2026-02-05,2026-02-15,2026-02-13,42,41,1
PO006421,S019,P0363,W09,2026-04-12,2026-05-02,2026-05-01,78,73,3
PO006422,S034,P0031,W09,2025-07-13,2025-07-25,2025-07-23,162,148,9
PO006423,S019,P0296,W12,2026-03-24,2026-04-05,2026-04-04,80,75,3
PO006424,S034,P0395,W10,2025-07-12,2025-07-19,2025-07-17,50,45,4
PO006425,S018,P0229,W10,2025-10-30,2025-11-20,2025-11-20,47,42,4
PO006426,S013,P0014,W14,2026-03-13,2026-04-06,2026-04-05,104,100,3
PO006427,S025,P0040,W02,2026-04-29,2026-05-22,2026-05-21,100,93,5
PO006428,S013,P0192,W11,2025-11-29,2026-01-02,2026-01-06,30,28,1
PO006429,S015,P0234,W11,2025-12-03,2025-12-16,2025-12-14,75,63,10
PO006430,S023,P0374,W15,2026-01-05,2026-01-14,2026-01-24,75,70,3
PO006431,S003,P0188,W09,2026-05-22,2026-06-14,2026-06-14,161,153,2
PO006432,S015,P0136,W03,2025-10-28,2025-11-19,2025-11-17,55,50,5
PO006433,S010,P0313,W10,2025-03-02,2025-03-25,2025-04-02,121,105,12
PO006434,S004,P0167,W10,2025-01-19,2025-02-06,2025-02-06,102,92,8
PO006435,S037,P0136,W12,2026-02-11,2026-02-22,2026-02-21,37,36,1
PO006436,S012,P0228,W05,2026-06-14,2026-07-21,2026-07-19,51,49,2
PO006437,S019,P0025,W05,2025-01-24,2025-01-31,2025-01-30,60,55,3
PO006438,S016,P0339,W10,2025-08-03,2025-08-16,2025-08-21,79,72,6
PO006439,S024,P0257,W10,2026-01-31,2026-03-10,2026-03-17,55,50,5
PO006440,S020,P0330,W12,2026-02-20,2026-03-04,2026-03-04,78,72,6
PO006441,S004,P0035,W10,2025-12-20,2026-01-02,2026-01-01,100,91,9
PO006442,S034,P0287,W15,2025-09-28,2025-10-10,2025-10-08,71,68,3
PO006443,S030,P0176,W01,2025-12-29,2026-01-20,2026-01-18,123,105,13
PO006444,S031,P0271,W01,2025-04-08,2025-04-27,2025-04-27,49,43,4
PO006445,S037,P0247,W11,2025-09-03,2025-09-07,2025-09-11,53,52,1
PO006446,S009,P0292,W13,2026-05-06,2026-05-25,2026-05-24,46,44,2
PO006447,S004,P0245,W04,2025-05-02,2025-05-17,2025-05-17,109,99,9
PO006448,S007,P0324,W14,2026-02-26,2026-04-02,2026-04-05,80,69,9
PO006449,S019,P0238,W04,2025-08-22,2025-09-09,2025-09-17,265,248,14
PO006450,S003,P0176,W11,2026-02-20,2026-03-16,2026-03-15,52,48,2
PO006451,S037,P0373,W08,2025-11-08,2025-11-17,2025-11-17,83,79,3
PO006452,S002,P0088,W04,2026-02-26,2026-04-02,2026-04-01,92,82,6
PO006453,S031,P0045,W04,2025-08-11,2025-08-28,2025-08-27,21,19,1
PO006454,S012,P0045,W05,2026-06-15,2026-07-15,2026-07-24,127,117,5
PO006455,S002,P0151,W03,2025-07-10,2025-08-05,2025-08-05,25,24,1
PO006456,S002,P0399,W12,2025-03-28,2025-04-26,2025-04-25,104,97,6
PO006457,S040,P0349,W02,2025-06-16,2025-06-25,2025-06-24,101,97,0
PO006458,S034,P0229,W14,2025-05-20,2025-05-31,2025-05-30,143,132,8
PO006459,S031,P0034,W03,2025-12-02,2025-12-26,2026-01-02,19,17,1
PO006460,S019,P0034,W14,2026-04-10,2026-04-29,2026-04-27,16,15,0
PO006461,S026,P0216,W03,2026-06-08,2026-07-02,2026-06-30,61,55,6
PO006462,S028,P0205,W12,2025-01-31,2025-02-20,2025-02-18,180,152,19
PO006463,S034,P0373,W03,2026-05-05,2026-05-15,2026-05-15,42,38,2
PO006464,S020,P0301,W01,2025-07-22,2025-07-29,2025-07-29,76,66,7
PO006465,S002,P0294,W05,2025-04-16,2025-05-18,2025-05-16,39,38,1
PO006466,S010,P0113,W02,2025-04-16,2025-05-15,2025-05-22,90,86,4
PO006467,S027,P0015,W09,2026-05-21,2026-06-02,2026-06-02,248,224,20
PO006468,S018,P0243,W10,2025-05-14,2025-06-06,2025-06-06,87,78,7
PO006469,S030,P0361,W14,2025-04-27,2025-05-14,2025-05-14,69,59,8
PO006470,S014,P0316,W10,2025-02-09,2025-02-20,2025-02-22,28,27,1
PO006471,S023,P0355,W05,2025-05-04,2025-05-22,2025-05-21,67,61,5
PO006472,S017,P0014,W03,2025-05-30,2025-06-19,2025-06-19,71,65,3
PO006473,S026,P0107,W05,2026-01-04,2026-01-09,2026-01-08,30,27,3
PO006474,S005,P0172,W08,2025-01-09,2025-01-25,2025-01-28,221,206,5
PO006475,S039,P0032,W05,2025-09-17,2025-10-06,2025-10-05,120,110,6
PO006476,S008,P0070,W11,2025-05-26,2025-06-08,2025-06-06,40,38,2
PO006477,S025,P0224,W04,2025-11-04,2025-11-24,2025-11-22,85,81,4
PO006478,S040,P0061,W13,2025-03-31,2025-04-04,2025-04-07,29,27,1
PO006479,S016,P0197,W09,2026-04-06,2026-04-24,2026-05-04,85,76,6
PO006480,S030,P0304,W04,2025-03-15,2025-03-29,2025-03-27,37,33,3
PO006481,S018,P0011,W04,2026-01-12,2026-01-31,2026-01-30,414,353,54
PO006482,S032,P0220,W13,2026-05-18,2026-06-02,2026-06-02,52,50,1
PO006483,S024,P0150,W06,2025-09-03,2025-10-07,2025-10-06,152,136,11
PO006484,S001,P0029,W07,2025-01-14,2025-01-17,2025-01-29,50,49,0
PO006485,S023,P0088,W09,2026-02-24,2026-03-12,2026-03-10,20,18,2
PO006486,S004,P0233,W14,2025-06-22,2025-07-08,2025-07-06,48,42,5
PO006487,S019,P0057,W08,2025-09-04,2025-09-21,2025-09-21,127,117,7
PO006488,S001,P0284,W03,2025-09-03,2025-09-07,2025-09-18,51,51,0
PO006489,S024,P0302,W02,2026-03-05,2026-04-16,2026-04-20,75,66,7
PO006490,S026,P0240,W11,2025-02-15,2025-02-28,2025-02-27,138,125,11
PO006491,S029,P0357,W01,2025-12-23,2025-12-26,2026-01-03,82,76,2
PO006492,S033,P0075,W04,2025-05-24,2025-06-19,2025-06-17,80,70,7
PO006493,S015,P0259,W12,2026-01-31,2026-02-19,2026-02-17,86,74,9
PO006494,S009,P0219,W15,2025-01-03,2025-01-24,2025-01-24,68,65,3
PO006495,S017,P0400,W07,2025-03-20,2025-04-05,2025-04-04,141,131,6
PO006496,S012,P0103,W10,2026-03-01,2026-04-07,2026-04-05,82,78,3
PO006497,S005,P0180,W11,2026-01-31,2026-02-22,2026-02-21,46,42,2
PO006498,S021,P0123,W02,2026-05-05,2026-05-21,2026-05-20,64,58,4
PO006499,S023,P0240,W03,2025-04-08,2025-04-20,2025-04-20,64,56,5
PO006500,S006,P0377,W06,2025-09-24,2025-09-30,2025-09-30,104,97,5
PO006501,S020,P0367,W10,2026-06-07,2026-06-25,,206,180,21
PO006502,S010,P0361,W07,2025-09-27,2025-10-24,2025-10-22,14,12,1
PO006503,S023,P0135,W02,2025-04-29,2025-05-18,2025-05-17,29,27,1
PO006504,S019,P0224,W03,2025-05-26,2025-06-15,2025-06-15,14,13,0
PO006505,S022,P0203,W03,2025-01-31,2025-02-21,2025-02-23,54,50,3
PO006506,S023,P0019,W05,2025-05-09,2025-05-22,2025-05-22,32,29,2
PO006507,S030,P0204,W11,2026-04-24,2026-05-07,2026-05-17,119,103,12
PO006508,S035,P0281,W11,2026-04-08,2026-04-23,2026-04-22,84,75,9
PO006509,S038,P0395,W08,2026-01-29,2026-02-10,2026-02-10,36,34,2
PO006510,S023,P0230,W11,2025-04-04,2025-04-16,2025-04-16,160,141,12
PO006511,S019,P0044,W11,2025-09-20,2025-10-03,2025-10-02,18,17,1
PO006512,S005,P0041,W06,2025-12-17,2025-12-31,2025-12-29,186,179,0
PO006513,S038,P0012,W02,2025-09-10,2025-09-29,2025-09-29,61,55,5
PO006514,S015,P0011,W05,2025-10-11,2025-10-28,2025-10-28,50,42,6
PO006515,S002,P0072,W07,2026-05-26,2026-06-26,2026-06-25,39,35,3
PO006516,S030,P0337,W09,2026-02-17,2026-03-06,2026-03-05,68,61,6
PO006517,S027,P0162,W01,2026-03-04,2026-04-04,2026-04-06,86,75,7
PO006518,S013,P0059,W01,2026-05-17,2026-06-16,2026-06-14,129,121,4
PO006519,S034,P0273,W10,2026-01-05,2026-01-24,2026-01-22,115,103,10
PO006520,S027,P0116,W13,2025-04-14,2025-05-25,2025-05-25,36,32,3
PO006521,S005,P0317,W02,2025-09-02,2025-09-15,2025-09-14,26,25,1
PO006522,S025,P0109,W13,2025-10-10,2025-11-02,2025-11-14,53,50,1
PO006523,S003,P0304,W09,2026-01-15,2026-02-08,2026-02-06,84,81,3
PO006524,S021,P0398,W06,2025-11-19,2025-12-02,2025-12-01,24,22,2
PO006525,S009,P0029,W08,2025-07-03,2025-07-23,2025-07-21,35,33,1
PO006526,S011,P0195,W09,2025-06-08,2025-06-29,2025-06-28,72,68,1
PO006527,S029,P0171,W11,2025-12-21,2025-12-31,2026-01-02,99,97,2
PO006528,S030,P0094,W12,2025-06-26,2025-07-18,2025-07-18,76,69,6
PO006529,S023,P0274,W09,2026-06-18,2026-07-07,2026-07-07,132,114,12
PO006530,S035,P0018,W10,2025-04-24,2025-05-03,2025-05-02,65,57,7
PO006531,S012,P0400,W11,2025-02-07,2025-03-11,2025-03-09,49,47,1
PO006532,S016,P0278,W06,2025-11-06,2025-11-27,2025-11-27,28,25,2
PO006533,S021,P0292,W09,2025-04-08,2025-04-24,2025-05-02,55,48,5
PO006534,S015,P0093,W01,2025-05-27,2025-06-09,2025-06-09,109,92,14
PO006535,S017,P0338,W11,2025-07-23,2025-08-09,2025-08-08,72,67,4
PO006536,S001,P0157,W05,2026-06-10,2026-06-21,2026-06-19,180,169,5
PO006537,S020,P0240,W03,2025-12-23,2025-12-26,2025-12-25,149,138,10
PO006538,S011,P0072,W10,2025-08-04,2025-08-12,2025-08-12,43,43,0
PO006539,S022,P0181,W03,2026-05-04,2026-05-08,2026-05-06,40,37,1
PO006540,S015,P0011,W15,2025-08-01,2025-08-17,2025-08-17,42,36,4
PO006541,S009,P0132,W02,2025-07-24,2025-08-09,2025-08-07,84,77,4
PO006542,S025,P0259,W05,2026-03-07,2026-03-22,2026-03-21,74,67,4
PO006543,S037,P0237,W03,2025-03-16,2025-03-19,2025-03-19,28,28,0
PO006544,S025,P0010,W12,2025-08-10,2025-08-25,2025-08-24,220,204,15
PO006545,S040,P0026,W13,2025-02-04,2025-02-12,2025-02-12,45,43,1
PO006546,S005,P0250,W01,2025-07-10,2025-07-20,2025-07-20,62,57,2
PO006547,S003,P0294,W10,2025-07-02,2025-07-29,2025-07-31,121,110,5
PO006548,S005,P0282,W14,2025-11-02,2025-11-25,2025-11-25,27,26,0
PO006549,S020,P0084,W14,2025-01-20,2025-01-28,2025-01-26,212,186,20
PO006550,S029,P0375,W14,2025-05-28,2025-06-06,2025-06-05,85,81,3
PO006551,S018,P0261,W05,2025-06-17,2025-07-09,2025-07-08,130,111,15
PO006552,S040,P0245,W13,2025-12-27,2026-01-05,2026-01-17,72,69,0
PO006553,S001,P0380,W02,2026-01-09,2026-01-12,2026-01-12,40,38,0
PO006554,S016,P0305,W02,2025-09-25,2025-10-13,2025-10-13,35,33,1
PO006555,S001,P0185,W15,2025-12-17,2025-12-20,2025-12-18,81,78,3
PO006556,S010,P0365,W08,2025-03-19,2025-04-10,2025-04-16,18,17,1
PO006557,S033,P0206,W01,2025-03-03,2025-04-07,2025-04-05,122,114,7
PO006558,S015,P0246,W10,2025-09-09,2025-09-29,2025-10-02,100,84,11
PO006559,S024,P0244,W10,2025-04-21,2025-05-23,2025-05-23,145,133,9
PO006560,S010,P0115,W03,2026-04-24,2026-05-31,2026-05-29,58,52,4
PO006561,S001,P0342,W12,2025-03-31,2025-04-03,2025-04-02,47,45,0
PO006562,S033,P0348,W02,2026-02-06,2026-03-16,2026-03-14,56,51,4
PO006563,S004,P0108,W15,2025-08-08,2025-08-23,2025-08-23,215,183,27
PO006564,S029,P0350,W04,2026-05-07,2026-05-19,2026-05-17,41,38,1
PO006565,S032,P0232,W10,2026-04-05,2026-05-02,2026-04-30,34,32,1
PO006566,S037,P0141,W09,2025-12-15,2025-12-28,2025-12-27,125,123,2
PO006567,S008,P0225,W09,2026-04-15,2026-04-29,2026-04-28,27,26,1
PO006568,S019,P0220,W03,2025-01-31,2025-02-16,2025-02-14,73,66,4
PO006569,S009,P0072,W10,2025-03-11,2025-04-01,2025-03-31,104,96,4
PO006570,S035,P0021,W03,2025-09-05,2025-09-08,2025-09-08,28,25,2
PO006571,S006,P0008,W03,2025-01-20,2025-02-05,2025-02-04,151,142,6
PO006572,S005,P0369,W13,2025-06-18,2025-07-08,2025-07-08,68,66,1
PO006573,S002,P0056,W08,2025-07-25,2025-08-21,2025-08-20,187,175,11
PO006574,S016,P0282,W10,2025-11-09,2025-11-23,2025-11-23,69,64,4
PO006575,S010,P0011,W03,2025-04-12,2025-05-10,2025-05-08,90,80,7
PO006576,S001,P0199,W06,2025-06-15,2025-06-21,2025-06-19,53,53,0
PO006577,S018,P0087,W15,2025-07-29,2025-08-20,2025-08-18,39,36,3
PO006578,S007,P0076,W13,2025-09-16,2025-10-24,2025-10-23,195,168,22
PO006579,S037,P0246,W10,2025-02-03,2025-02-15,2025-02-13,74,69,2
PO006580,S030,P0055,W11,2026-02-26,2026-03-05,2026-03-05,121,110,11
PO006581,S029,P0232,W09,2025-11-10,2025-11-13,2025-11-20,131,126,4
PO006582,S017,P0343,W06,2025-05-22,2025-06-18,2025-06-18,63,59,2
PO006583,S018,P0193,W15,2025-03-08,2025-03-29,2025-03-27,141,120,17
PO006584,S036,P0092,W04,2026-02-05,2026-03-08,2026-03-15,168,159,6
PO006585,S037,P0211,W08,2025-09-02,2025-09-10,2025-09-09,29,29,0
PO006586,S002,P0198,W06,2025-05-07,2025-05-29,2025-05-29,96,88,6
PO006587,S031,P0187,W07,2025-09-13,2025-09-29,2025-09-28,13,12,1
PO006588,S037,P0369,W07,2026-05-09,2026-05-20,2026-05-18,184,175,5
PO006589,S028,P0049,W13,2026-04-08,2026-04-23,2026-04-22,29,26,2
PO006590,S020,P0381,W05,2026-04-04,2026-04-12,2026-04-19,39,36,3
PO006591,S020,P0051,W06,2025-11-07,2025-11-20,2025-11-18,61,55,5
PO006592,S004,P0264,W09,2025-06-20,2025-07-06,2025-07-06,27,25,2
PO006593,S014,P0212,W13,2025-01-05,2025-01-10,2025-01-20,41,39,2
PO006594,S023,P0087,W11,2026-04-18,2026-05-04,2026-05-07,31,29,2
PO006595,S013,P0131,W11,2025-10-25,2025-11-15,2025-11-13,48,45,1
PO006596,S013,P0174,W05,2026-02-09,2026-03-06,2026-03-05,57,55,1
PO006597,S025,P0228,W14,2025-04-04,2025-04-20,2025-04-19,69,62,5
PO006598,S034,P0071,W12,2026-05-05,2026-05-15,2026-05-14,68,64,2
PO006599,S006,P0164,W13,2025-07-13,2025-07-24,2025-07-25,48,46,2
PO006600,S003,P0162,W10,2025-08-12,2025-09-01,2025-09-01,80,78,0
PO006601,S025,P0282,W09,2026-05-05,2026-06-07,2026-06-05,61,56,3
PO006602,S035,P0229,W08,2026-04-23,2026-05-04,2026-05-04,60,52,7
PO006603,S037,P0212,W01,2025-09-17,2025-09-30,2025-09-28,116,111,3
PO006604,S001,P0028,W06,2026-01-04,2026-01-09,2026-01-16,60,58,0
PO006605,S036,P0235,W08,2025-01-22,2025-03-07,2025-03-05,166,157,9
PO006606,S034,P0099,W13,2025-07-03,2025-07-08,2025-07-07,22,20,1
PO006607,S006,P0068,W06,2025-03-13,2025-03-27,2025-03-26,31,29,1
PO006608,S007,P0365,W07,2026-03-10,2026-04-24,2026-04-24,107,90,14
PO006609,S005,P0276,W12,2025-06-02,2025-06-22,2025-06-22,111,106,4
PO006610,S018,P0027,W15,2025-09-18,2025-10-05,2025-10-04,88,80,8
PO006611,S025,P0246,W10,2025-06-06,2025-07-02,2025-07-02,38,36,1
PO006612,S013,P0143,W05,2026-04-23,2026-05-27,2026-05-25,76,75,1
PO006613,S013,P0235,W14,2025-01-18,2025-02-15,2025-02-15,82,74,4
PO006614,S010,P0225,W05,2026-02-15,2026-03-10,2026-03-10,93,87,6
PO006615,S015,P0360,W15,2025-07-23,2025-08-19,2025-08-19,35,32,2
PO006616,S003,P0324,W03,2025-12-06,2025-12-25,2025-12-25,40,38,1
PO006617,S024,P0082,W06,2026-03-26,2026-04-26,2026-04-26,54,50,3
PO006618,S011,P0021,W12,2026-05-19,2026-06-01,2026-05-30,114,114,0
PO006619,S015,P0023,W11,2026-06-27,2026-07-18,2026-07-17,60,53,6
PO006620,S023,P0096,W08,2025-05-23,2025-05-30,2025-05-29,107,90,12
PO006621,S021,P0308,W07,2025-05-31,2025-06-15,2025-06-13,43,37,5
PO006622,S028,P0262,W11,2025-04-20,2025-05-14,2025-05-12,50,45,3
PO006623,S020,P0063,W11,2026-05-16,2026-05-23,2026-05-22,162,148,13
PO006624,S031,P0061,W02,2025-07-03,2025-07-25,2025-07-25,142,129,13
PO006625,S020,P0349,W07,2025-07-01,2025-07-13,2025-07-11,26,23,2
PO006626,S024,P0039,W05,2025-12-29,2026-01-29,2026-01-27,73,67,5
PO006627,S035,P0018,W13,2025-07-06,2025-07-26,2025-07-26,43,38,5
PO006628,S025,P0337,W10,2025-06-14,2025-07-06,2025-07-04,71,65,5
PO006629,S037,P0022,W09,2026-01-18,2026-01-26,2026-01-25,36,35,1
PO006630,S037,P0338,W02,2025-02-14,2025-02-17,2025-02-17,16,16,0
PO006631,S010,P0193,W09,2025-06-22,2025-07-21,2025-07-19,64,58,6
PO006632,S005,P0212,W13,2025-07-23,2025-08-04,2025-08-04,57,54,1
PO006633,S025,P0212,W09,2025-04-16,2025-05-09,2025-05-08,52,51,1
PO006634,S012,P0219,W09,2025-02-04,2025-03-12,2025-03-12,63,60,3
PO006635,S007,P0119,W11,2025-05-03,2025-06-04,2025-06-02,58,50,7
PO006636,S028,P0013,W09,2025-07-16,2025-08-11,2025-08-10,86,79,7
PO006637,S016,P0035,W12,2025-02-06,2025-02-15,2025-02-21,24,22,2
PO006638,S030,P0044,W13,2025-04-01,2025-04-19,2025-04-26,61,56,4
PO006639,S004,P0047,W08,2025-06-24,2025-07-20,2025-07-19,103,93,8
PO006640,S031,P0021,W03,2026-01-22,2026-02-05,2026-02-04,82,76,5
PO006641,S033,P0022,W08,2025-01-03,2025-02-10,2025-02-08,54,48,4
PO006642,S034,P0152,W10,2025-03-03,2025-03-06,2025-03-05,34,32,2
PO006643,S012,P0341,W12,2025-01-18,2025-02-25,2025-02-24,81,78,2
PO006644,S037,P0241,W12,2025-12-30,2026-01-05,2026-01-12,168,158,2
PO006645,S035,P0166,W13,2025-06-28,2025-07-05,2025-07-04,36,33,2
PO006646,S029,P0278,W04,2025-01-05,2025-01-10,2025-01-09,40,38,0
PO006647,S026,P0392,W02,2025-08-26,2025-09-10,2025-09-10,21,18,2
PO006648,S033,P0367,W06,2025-08-24,2025-09-21,2025-09-19,41,37,2
PO006649,S022,P0279,W07,2025-09-23,2025-10-09,2025-10-08,118,108,5
PO006650,S023,P0087,W09,2025-01-10,2025-01-18,2025-01-16,177,164,13
PO006651,S034,P0208,W11,2026-01-17,2026-01-29,2026-01-28,44,40,2
PO006652,S003,P0275,W12,2025-04-07,2025-05-02,2025-05-02,92,87,4
PO006653,S002,P0336,W03,2025-05-11,2025-06-01,2025-05-31,22,21,1
PO006654,S030,P0102,W03,2026-04-20,2026-05-11,2026-05-14,66,59,4
PO006655,S008,P0225,W11,2026-01-23,2026-01-30,2026-01-30,50,48,2
PO006656,S015,P0349,W09,2025-02-16,2025-03-02,2025-03-02,127,110,16
PO006657,S007,P0296,W07,2025-02-28,2025-03-26,2025-03-25,182,156,22
PO006658,S029,P0193,W02,2025-09-18,2025-09-25,2025-09-24,213,192,11
PO006659,S033,P0365,W12,2025-06-02,2025-07-10,2025-07-09,57,51,4
PO006660,S018,P0296,W12,2025-08-19,2025-09-11,2025-09-10,160,146,13
PO006661,S034,P0306,W15,2025-07-10,2025-07-16,2025-07-15,66,62,3
PO006662,S004,P0369,W03,2025-04-17,2025-05-07,2025-05-16,46,40,4
PO006663,S012,P0206,W04,2025-11-30,2025-12-29,2025-12-27,65,60,4
PO006664,S039,P0201,W09,2026-02-03,2026-02-22,2026-02-27,55,52,2
PO006665,S030,P0037,W10,2025-04-25,2025-05-08,2025-05-09,78,70,6
PO006666,S022,P0146,W06,2025-11-05,2025-11-21,2025-11-21,40,37,2
PO006667,S004,P0177,W01,2025-05-26,2025-06-12,2025-06-12,33,29,3
PO006668,S014,P0008,W02,2026-04-07,2026-04-17,2026-04-17,22,21,0
PO006669,S011,P0230,W08,2026-04-07,2026-04-26,2026-04-24,52,51,0
PO006670,S023,P0219,W03,2026-05-29,2026-06-18,2026-06-16,111,104,6
PO006671,S034,P0095,W02,2026-03-08,2026-03-17,2026-03-15,31,30,1
PO006672,S028,P0177,W13,2025-11-04,2025-11-19,2025-11-17,87,76,7
PO006673,S011,P0314,W15,2026-01-20,2026-02-11,2026-02-11,38,38,0
PO006674,S024,P0386,W13,2025-05-07,2025-06-13,2025-06-13,40,37,2
PO006675,S039,P0041,W15,2025-06-09,2025-07-05,2025-07-03,54,49,3
PO006676,S031,P0231,W01,2025-08-23,2025-09-07,2025-09-09,234,214,13
PO006677,S026,P0153,W12,2025-05-28,2025-06-17,2025-06-17,38,34,3
PO006678,S007,P0302,W10,2026-05-08,2026-06-01,2026-05-31,53,46,6
PO006679,S035,P0293,W10,2026-06-10,2026-06-21,2026-06-19,245,209,26
PO006680,S016,P0105,W15,2026-03-11,2026-03-26,2026-03-26,10,8,1
PO006681,S013,P0007,W03,2025-10-11,2025-11-05,2025-11-03,100,93,5
PO006682,S007,P0338,W12,2025-06-17,2025-07-23,2025-07-23,44,39,3
PO006683,S018,P0233,W09,2026-02-26,2026-03-19,2026-03-19,153,135,17
PO006684,S036,P0112,W11,2025-10-04,2025-11-03,2025-11-02,232,220,11
PO006685,S040,P0108,W03,2026-01-26,2026-02-02,2026-02-07,46,44,0
PO006686,S014,P0309,W08,2026-05-27,2026-06-07,2026-06-18,53,49,3
PO006687,S014,P0271,W13,2025-10-20,2025-11-04,2025-11-03,35,32,2
PO006688,S002,P0161,W01,2025-11-19,2025-12-19,2025-12-17,104,95,4
PO006689,S034,P0053,W06,2025-06-14,2025-06-25,2025-06-23,73,69,3
PO006690,S006,P0166,W06,2026-02-28,2026-03-03,2026-03-03,90,86,3
PO006691,S009,P0021,W12,2026-01-30,2026-02-28,2026-02-26,58,55,3
PO006692,S026,P0323,W03,2025-02-22,2025-03-11,2025-03-10,47,41,4
PO006693,S032,P0345,W02,2025-09-09,2025-09-20,2025-09-19,60,56,2
PO006694,S040,P0337,W01,2026-05-03,2026-05-06,2026-05-06,60,58,1
PO006695,S027,P0338,W09,2025-01-25,2025-02-26,2025-02-26,77,70,7
PO006696,S037,P0027,W04,2026-04-07,2026-04-19,2026-04-19,222,205,10
PO006697,S021,P0282,W13,2025-09-23,2025-09-27,2025-09-25,30,26,3
PO006698,S034,P0144,W04,2025-07-25,2025-08-07,2025-08-07,26,25,1
PO006699,S004,P0034,W10,2026-05-03,2026-05-18,2026-05-16,54,49,5
PO006700,S007,P0121,W11,2025-01-03,2025-02-09,2025-02-07,141,117,17
PO006701,S003,P0391,W02,2026-04-18,2026-05-14,2026-05-12,174,161,6
PO006702,S007,P0335,W08,2026-02-07,2026-03-07,2026-03-05,56,48,7
PO006703,S032,P0144,W09,2025-05-04,2025-05-13,2025-05-11,21,20,0
PO006704,S021,P0358,W05,2025-02-19,2025-02-24,2025-02-24,82,68,10
PO006705,S017,P0116,W07,2025-01-16,2025-02-15,2025-02-13,65,58,4
PO006706,S023,P0365,W12,2026-04-08,2026-04-21,2026-04-19,66,60,4
PO006707,S029,P0391,W01,2026-04-19,2026-04-26,2026-04-25,48,47,1
PO006708,S022,P0358,W02,2026-06-08,2026-06-27,2026-06-27,59,56,3
PO006709,S001,P0194,W11,2026-06-30,2026-07-04,2026-07-03,91,88,0
PO006710,S018,P0363,W04,2026-02-19,2026-03-20,2026-03-20,24,22,2
PO006711,S013,P0239,W11,2025-09-29,2025-10-25,2025-10-25,29,29,0
PO006712,S038,P0347,W11,2025-06-29,2025-07-18,2025-07-16,31,29,2
PO006713,S011,P0242,W12,2025-12-12,2025-12-19,2025-12-19,21,20,0
PO006714,S030,P0181,W11,2026-03-09,2026-03-26,2026-04-04,39,37,2
PO006715,S016,P0268,W07,2025-10-18,2025-11-11,2025-11-11,34,32,2
PO006716,S005,P0001,W15,2026-01-06,2026-01-23,2026-01-21,69,67,2
PO006717,S016,P0336,W07,2025-08-12,2025-08-30,2025-08-30,179,166,12
PO006718,S014,P0341,W03,2025-09-03,2025-09-08,2025-09-06,71,66,5
PO006719,S035,P0232,W11,2025-06-14,2025-06-29,2025-06-29,37,33,3
PO006720,S029,P0109,W13,2026-05-18,2026-05-26,2026-05-24,221,212,0
PO006721,S025,P0256,W03,2025-02-05,2025-02-12,2025-02-12,365,334,14
PO006722,S016,P0342,W12,2025-02-15,2025-03-02,2025-03-02,104,91,9
PO006723,S010,P0143,W12,2025-05-24,2025-06-15,2025-06-13,78,71,7
PO006724,S020,P0049,W09,2025-07-31,2025-08-10,2025-08-08,37,33,3
PO006725,S018,P0192,W01,2026-04-05,2026-04-27,2026-04-30,45,40,5
PO006726,S024,P0227,W15,2025-07-06,2025-08-02,2025-08-04,64,59,5
PO006727,S013,P0187,W09,2025-04-21,2025-05-24,2025-05-24,94,92,2
PO006728,S037,P0101,W10,2026-01-18,2026-01-27,2026-02-03,59,56,1
PO006729,S037,P0120,W13,2025-02-02,2025-02-13,2025-02-11,105,97,4
PO006730,S023,P0220,W07,2026-01-16,2026-02-01,2026-02-11,77,70,7
PO006731,S020,P0056,W13,2026-01-23,2026-02-06,2026-02-06,61,53,6
PO006732,S037,P0038,W05,2026-05-26,2026-06-07,2026-06-17,74,74,0
PO006733,S009,P0306,W15,2025-12-14,2026-01-13,2026-01-12,117,108,6
PO006734,S003,P0077,W13,2025-04-03,2025-04-27,2025-04-25,612,552,36
PO006735,S037,P0049,W06,2025-04-16,2025-04-27,2025-04-26,115,110,2
PO006736,S023,P0386,W08,2025-01-10,2025-01-26,2025-02-05,37,33,3
PO006737,S029,P0237,W14,2025-12-01,2025-12-09,2025-12-09,72,69,3
PO006738,S019,P0327,W01,2026-01-14,2026-02-04,2026-02-03,261,243,17
PO006739,S031,P0296,W08,2025-04-26,2025-05-12,2025-05-10,62,58,4
PO006740,S015,P0388,W02,2025-04-17,2025-05-02,2025-05-01,53,46,6
PO006741,S004,P0320,W14,2026-01-12,2026-02-15,2026-02-14,119,105,11
PO006742,S019,P0098,W06,2025-06-01,2025-06-24,2025-06-22,76,67,6
PO006743,S003,P0393,W04,2025-08-15,2025-09-05,2025-09-05,26,25,1
PO006744,S039,P0147,W02,2025-08-04,2025-08-27,2025-08-25,73,70,1
PO006745,S040,P0217,W01,2025-02-05,2025-02-13,2025-02-13,32,32,0
PO006746,S003,P0067,W13,2025-10-31,2025-11-21,2025-11-20,90,86,3
PO006747,S036,P0233,W10,2026-03-08,2026-04-08,2026-04-07,116,103,8
PO006748,S025,P0308,W05,2025-04-04,2025-04-14,2025-04-13,78,74,4
PO006749,S034,P0219,W06,2025-06-11,2025-06-22,2025-06-20,51,48,2
PO006750,S036,P0342,W08,2025-11-24,2025-12-19,2025-12-22,73,68,3
PO006751,S030,P0023,W09,2025-05-02,2025-05-22,2025-05-21,67,60,6
PO006752,S010,P0034,W07,2026-03-27,2026-04-17,2026-04-18,25,22,2
PO006753,S010,P0055,W03,2025-11-03,2025-11-22,2025-11-21,32,30,2
PO006754,S011,P0285,W09,2025-11-26,2025-12-12,2025-12-24,60,59,0
PO006755,S020,P0183,W03,2025-01-24,2025-01-31,2025-01-29,130,115,14
PO006756,S017,P0271,W06,2025-12-12,2026-01-04,2026-01-02,123,114,9
PO006757,S022,P0332,W11,2025-08-18,2025-09-02,2025-09-02,176,167,9
PO006758,S023,P0044,W09,2025-07-29,2025-08-12,2025-08-10,40,35,3
PO006759,S018,P0233,W07,2025-09-16,2025-10-08,2025-10-07,36,31,4
PO006760,S002,P0089,W01,2025-09-30,2025-10-20,2025-10-20,55,49,5
PO006761,S029,P0179,W14,2025-11-24,2025-12-03,2025-12-08,77,70,4
PO006762,S009,P0150,W12,2025-12-03,2025-12-22,2025-12-20,29,28,1
PO006763,S009,P0098,W01,2025-02-23,2025-03-21,2025-03-30,41,38,2
PO006764,S035,P0028,W12,2025-07-04,2025-07-22,2025-07-21,88,79,8
PO006765,S019,P0296,W07,2025-02-27,2025-03-17,2025-03-17,70,65,3
PO006766,S021,P0323,W13,2026-06-08,2026-06-25,2026-06-25,64,59,4
PO006767,S028,P0328,W02,2026-06-02,2026-06-29,2026-06-27,73,65,5
PO006768,S021,P0149,W08,2026-06-04,2026-06-12,2026-06-10,75,66,7
PO006769,S034,P0107,W14,2026-03-23,2026-04-11,2026-04-11,34,33,1
PO006770,S025,P0163,W10,2025-10-09,2025-11-05,2025-11-03,55,49,4
PO006771,S011,P0315,W07,2025-11-06,2025-11-26,2025-12-06,22,21,0
PO006772,S009,P0158,W09,2025-07-09,2025-07-20,2025-07-18,47,44,2
PO006773,S013,P0015,W04,2025-07-31,2025-08-26,2025-08-26,37,36,0
PO006774,S014,P0139,W09,2026-03-30,2026-04-06,2026-04-04,72,64,7
PO006775,S007,P0381,W12,2026-05-05,2026-06-03,2026-06-01,24,22,2
PO006776,S033,P0050,W11,2025-09-07,2025-10-07,2025-10-05,141,128,9
PO006777,S019,P0130,W06,2026-06-22,2026-07-12,2026-07-10,29,27,1
PO006778,S019,P0012,W02,2025-09-17,2025-10-06,2025-10-05,57,52,4
PO006779,S022,P0305,W04,2026-03-08,2026-03-28,2026-03-27,113,102,6
PO006780,S004,P0052,W14,2025-05-30,2025-06-25,2025-06-24,249,223,24
PO006781,S025,P0272,W07,2025-09-19,2025-10-11,2025-10-10,70,64,4
PO006782,S018,P0125,W09,2025-10-21,2025-11-18,2025-11-18,40,35,3
PO006783,S017,P0100,W13,2025-02-07,2025-03-02,2025-02-28,69,65,2
PO006784,S037,P0277,W13,2026-02-02,2026-02-15,2026-02-13,50,46,2
PO006785,S008,P0265,W11,2025-07-07,2025-07-27,2025-07-27,37,35,1
PO006786,S013,P0049,W09,2026-06-18,2026-07-25,2026-07-24,64,63,1
PO006787,S030,P0395,W03,2025-11-05,2025-11-18,2025-11-17,34,31,3
PO006788,S023,P0139,W11,2025-05-15,2025-05-29,2025-05-27,61,55,4
PO006789,S004,P0144,W09,2025-07-17,2025-08-07,2025-08-06,112,98,12
PO006790,S040,P0235,W12,2025-01-11,2025-01-21,2025-01-19,33,31,1
PO006791,S027,P0195,W09,2026-03-27,2026-04-20,2026-04-19,70,63,7
PO006792,S004,P0325,W02,2025-10-06,2025-10-29,2025-10-28,66,56,8
PO006793,S011,P0380,W03,2026-05-06,2026-05-21,2026-05-20,46,42,2
PO006794,S013,P0015,W06,2025-09-30,2025-10-27,2025-10-31,36,34,1
PO006795,S039,P0163,W11,2025-03-03,2025-03-20,2025-03-19,100,93,6
PO006796,S029,P0254,W13,2025-05-13,2025-05-24,2025-06-03,167,151,13
PO006797,S036,P0146,W03,2025-05-11,2025-06-16,2025-06-23,29,27,1
PO006798,S032,P0375,W03,2025-11-14,2025-11-29,2025-11-29,41,40,0
PO006799,S022,P0355,W01,2025-10-21,2025-11-06,2025-11-04,108,101,5
PO006800,S034,P0232,W14,2026-06-15,2026-06-25,2026-06-25,53,48,3
PO006801,S016,P0138,W07,2025-02-28,2025-03-17,2025-03-15,76,70,5
PO006802,S003,P0152,W08,2025-02-26,2025-03-19,2025-03-18,144,134,6
PO006803,S026,P0233,W06,2026-04-22,2026-05-16,2026-05-14,28,25,2
PO006804,S028,P0377,W11,2026-05-09,2026-05-29,2026-05-29,59,55,4
PO006805,S019,P0261,W13,2025-11-28,2025-12-17,2025-12-15,87,81,4
PO006806,S029,P0377,W01,2025-01-01,2025-01-09,2025-01-09,37,35,1
PO006807,S025,P0030,W13,2026-04-05,2026-05-08,2026-05-08,90,81,6
PO006808,S002,P0209,W08,2026-05-13,2026-06-09,2026-06-07,27,25,2
PO006809,S010,P0264,W12,2026-05-22,2026-06-17,2026-06-29,58,51,5
PO006810,S011,P0367,W02,2025-09-11,2025-10-01,2025-09-30,58,57,0
PO006811,S038,P0032,W10,2026-06-25,2026-07-23,2026-07-22,124,113,6
PO006812,S010,P0044,W03,2026-06-21,2026-07-10,2026-07-10,47,41,4
PO006813,S001,P0053,W05,2025-04-07,2025-04-16,2025-04-16,168,156,4
PO006814,S005,P0278,W05,2025-12-03,2025-12-22,2025-12-22,79,76,1
PO006815,S013,P0097,W01,2025-12-10,2026-01-12,2026-01-11,133,121,6
PO006816,S004,P0116,W12,2025-10-16,2025-11-04,2025-11-16,43,37,4
PO006817,S023,P0339,W09,2026-01-16,2026-01-29,2026-01-29,105,95,7
PO006818,S021,P0072,W09,2025-07-03,2025-07-09,2025-07-08,73,65,5
PO006819,S007,P0122,W15,2025-02-09,2025-03-16,2025-03-15,32,29,3
PO006820,S007,P0094,W05,2025-04-28,2025-06-06,2025-06-05,176,155,16
PO006821,S005,P0022,W04,2025-12-18,2026-01-08,2026-01-08,81,80,1
PO006822,S019,P0290,W09,2025-10-13,2025-11-06,2025-11-06,63,59,3
PO006823,S023,P0227,W10,2026-01-24,2026-02-08,2026-02-07,40,37,2
PO006824,S034,P0192,W04,2025-08-21,2025-09-02,2025-08-31,35,33,1
PO006825,S027,P0364,W09,2025-09-19,2025-10-14,2025-10-12,119,111,7
PO006826,S010,P0373,W09,2025-10-19,2025-11-17,2025-11-21,55,50,4
PO006827,S001,P0101,W01,2025-12-25,2025-12-28,2025-12-27,87,84,3
PO006828,S034,P0290,W14,2026-05-29,2026-06-04,2026-06-03,74,71,3
PO006829,S012,P0049,W08,2026-03-30,2026-04-22,2026-04-20,59,55,2
PO006830,S016,P0242,W14,2025-01-02,2025-01-15,2025-01-15,80,73,5
PO006831,S018,P0211,W11,2025-02-18,2025-03-18,2025-03-18,24,22,2
PO006832,S039,P0369,W01,2025-11-19,2025-12-10,2025-12-10,157,142,11
PO006833,S020,P0354,W01,2025-10-29,2025-11-01,2025-10-31,132,114,13
PO006834,S018,P0038,W12,2025-10-25,2025-11-20,2025-11-20,78,68,9
PO006835,S016,P0344,W15,2026-04-04,2026-04-25,2026-04-23,45,41,4
PO006836,S026,P0100,W14,2025-09-25,2025-10-17,2025-10-15,69,61,6
PO006837,S026,P0071,W15,2025-02-07,2025-02-15,2025-02-14,126,109,13
PO006838,S025,P0101,W13,2026-02-04,2026-03-07,2026-03-07,107,100,3
PO006839,S021,P0239,W13,2026-02-15,2026-02-18,2026-02-16,86,76,9
PO006840,S004,P0106,W09,2026-02-24,2026-03-13,2026-03-13,215,189,19
PO006841,S007,P0242,W04,2025-08-12,2025-09-17,2025-09-17,124,107,14
PO006842,S010,P0280,W05,2025-09-19,2025-10-21,2025-10-25,54,50,4
PO006843,S040,P0373,W13,2025-01-02,2025-01-19,2025-01-19,46,46,0
PO006844,S033,P0233,W10,2026-05-10,2026-06-08,2026-06-06,42,39,3
PO006845,S017,P0380,W01,2026-01-17,2026-02-05,2026-02-04,31,30,1
PO006846,S032,P0255,W15,2025-06-30,2025-07-21,2025-07-20,139,131,7
PO006847,S016,P0337,W09,2025-10-06,2025-10-20,2025-10-20,44,40,4
PO006848,S018,P0221,W04,2025-12-30,2026-01-17,2026-01-24,62,55,6
PO006849,S027,P0294,W14,2025-02-22,2025-03-23,2025-03-23,45,41,4
PO006850,S036,P0041,W15,2025-07-30,2025-08-29,2025-08-28,26,25,1
PO006851,S011,P0333,W14,2025-07-07,2025-07-26,2025-07-26,116,114,0
PO006852,S032,P0364,W04,2025-02-19,2025-03-15,2025-03-15,113,103,5
PO006853,S036,P0201,W08,2025-11-17,2025-12-13,2025-12-13,32,31,1
PO006854,S035,P0069,W03,2025-10-03,2025-10-10,2025-10-10,108,96,10
PO006855,S003,P0152,W06,2026-03-19,2026-04-10,2026-04-09,125,121,3
PO006856,S029,P0248,W06,2025-01-11,2025-01-19,2025-01-17,198,190,3
PO006857,S008,P0126,W05,2025-12-07,2025-12-20,2025-12-23,30,29,1
PO006858,S037,P0184,W15,2025-07-10,2025-07-13,2025-07-11,49,47,0
PO006859,S029,P0324,W03,2026-03-19,2026-03-22,2026-03-22,72,68,3
PO006860,S032,P0246,W04,2025-04-29,2025-05-20,2025-05-19,97,92,2
PO006861,S014,P0132,W08,2025-12-30,2026-01-02,2026-01-01,97,91,6
PO006862,S032,P0118,W05,2025-11-25,2025-12-11,2025-12-11,102,94,3
PO006863,S034,P0317,W01,2026-02-13,2026-02-17,2026-02-26,40,37,2
PO006864,S004,P0184,W07,2025-08-12,2025-08-30,2025-08-28,135,122,10
PO006865,S022,P0237,W13,2025-06-29,2025-07-15,2025-07-13,129,121,5
PO006866,S015,P0120,W03,2025-08-29,2025-09-09,2025-09-09,114,99,13
PO006867,S039,P0327,W12,2025-08-10,2025-08-29,2025-09-04,66,62,2
PO006868,S035,P0040,W03,2026-01-16,2026-01-27,2026-01-27,94,83,9
PO006869,S002,P0239,W05,2025-08-12,2025-08-25,2025-08-25,58,54,3
PO006870,S039,P0016,W01,2025-09-11,2025-10-10,2025-10-10,67,64,2
PO006871,S030,P0131,W12,2025-05-12,2025-06-01,2025-06-10,390,339,36
PO006872,S034,P0223,W14,2026-04-24,2026-05-08,2026-05-06,121,110,7
PO006873,S023,P0372,W04,2026-04-01,2026-04-13,2026-04-13,75,67,6
PO006874,S035,P0260,W05,2025-12-09,2025-12-29,2026-01-07,125,114,9
PO006875,S009,P0058,W15,2025-03-01,2025-03-23,2025-03-22,35,33,2
PO006876,S004,P0242,W09,2026-04-19,2026-05-10,2026-05-09,141,121,13
PO006877,S011,P0255,W13,2026-05-27,2026-06-19,2026-06-17,168,160,0
PO006878,S012,P0241,W01,2026-05-16,2026-06-11,2026-06-14,175,165,9
PO006879,S002,P0322,W07,2025-07-23,2025-08-17,2025-08-20,127,115,9
PO006880,S012,P0120,W08,2026-02-12,2026-03-16,2026-03-16,63,59,3
PO006881,S008,P0093,W12,2025-05-05,2025-05-24,2025-05-24,151,137,8
PO006882,S002,P0175,W01,2025-07-03,2025-07-28,2025-07-27,51,48,2
PO006883,S032,P0160,W02,2026-03-01,2026-03-13,2026-03-12,67,65,1
PO006884,S023,P0161,W11,2025-09-24,2025-10-07,2025-10-07,83,75,4
PO006885,S023,P0073,W06,2025-03-08,2025-03-21,2025-03-21,112,99,9
PO006886,S030,P0190,W12,2025-09-28,2025-10-15,2025-10-13,165,143,17
PO006887,S005,P0133,W05,2025-01-30,2025-02-24,2025-02-23,36,36,0
PO006888,S019,P0230,W07,2025-10-04,2025-10-21,2025-10-26,146,133,7
PO006889,S012,P0015,W03,2025-09-23,2025-10-11,2025-10-15,47,44,1
PO006890,S017,P0344,W04,2026-06-07,2026-07-09,2026-07-21,18,16,1
PO006891,S008,P0295,W01,2026-03-04,2026-03-24,2026-03-23,63,59,2
PO006892,S023,P0051,W14,2026-01-01,2026-01-16,2026-01-20,76,69,7
PO006893,S019,P0320,W14,2025-07-17,2025-08-04,2025-08-03,100,92,6
PO006894,S006,P0029,W03,2026-03-27,2026-04-09,2026-04-07,55,53,1
PO006895,S009,P0267,W07,2025-09-24,2025-10-20,2025-10-20,193,182,11
PO006896,S034,P0317,W10,2026-01-17,2026-01-28,2026-01-26,94,87,6
PO006897,S019,P0325,W01,2025-09-17,2025-10-09,2025-10-07,72,67,3
PO006898,S020,P0052,W14,2025-10-30,2025-11-18,2025-11-18,61,57,4
PO006899,S024,P0101,W04,2026-04-12,2026-05-14,2026-05-12,63,58,5
PO006900,S037,P0076,W10,2025-09-13,2025-09-17,2025-09-15,55,53,1
PO006901,S033,P0367,W14,2025-03-12,2025-04-13,2025-04-12,88,81,7
PO006902,S029,P0056,W09,2025-03-06,2025-03-15,2025-03-15,133,125,5
PO006903,S016,P0111,W12,2026-03-16,2026-04-01,2026-04-01,130,118,11
PO006904,S007,P0127,W12,2025-08-27,2025-09-27,2025-09-27,94,86,8
PO006905,S017,P0059,W06,2025-04-22,2025-05-13,2025-05-11,73,67,4
PO006906,S003,P0270,W08,2025-04-15,2025-05-02,2025-05-01,127,120,4
PO006907,S031,P0265,W15,2025-05-25,2025-06-12,2025-06-10,71,64,5
PO006908,S007,P0015,W14,2025-06-10,2025-07-14,2025-07-12,119,101,13
PO006909,S011,P0333,W10,2025-12-21,2026-01-07,2026-01-07,43,41,0
PO006910,S018,P0075,W15,2025-08-31,2025-09-18,2025-09-16,68,61,6
PO006911,S030,P0323,W10,2025-05-31,2025-06-15,2025-06-14,63,58,2
PO006912,S016,P0366,W11,2025-07-26,2025-08-12,2025-08-12,156,144,10
PO006913,S029,P0295,W10,2026-04-16,2026-04-19,2026-04-17,46,44,1
PO006914,S027,P0014,W03,2025-12-01,2025-12-26,2026-01-06,46,42,3
PO006915,S025,P0107,W09,2025-10-14,2025-11-04,2025-11-02,57,53,3
PO006916,S006,P0267,W14,2026-01-27,2026-01-30,2026-01-29,30,29,1
PO006917,S029,P0114,W03,2025-04-01,2025-04-07,2025-04-06,54,52,1
PO006918,S040,P0204,W11,2025-10-22,2025-10-28,2025-10-27,31,31,0
PO006919,S021,P0298,W04,2025-01-10,2025-01-17,2025-01-16,145,126,13
PO006920,S016,P0003,W04,2025-12-02,2025-12-17,2025-12-17,47,41,4
PO006921,S006,P0380,W08,2026-06-11,2026-06-14,2026-06-12,50,48,1
PO006922,S001,P0246,W06,2026-06-27,2026-06-30,2026-06-28,38,38,0
PO006923,S029,P0103,W15,2026-05-22,2026-05-25,2026-05-23,52,51,0
PO006924,S007,P0284,W01,2025-05-08,2025-06-04,2025-06-02,63,56,7
PO006925,S037,P0174,W15,2026-01-20,2026-01-24,2026-01-22,71,68,2
PO006926,S019,P0070,W15,2025-05-14,2025-05-23,2025-05-21,26,25,1
PO006927,S016,P0136,W07,2025-04-29,2025-05-17,2025-05-15,380,340,29
PO006928,S029,P0186,W08,2025-02-25,2025-03-09,2025-03-07,35,33,1
PO006929,S033,P0337,W09,2025-04-19,2025-05-25,2025-05-23,64,57,5
PO006930,S017,P0002,W14,2025-10-29,2025-11-21,2025-11-19,89,80,6
PO006931,S036,P0092,W04,2026-06-28,2026-07-28,2026-07-28,94,88,3
PO006932,S018,P0056,W10,2026-04-29,2026-05-24,2026-05-31,59,52,5
PO006933,S030,P0125,W02,2025-03-13,2025-03-29,2025-04-04,76,68,7
PO006934,S020,P0310,W09,2025-04-05,2025-04-25,2025-04-24,34,31,3
PO006935,S031,P0284,W01,2026-01-05,2026-01-17,2026-01-17,214,191,22
PO006936,S025,P0261,W10,2025-05-15,2025-06-10,2025-06-10,98,91,6
PO006937,S010,P0375,W05,2025-01-24,2025-03-01,2025-02-27,77,70,6
PO006938,S005,P0191,W03,2025-06-09,2025-07-02,2025-07-01,374,358,10
PO006939,S022,P0152,W09,2026-05-11,2026-05-21,2026-05-28,126,118,5
PO006940,S009,P0129,W14,2025-12-16,2026-01-03,2026-01-02,48,47,1
PO006941,S020,P0030,W14,2026-03-03,2026-03-17,2026-03-15,107,97,8
PO006942,S026,P0295,W11,2026-02-21,2026-03-13,2026-03-12,19,18,1
PO006943,S038,P0016,W07,2025-09-26,2025-10-10,2025-10-09,48,43,4
PO006944,S012,P0131,W04,2026-04-17,2026-05-17,2026-05-17,142,130,8
PO006945,S025,P0209,W09,2026-03-26,2026-04-26,2026-04-25,94,88,4
PO006946,S032,P0302,W04,2025-09-09,2025-09-30,2025-09-30,29,27,1
PO006947,S032,P0343,W07,2026-06-13,2026-06-28,2026-06-27,81,76,1
PO006948,S021,P0082,W02,2025-01-07,2025-01-16,2025-01-14,55,49,4
PO006949,S008,P0069,W07,2025-04-30,2025-05-16,2025-05-15,76,68,6
PO006950,S006,P0291,W06,2025-11-03,2025-11-10,2025-11-09,47,46,1
PO006951,S013,P0020,W15,2026-06-03,2026-07-07,2026-07-05,109,105,1
PO006952,S023,P0336,W10,2025-02-03,2025-02-18,2025-02-18,88,77,7
PO006953,S026,P0062,W12,2025-07-28,2025-08-12,2025-08-11,173,152,17
PO006954,S008,P0271,W09,2025-07-05,2025-07-21,2025-07-21,166,162,4
PO006955,S012,P0339,W15,2026-06-06,2026-07-09,2026-07-09,39,37,2
PO006956,S030,P0350,W08,2025-08-13,2025-09-03,2025-09-05,75,66,8
PO006957,S026,P0314,W04,2025-08-09,2025-08-28,2025-08-28,78,70,7
PO006958,S021,P0016,W03,2025-12-12,2025-12-21,2025-12-21,487,441,45
PO006959,S010,P0400,W05,2025-06-21,2025-07-11,2025-07-11,133,117,10
PO006960,S038,P0163,W07,2025-03-07,2025-03-30,2025-03-30,64,58,3
PO006961,S018,P0036,W14,2025-03-08,2025-03-28,2025-03-27,45,39,5
PO006962,S019,P0317,W11,2026-02-16,2026-03-10,2026-03-09,72,67,3
PO006963,S010,P0038,W08,2026-04-03,2026-04-30,2026-04-30,64,55,7
PO006964,S015,P0172,W04,2026-03-29,2026-04-26,2026-04-26,108,96,10
PO006965,S014,P0006,W08,2025-03-11,2025-03-22,2025-03-21,39,36,2
PO006966,S021,P0127,W09,2025-12-15,2025-12-23,2025-12-23,64,59,5
PO006967,S013,P0199,W10,2025-08-18,2025-09-15,2025-09-15,73,70,3
PO006968,S019,P0096,W01,2026-06-05,2026-06-18,2026-06-18,303,278,19
PO006969,S032,P0071,W11,2026-03-12,2026-03-29,2026-03-27,21,19,1
PO006970,S023,P0289,W12,2025-10-19,2025-10-27,2025-10-25,46,45,1
PO006971,S001,P0114,W01,2026-01-30,2026-02-15,2026-02-15,49,48,1
PO006972,S021,P0292,W15,2025-12-16,2025-12-22,2025-12-21,210,179,22
PO006973,S039,P0106,W15,2026-03-10,2026-03-24,2026-03-22,145,136,8
PO006974,S027,P0136,W01,2026-01-09,2026-02-19,2026-02-18,24,22,2
PO006975,S013,P0023,W12,2025-12-14,2026-01-10,2026-01-10,24,23,0
PO006976,S031,P0212,W04,2025-04-29,2025-05-20,2025-05-19,315,300,14
PO006977,S027,P0055,W09,2025-02-24,2025-03-22,2025-03-22,26,23,2
PO006978,S004,P0398,W01,2026-02-23,2026-03-16,2026-03-16,30,26,3
PO006979,S008,P0281,W08,2025-03-31,2025-04-20,2025-04-21,328,306,18
PO006980,S013,P0300,W12,2026-01-07,2026-02-07,2026-02-06,55,52,1
PO006981,S008,P0386,W15,2025-03-09,2025-03-27,2025-04-01,79,75,4
PO006982,S034,P0219,W06,2026-02-04,2026-02-07,2026-02-05,59,54,3
PO006983,S031,P0239,W01,2025-01-25,2025-02-02,2025-02-02,74,66,5
PO006984,S039,P0256,W10,2026-01-19,2026-02-06,2026-02-06,62,57,4
PO006985,S001,P0234,W02,2025-08-21,2025-08-28,2025-08-28,72,71,0
PO006986,S011,P0256,W06,2026-02-07,2026-02-21,2026-02-21,71,69,1
PO006987,S024,P0382,W09,2025-11-09,2025-12-13,2025-12-11,27,24,2
PO006988,S033,P0096,W09,2025-12-07,2026-01-05,2026-01-06,34,31,2
PO006989,S024,P0208,W08,2026-04-07,2026-05-08,2026-05-07,17,15,1
PO006990,S023,P0059,W05,2026-05-03,2026-05-15,2026-05-13,83,77,5
PO006991,S039,P0094,W01,2026-01-12,2026-02-03,2026-02-03,17,17,0
PO006992,S036,P0284,W11,2025-01-21,2025-02-28,2025-02-26,48,46,1
PO006993,S030,P0061,W14,2025-10-11,2025-10-14,2025-10-13,52,47,4
PO006994,S017,P0301,W12,2025-07-10,2025-08-08,2025-08-06,65,61,3
PO006995,S022,P0004,W06,2025-06-14,2025-06-27,2025-06-25,201,185,9
PO006996,S002,P0093,W11,2025-07-30,2025-08-23,2025-08-23,68,62,5
PO006997,S026,P0035,W06,2025-10-23,2025-11-06,2025-11-04,52,47,5
PO006998,S030,P0352,W05,2026-03-01,2026-03-20,2026-03-20,66,60,5
PO006999,S009,P0392,W09,2025-01-08,2025-01-25,2025-02-05,114,108,4
PO007000,S012,P0283,W12,2026-04-07,2026-05-16,2026-05-15,84,80,2
PO007001,S032,P0313,W02,2026-05-01,2026-05-09,2026-05-09,105,98,5
PO007002,S040,P0112,W05,2025-05-04,2025-05-11,2025-05-11,90,86,0
PO007003,S040,P0162,W06,2026-05-10,2026-05-17,2026-05-15,100,98,2
PO007004,S010,P0060,W12,2025-10-03,2025-10-30,2025-10-28,50,45,3
PO007005,S021,P0112,W02,2025-04-08,2025-04-18,2025-04-18,22,20,2
PO007006,S038,P0119,W02,2025-04-27,2025-05-22,2025-05-20,100,90,10
PO007007,S010,P0391,W14,2025-05-24,2025-06-25,2025-07-02,69,62,5
PO007008,S015,P0355,W14,2026-04-29,2026-05-26,2026-05-27,44,39,4
PO007009,S012,P0115,W07,2026-01-25,2026-02-25,2026-02-24,120,117,2
PO007010,S037,P0145,W15,2026-04-18,2026-04-22,2026-04-21,60,55,2
PO007011,S025,P0068,W08,2025-03-15,2025-04-08,2025-04-11,20,19,1
PO007012,S004,P0371,W14,2026-01-04,2026-01-19,2026-01-19,44,40,4
PO007013,S021,P0219,W07,2025-01-29,2025-02-17,2025-02-17,46,41,4
PO007014,S038,P0077,W07,2026-01-09,2026-01-20,2026-01-18,17,16,1
PO007015,S038,P0190,W02,2026-06-02,2026-06-21,2026-06-19,94,88,6
PO007016,S020,P0256,W02,2025-11-11,2025-11-24,2025-11-22,144,133,10
PO007017,S014,P0334,W08,2025-06-06,2025-06-16,2025-06-15,49,45,4
PO007018,S030,P0187,W10,2025-12-02,2025-12-17,2025-12-17,168,143,17
PO007019,S037,P0232,W15,2025-08-14,2025-08-22,2025-08-20,37,36,1
PO007020,S028,P0394,W04,2026-05-19,2026-06-15,2026-06-20,128,123,5
PO007021,S010,P0032,W07,2025-08-03,2025-09-02,2025-09-02,78,72,6
PO007022,S031,P0231,W11,2026-05-04,2026-05-16,2026-05-15,89,83,4
PO007023,S025,P0076,W02,2025-06-04,2025-06-25,2025-07-01,32,31,1
PO007024,S037,P0115,W14,2026-01-09,2026-01-15,2026-01-14,77,72,3
PO007025,S027,P0243,W13,2025-08-20,2025-09-16,2025-09-14,79,72,6
PO007026,S036,P0270,W08,2025-07-03,2025-08-06,2025-08-06,59,55,3
PO007027,S003,P0254,W11,2026-04-01,2026-04-27,2026-04-27,78,74,2
PO007028,S016,P0054,W04,2025-05-13,2025-05-24,2025-05-24,28,25,2
PO007029,S019,P0145,W05,2025-06-05,2025-06-21,2025-06-22,174,160,6
PO007030,S007,P0240,W15,2025-10-13,2025-11-19,2025-11-18,151,132,17
PO007031,S032,P0379,W06,2026-02-03,2026-02-22,2026-02-22,65,63,0
PO007032,S011,P0190,W08,2026-03-29,2026-04-15,2026-04-14,99,97,1
PO007033,S004,P0071,W08,2026-05-15,2026-06-06,2026-06-06,119,108,11
PO007034,S020,P0364,W12,2026-02-04,2026-02-18,2026-02-18,82,75,7
PO007035,S039,P0152,W11,2026-03-03,2026-03-22,2026-03-21,76,73,2
PO007036,S007,P0400,W04,2026-06-11,2026-07-14,2026-07-12,36,33,3
PO007037,S007,P0153,W02,2025-11-28,2026-01-06,2026-01-04,40,35,4
PO007038,S034,P0045,W15,2025-06-24,2025-06-30,2025-06-30,172,162,7
PO007039,S021,P0052,W05,2025-01-24,2025-02-02,2025-02-01,166,146,17
PO007040,S029,P0215,W02,2025-03-26,2025-04-11,2025-04-10,62,58,1
PO007041,S002,P0397,W08,2026-06-27,2026-08-08,2026-08-09,143,133,9
PO007042,S021,P0325,W06,2026-03-04,2026-03-07,2026-03-07,104,90,9
PO007043,S006,P0198,W10,2025-09-20,2025-09-25,2025-09-25,77,71,3
PO007044,S025,P0355,W06,2025-05-25,2025-06-22,2025-06-21,65,58,4
PO007045,S015,P0256,W10,2025-05-08,2025-05-27,2025-05-25,57,52,5
PO007046,S019,P0134,W01,2025-01-16,2025-01-27,2025-02-07,36,34,2
PO007047,S011,P0352,W15,2025-10-21,2025-11-03,2025-11-03,105,100,2
PO007048,S001,P0121,W06,2025-11-04,2025-11-07,2025-11-07,66,64,1
PO007049,S023,P0162,W13,2025-11-28,2025-12-15,2025-12-13,51,48,2
PO007050,S017,P0029,W15,2025-08-01,2025-09-01,2025-08-30,120,115,5
PO007051,S008,P0188,W11,2026-04-23,2026-05-03,2026-05-01,66,63,2
PO007052,S038,P0329,W03,2025-02-15,2025-03-10,2025-03-10,34,30,3
PO007053,S033,P0305,W10,2025-08-15,2025-09-13,2025-09-15,35,33,2
PO007054,S016,P0106,W10,2026-03-20,2026-03-31,2026-03-29,59,54,4
PO007055,S027,P0258,W07,2025-09-15,2025-10-14,2025-10-14,41,38,3
PO007056,S022,P0139,W13,2025-09-17,2025-10-10,2025-10-10,68,67,1
PO007057,S005,P0102,W08,2026-04-16,2026-04-28,2026-04-26,83,78,3
PO007058,S015,P0172,W06,2025-05-18,2025-06-03,2025-06-02,77,68,9
PO007059,S005,P0023,W12,2025-03-06,2025-04-01,2025-04-01,62,61,1
PO007060,S011,P0109,W04,2026-06-11,2026-06-23,2026-06-27,87,86,0
PO007061,S034,P0200,W01,2025-02-26,2025-03-03,2025-03-03,27,25,2
PO007062,S036,P0110,W11,2025-03-20,2025-04-26,2025-04-25,86,82,4
PO007063,S032,P0126,W02,2025-10-24,2025-11-20,2025-11-30,34,32,1
PO007064,S001,P0055,W08,2026-06-17,2026-06-20,2026-06-19,177,174,3
PO007065,S018,P0165,W01,2026-03-29,2026-04-23,2026-04-21,66,58,5
PO007066,S040,P0355,W15,2026-02-06,2026-02-24,2026-02-24,139,137,0
PO007067,S033,P0073,W08,2025-03-19,2025-04-28,2025-04-29,237,215,15
PO007068,S035,P0313,W07,2025-06-06,2025-06-26,2025-06-26,46,41,4
PO007069,S021,P0227,W06,2026-04-26,2026-05-04,2026-05-02,47,41,5
PO007070,S028,P0390,W04,2026-05-04,2026-05-24,2026-05-30,82,77,5
PO007071,S001,P0070,W04,2025-04-29,2025-05-02,2025-05-02,91,88,3
PO007072,S021,P0007,W12,2025-09-21,2025-09-24,2025-09-23,63,57,5
PO007073,S004,P0244,W14,2025-03-04,2025-04-02,2025-04-01,24,21,2
PO007074,S033,P0397,W12,2025-06-06,2025-07-16,2025-07-16,53,48,5
PO007075,S023,P0397,W08,2025-02-20,2025-02-25,2025-02-24,194,179,10
PO007076,S028,P0315,W14,2025-01-29,2025-02-20,2025-02-19,30,28,1
PO007077,S035,P0362,W02,2025-05-26,2025-06-15,2025-06-18,28,26,2
PO007078,S020,P0300,W02,2025-09-19,2025-09-30,2025-09-29,72,67,4
PO007079,S028,P0239,W12,2025-04-07,2025-05-01,2025-05-01,34,32,2
PO007080,S019,P0035,W01,2025-09-15,2025-09-26,2025-10-05,36,34,1
PO007081,S022,P0119,W06,2026-03-20,2026-03-28,2026-03-26,47,45,1
PO007082,S006,P0075,W07,2025-10-15,2025-10-20,2025-10-19,23,22,1
PO007083,S024,P0265,W12,2026-01-07,2026-02-05,2026-02-05,47,42,4
PO007084,S010,P0083,W11,2025-11-08,2025-12-05,2025-12-04,35,32,3
PO007085,S030,P0343,W03,2025-05-16,2025-05-30,2025-05-28,42,37,3
PO007086,S040,P0163,W10,2026-02-08,2026-02-17,2026-02-17,99,94,3
PO007087,S033,P0282,W06,2026-03-11,2026-04-06,2026-04-06,14,14,0
PO007088,S005,P0101,W13,2025-12-07,2025-12-16,2025-12-14,71,67,2
PO007089,S018,P0298,W04,2026-06-20,2026-07-17,2026-07-16,49,43,5
PO007090,S005,P0295,W06,2026-06-27,2026-07-19,2026-07-18,149,140,6
PO007091,S009,P0355,W06,2026-02-17,2026-03-03,2026-03-03,39,38,1
PO007092,S037,P0397,W15,2025-11-18,2025-11-25,2025-11-25,25,23,1
PO007093,S016,P0053,W12,2025-09-11,2025-09-24,2025-09-24,145,126,12
PO007094,S016,P0142,W02,2025-01-05,2025-01-25,2025-01-25,122,104,13
PO007095,S022,P0082,W12,2025-06-10,2025-06-20,2025-06-29,72,69,2
PO007096,S010,P0284,W15,2026-04-04,2026-04-28,2026-04-28,63,58,5
PO007097,S022,P0368,W13,2026-06-04,2026-06-24,2026-06-27,24,22,1
PO007098,S031,P0152,W07,2025-12-13,2025-12-28,2025-12-28,155,135,14
PO007099,S025,P0313,W05,2025-11-05,2025-12-01,2025-12-01,49,44,3
PO007100,S013,P0205,W04,2025-10-15,2025-11-03,2025-11-01,61,55,3
PO007101,S033,P0137,W07,2025-12-04,2025-12-31,2025-12-29,34,32,2
PO007102,S022,P0039,W05,2025-05-15,2025-05-24,2025-05-23,133,124,3
PO007103,S015,P0051,W03,2025-08-03,2025-08-28,2025-08-26,45,39,4
PO007104,S011,P0017,W09,2025-05-02,2025-05-12,2025-05-10,135,134,0
PO007105,S012,P0157,W07,2025-07-15,2025-08-20,2025-08-18,115,111,3
PO007106,S031,P0296,W08,2025-02-11,2025-02-23,2025-03-01,92,82,6
PO007107,S040,P0341,W08,2026-04-06,2026-04-20,2026-04-20,154,147,0
PO007108,S005,P0398,W08,2025-10-06,2025-10-24,2025-10-22,93,88,2
PO007109,S017,P0325,W13,2026-06-26,2026-07-16,2026-07-15,47,44,2
PO007110,S008,P0222,W10,2025-11-03,2025-11-21,2025-11-20,81,75,3
PO007111,S015,P0209,W14,2026-05-26,2026-06-10,2026-06-08,83,71,10
PO007112,S039,P0233,W05,2025-09-13,2025-09-29,2025-09-28,82,78,1
PO007113,S018,P0138,W01,2025-08-20,2025-09-14,2025-09-14,79,69,8
PO007114,S017,P0154,W14,2025-12-17,2026-01-18,2026-01-17,94,87,4
PO007115,S008,P0114,W09,2026-02-07,2026-02-19,2026-02-19,172,165,3
PO007116,S034,P0160,W11,2025-04-12,2025-04-21,2025-04-20,60,55,4
PO007117,S039,P0097,W12,2025-09-11,2025-09-27,2025-09-26,54,51,2
PO007118,S003,P0267,W14,2025-01-22,2025-02-25,2025-02-24,65,60,4
PO007119,S002,P0385,W14,2026-03-30,2026-04-22,2026-04-20,163,151,10
PO007120,S030,P0226,W02,2025-08-07,2025-08-24,2025-08-24,34,32,1
PO007121,S034,P0350,W05,2026-03-27,2026-04-11,2026-04-10,97,90,7
PO007122,S021,P0088,W09,2025-10-14,2025-10-30,2025-10-29,42,38,4
PO007123,S002,P0361,W11,2025-03-24,2025-04-19,2025-04-17,18,16,1
PO007124,S004,P0249,W03,2025-02-04,2025-02-10,2025-02-10,104,94,10
PO007125,S038,P0238,W02,2025-02-06,2025-03-01,2025-02-27,59,53,4
PO007126,S001,P0142,W02,2025-08-22,2025-08-29,2025-08-28,87,87,0
PO007127,S022,P0198,W05,2025-10-20,2025-10-27,2025-10-25,56,51,3
PO007128,S029,P0297,W15,2025-07-07,2025-07-10,2025-07-09,86,79,4
PO007129,S005,P0226,W05,2025-09-15,2025-09-26,2025-09-26,50,49,0
PO007130,S020,P0237,W01,2025-02-18,2025-03-07,2025-03-07,54,50,3
PO007131,S017,P0170,W06,2025-12-21,2026-01-23,2026-01-21,74,67,4
PO007132,S035,P0049,W06,2026-02-15,2026-03-01,2026-03-10,33,29,4
PO007133,S002,P0306,W04,2025-02-24,2025-03-25,2025-03-23,98,88,7
PO007134,S015,P0140,W13,2026-01-27,2026-02-11,2026-02-21,46,43,3
PO007135,S020,P0289,W03,2025-07-18,2025-07-31,2025-08-01,180,167,13
PO007136,S018,P0055,W03,2025-10-15,2025-11-08,2025-11-08,28,25,3
PO007137,S035,P0261,W12,2025-09-18,2025-10-03,2025-10-02,25,22,2
PO007138,S013,P0186,W06,2025-07-30,2025-08-23,2025-09-04,77,74,2
PO007139,S016,P0008,W01,2025-10-05,2025-10-22,2025-10-27,112,103,8
PO007140,S038,P0183,W13,2025-06-13,2025-07-13,2025-07-11,113,101,7
PO007141,S031,P0014,W06,2025-02-14,2025-03-03,2025-03-02,58,54,4
PO007142,S026,P0273,W14,2025-06-17,2025-06-30,2025-06-30,153,142,11
PO007143,S004,P0379,W04,2026-01-21,2026-02-09,2026-02-09,92,79,9
PO007144,S007,P0039,W03,2025-08-03,2025-09-02,2025-09-11,51,43,6
PO007145,S003,P0349,W06,2025-11-06,2025-11-26,2025-11-26,127,123,3
PO007146,S021,P0246,W10,2026-03-02,2026-03-09,2026-03-15,51,45,4
PO007147,S031,P0292,W13,2025-02-01,2025-02-19,2025-02-19,31,29,2
PO007148,S006,P0100,W04,2025-09-03,2025-09-08,2025-09-08,193,179,8
PO007149,S026,P0302,W02,2025-03-24,2025-04-12,2025-04-21,35,32,3
PO007150,S001,P0244,W05,2025-11-08,2025-11-24,2025-11-30,61,59,0
PO007151,S019,P0035,W04,2026-06-03,2026-06-17,2026-06-26,46,44,1
PO007152,S020,P0154,W13,2026-04-30,2026-05-24,2026-05-23,63,55,5
PO007153,S035,P0352,W04,2025-03-09,2025-03-21,2025-03-20,171,151,18
PO007154,S021,P0230,W03,2026-05-02,2026-05-06,2026-05-04,48,42,5
PO007155,S025,P0295,W15,2025-03-21,2025-04-05,2025-04-05,59,54,3
PO007156,S014,P0086,W02,2026-03-31,2026-04-04,2026-04-03,50,46,3
PO007157,S019,P0090,W07,2026-02-03,2026-02-15,2026-02-14,78,73,4
PO007158,S039,P0296,W01,2025-08-12,2025-08-30,2025-08-30,67,62,3
PO007159,S018,P0130,W03,2025-03-01,2025-03-29,2025-03-29,37,32,4
PO007160,S030,P0336,W04,2025-04-07,2025-04-25,2025-04-24,36,32,3
PO007161,S014,P0004,W15,2026-03-03,2026-03-10,2026-03-20,124,115,8
PO007162,S025,P0046,W09,2026-04-21,2026-05-19,2026-05-19,50,48,2
PO007163,S005,P0168,W01,2025-03-08,2025-03-18,2025-03-17,24,23,0
PO007164,S028,P0046,W15,2025-08-02,2025-08-22,2025-08-25,125,113,6
PO007165,S007,P0184,W13,2025-10-23,2025-11-22,2025-11-20,148,126,17
PO007166,S040,P0331,W05,2025-10-19,2025-10-31,2025-10-29,37,37,0
PO007167,S016,P0202,W01,2025-12-11,2025-12-20,2025-12-18,170,151,13
PO007168,S006,P0182,W03,2026-06-03,2026-06-11,2026-06-10,36,34,1
PO007169,S032,P0100,W01,2025-06-04,2025-07-02,2025-07-02,81,76,2
PO007170,S037,P0223,W11,2026-03-07,2026-03-17,2026-03-15,92,87,2
PO007171,S016,P0106,W09,2025-10-11,2025-10-28,2025-10-28,74,68,5
PO007172,S017,P0226,W01,2025-08-28,2025-09-24,2025-09-23,195,178,9
PO007173,S030,P0372,W10,2025-10-09,2025-10-18,2025-10-22,128,113,13
PO007174,S022,P0050,W10,2025-06-05,2025-06-28,2025-06-26,161,150,9
PO007175,S031,P0089,W14,2025-09-24,2025-10-16,2025-10-16,75,71,3
PO007176,S021,P0122,W03,2025-06-02,2025-06-07,2025-06-07,24,21,2
PO007177,S030,P0288,W02,2025-08-15,2025-09-02,2025-09-01,127,110,11
PO007178,S030,P0071,W03,2025-01-20,2025-02-02,2025-02-01,56,52,4
PO007179,S001,P0230,W07,2026-03-15,2026-03-27,2026-04-02,64,62,2
PO007180,S039,P0284,W10,2025-03-17,2025-04-06,2025-04-04,109,99,6
PO007181,S003,P0030,W10,2026-01-07,2026-02-07,2026-02-05,27,26,0
PO007182,S002,P0342,W04,2025-11-07,2025-12-10,2025-12-09,112,102,7
PO007183,S010,P0258,W11,2025-03-23,2025-04-16,2025-04-14,93,83,7
PO007184,S001,P0292,W15,2026-02-04,2026-02-12,2026-02-11,43,41,0
PO007185,S019,P0127,W04,2025-08-07,2025-08-24,2025-08-30,71,65,5
PO007186,S025,P0346,W02,2026-02-02,2026-02-24,2026-02-24,89,84,5
PO007187,S012,P0074,W05,2026-03-22,2026-04-26,2026-05-03,20,18,1
PO007188,S002,P0029,W11,2026-01-15,2026-02-08,2026-02-06,126,110,11
PO007189,S028,P0131,W02,2025-07-19,2025-08-13,2025-08-11,155,140,13
PO007190,S022,P0400,W15,2025-01-13,2025-01-27,2025-01-25,58,55,3
PO007191,S004,P0066,W04,2026-02-12,2026-02-26,2026-02-25,83,69,10
PO007192,S031,P0324,W01,2025-07-31,2025-08-21,2025-08-19,67,60,4
PO007193,S006,P0010,W05,2025-07-17,2025-08-03,2025-08-01,366,337,15
PO007194,S002,P0310,W05,2025-02-26,2025-03-27,2025-04-06,41,37,2
PO007195,S007,P0338,W14,2025-04-21,2025-05-22,2025-05-20,98,87,10
PO007196,S023,P0334,W06,2026-06-23,2026-07-11,2026-07-10,68,61,6
PO007197,S039,P0133,W12,2025-08-14,2025-08-27,2025-08-26,44,40,2
PO007198,S006,P0069,W03,2025-11-21,2025-11-25,2025-12-07,170,158,7
PO007199,S013,P0160,W13,2026-05-27,2026-07-08,2026-07-15,68,64,3
PO007200,S025,P0232,W04,2025-07-29,2025-08-14,2025-08-13,70,67,3
PO007201,S010,P0193,W03,2025-08-03,2025-09-01,2025-08-30,67,61,6
PO007202,S007,P0091,W04,2026-01-04,2026-02-05,2026-02-03,74,62,10
PO007203,S036,P0047,W09,2025-04-19,2025-06-01,2025-06-01,85,80,5
PO007204,S028,P0045,W15,2025-02-12,2025-03-19,2025-03-18,57,54,3
PO007205,S013,P0321,W08,2025-06-12,2025-07-10,2025-07-10,176,171,2
PO007206,S002,P0305,W03,2026-01-11,2026-02-14,2026-02-13,85,78,6
PO007207,S019,P0057,W06,2026-05-09,2026-06-09,2026-06-07,27,27,0
PO007208,S010,P0225,W06,2026-01-26,2026-03-05,2026-03-05,77,67,8
PO007209,S023,P0249,W05,2025-05-10,2025-05-26,2025-05-24,173,157,16
PO007210,S024,P0335,W10,2025-07-29,2025-08-31,2025-09-06,65,60,5
PO007211,S008,P0325,W14,2025-02-13,2025-03-03,2025-03-03,92,87,3
PO007212,S031,P0198,W10,2026-06-10,2026-06-21,2026-07-01,59,55,3
PO007213,S027,P0067,W04,2026-06-12,2026-07-19,2026-07-18,58,51,5
PO007214,S006,P0146,W03,2025-09-07,2025-09-14,2025-09-14,33,32,1
PO007215,S016,P0393,W01,2026-05-25,2026-06-12,2026-06-12,75,67,5
PO007216,S033,P0049,W10,2026-03-08,2026-04-13,2026-04-12,39,36,2
PO007217,S010,P0113,W11,2025-11-27,2025-12-24,2025-12-24,99,88,10
PO007218,S005,P0141,W12,2026-05-11,2026-06-05,2026-06-03,48,47,1
PO007219,S031,P0173,W11,2026-06-24,2026-07-15,2026-07-15,30,28,1
PO007220,S008,P0256,W13,2025-04-09,2025-04-16,2025-04-15,27,24,2
PO007221,S010,P0037,W13,2026-01-24,2026-02-21,2026-02-19,40,35,3
PO007222,S006,P0234,W04,2025-03-30,2025-04-05,2025-04-05,181,169,10
PO007223,S024,P0245,W02,2026-02-28,2026-04-06,2026-04-17,42,40,2
PO007224,S029,P0016,W11,2026-06-16,2026-06-20,2026-06-21,93,90,1
PO007225,S024,P0064,W01,2025-01-31,2025-03-15,2025-03-15,27,25,2
PO007226,S024,P0139,W11,2026-01-28,2026-03-10,2026-03-08,28,25,2
PO007227,S003,P0199,W07,2026-05-05,2026-05-20,2026-05-18,46,45,1
PO007228,S028,P0070,W08,2026-02-22,2026-03-19,2026-03-20,195,176,17
PO007229,S004,P0265,W07,2025-11-05,2025-11-24,2025-11-23,38,33,5
PO007230,S017,P0303,W01,2025-02-23,2025-03-12,2025-03-10,49,44,3
PO007231,S012,P0214,W02,2026-06-08,2026-07-13,2026-07-12,42,39,1
PO007232,S016,P0349,W02,2025-12-20,2025-12-31,2025-12-31,159,140,15
PO007233,S040,P0003,W03,2026-03-03,2026-03-07,2026-03-07,41,40,1
PO007234,S024,P0361,W04,2026-02-22,2026-03-31,2026-04-02,34,31,2
PO007235,S033,P0379,W01,2026-03-17,2026-04-18,2026-04-17,31,29,2
PO007236,S031,P0367,W10,2025-07-21,2025-08-08,2025-08-07,77,73,4
PO007237,S003,P0285,W06,2025-04-28,2025-05-22,2025-05-28,122,115,2
PO007238,S039,P0182,W10,2025-06-27,2025-07-15,2025-07-15,169,161,6
PO007239,S021,P0350,W14,2025-07-16,2025-07-23,2025-07-22,71,65,5
PO007240,S040,P0103,W12,2025-08-06,2025-08-23,2025-08-21,228,219,8
PO007241,S009,P0038,W02,2025-11-03,2025-11-29,2025-11-27,80,75,4
PO007242,S006,P0037,W07,2025-05-16,2025-05-19,2025-05-17,65,62,2
PO007243,S007,P0202,W07,2025-09-12,2025-10-09,2025-10-09,106,89,14
PO007244,S033,P0030,W15,2026-01-28,2026-03-01,2026-03-01,186,165,18
PO007245,S036,P0315,W09,2025-04-15,2025-05-22,2025-05-21,111,104,3
PO007246,S004,P0077,W05,2026-01-30,2026-02-16,2026-02-16,26,24,2
PO007247,S035,P0061,W11,2026-03-14,2026-03-29,2026-03-27,59,52,6
PO007248,S029,P0178,W13,2025-04-18,2025-04-21,2025-04-21,36,35,1
PO007249,S003,P0168,W01,2025-05-10,2025-06-07,2025-06-07,26,26,0
PO007250,S002,P0144,W03,2025-07-14,2025-08-15,2025-08-14,31,29,2
PO007251,S040,P0308,W15,2026-05-03,2026-05-12,2026-05-12,71,69,0
PO007252,S028,P0335,W03,2026-02-04,2026-02-26,2026-02-26,33,30,2
PO007253,S040,P0327,W01,2026-04-06,2026-04-23,2026-04-22,95,90,2
PO007254,S040,P0384,W08,2026-02-19,2026-02-28,2026-02-27,20,19,0
PO007255,S022,P0375,W14,2026-02-05,2026-02-16,2026-02-20,81,77,2
PO007256,S025,P0281,W09,2025-10-15,2025-11-02,2025-11-11,32,31,1
PO007257,S026,P0002,W06,2025-11-19,2025-12-07,2025-12-07,89,76,10
PO007258,S015,P0172,W06,2025-12-13,2026-01-08,2026-01-06,79,71,8
PO007259,S040,P0337,W06,2025-10-25,2025-11-05,2025-11-05,12,11,0
PO007260,S001,P0341,W11,2025-04-27,2025-05-04,2025-05-03,57,54,1
PO007261,S029,P0269,W02,2026-06-14,2026-06-22,2026-06-22,31,30,1
PO007262,S030,P0392,W14,2025-01-05,2025-01-18,2025-01-17,36,32,3
PO007263,S029,P0035,W11,2026-02-11,2026-02-14,2026-02-12,63,58,2
PO007264,S040,P0019,W12,2025-08-15,2025-08-30,2025-08-30,44,44,0
PO007265,S024,P0177,W06,2026-01-04,2026-01-29,2026-01-27,40,35,3
PO007266,S032,P0339,W15,2025-01-27,2025-02-08,2025-02-07,24,24,0
PO007267,S004,P0169,W02,2025-06-26,2025-07-18,2025-07-17,51,46,5
PO007268,S002,P0346,W15,2025-06-19,2025-07-18,2025-07-16,139,124,10
PO007269,S005,P0370,W04,2025-09-30,2025-10-21,2025-10-21,66,62,2
PO007270,S009,P0015,W14,2026-01-12,2026-01-27,2026-01-25,70,65,3
PO007271,S019,P0033,W08,2025-12-22,2026-01-11,2026-01-11,24,23,1
PO007272,S011,P0374,W07,2026-01-14,2026-01-25,2026-01-24,73,71,1
PO007273,S005,P0121,W13,2026-06-13,2026-06-29,2026-06-28,120,117,3
PO007274,S039,P0067,W08,2025-11-06,2025-11-28,2025-11-27,104,98,5
PO007275,S004,P0164,W12,2025-12-06,2025-12-25,2025-12-23,28,26,2
PO007276,S038,P0197,W03,2025-11-09,2025-12-04,2025-12-06,95,90,5
PO007277,S024,P0010,W01,2026-04-11,2026-05-11,2026-05-10,81,72,6
PO007278,S028,P0354,W10,2026-06-30,2026-07-17,2026-07-16,38,35,2
PO007279,S013,P0101,W03,2025-01-14,2025-02-15,2025-02-13,133,128,1
PO007280,S006,P0353,W07,2025-04-04,2025-04-09,2025-04-08,195,187,4
PO007281,S033,P0192,W07,2025-08-15,2025-09-18,2025-09-16,33,31,2
PO007282,S033,P0043,W04,2025-07-26,2025-08-24,2025-08-24,151,135,12
PO007283,S025,P0304,W01,2026-03-24,2026-04-13,2026-04-23,83,78,4
PO007284,S027,P0005,W11,2025-02-03,2025-03-08,2025-03-10,118,103,11
PO007285,S016,P0373,W04,2025-01-19,2025-01-27,2025-01-26,35,32,2
PO007286,S036,P0188,W02,2025-08-02,2025-09-02,2025-09-02,136,129,4
PO007287,S009,P0106,W04,2025-07-24,2025-08-15,2025-08-14,26,25,1
PO007288,S016,P0229,W07,2025-02-05,2025-02-19,2025-02-19,81,75,6
PO007289,S004,P0253,W01,2026-02-01,2026-02-19,2026-02-26,26,24,2
PO007290,S021,P0362,W02,2025-11-20,2025-11-28,2025-11-26,69,61,5
PO007291,S008,P0217,W14,2025-08-12,2025-08-27,2025-08-26,27,26,0
PO007292,S020,P0381,W10,2025-09-14,2025-09-25,2025-09-24,109,96,10
PO007293,S023,P0023,W03,2026-03-06,2026-03-15,2026-03-14,120,104,11
PO007294,S013,P0028,W12,2026-03-23,2026-04-15,2026-04-15,52,48,2
PO007295,S003,P0122,W12,2025-10-18,2025-11-11,2025-11-10,132,126,3
PO007296,S016,P0179,W13,2025-02-20,2025-03-14,2025-03-12,70,62,5
PO007297,S013,P0116,W03,2026-03-03,2026-03-31,2026-03-30,66,64,1
PO007298,S029,P0316,W10,2026-02-11,2026-02-16,2026-02-16,128,127,1
PO007299,S022,P0159,W04,2025-07-09,2025-07-26,2025-07-31,38,36,1
PO007300,S002,P0314,W02,2026-01-11,2026-02-13,2026-02-12,114,105,7
PO007301,S011,P0100,W02,2025-09-08,2025-09-23,2025-09-21,76,76,0
PO007302,S009,P0033,W08,2025-04-28,2025-05-29,2025-05-29,68,65,1
PO007303,S018,P0161,W08,2025-12-20,2026-01-18,2026-01-16,56,49,5
PO007304,S003,P0389,W01,2025-11-20,2025-12-10,2025-12-09,119,114,0
PO007305,S014,P0382,W15,2025-02-26,2025-03-02,2025-02-28,119,105,10
PO007306,S010,P0176,W09,2026-01-11,2026-02-11,2026-02-10,100,94,5
PO007307,S026,P0061,W11,2025-03-22,2025-04-06,2025-04-13,35,31,4
PO007308,S013,P0110,W14,2026-06-16,2026-07-16,2026-07-14,100,94,4
PO007309,S004,P0028,W03,2025-11-24,2025-12-12,2025-12-10,205,185,20
PO007310,S022,P0357,W15,2026-06-05,2026-06-23,2026-06-23,85,81,3
PO007311,S030,P0065,W09,2025-01-22,2025-02-10,2025-02-08,44,41,3
PO007312,S022,P0278,W15,2026-06-30,2026-07-13,2026-07-13,94,89,4
PO007313,S025,P0114,W12,2025-05-03,2025-06-11,2025-06-11,119,112,6
PO007314,S010,P0040,W06,2026-04-04,2026-05-03,2026-05-01,24,23,1
PO007315,S017,P0326,W10,2025-02-09,2025-03-09,2025-03-08,154,144,6
PO007316,S037,P0069,W12,2026-05-14,2026-05-22,2026-05-22,52,51,1
PO007317,S028,P0222,W13,2025-04-25,2025-05-13,2025-05-11,70,64,5
PO007318,S034,P0377,W06,2025-01-31,2025-02-13,2025-02-12,29,27,1
PO007319,S005,P0314,W05,2025-10-16,2025-11-03,2025-11-01,52,51,0
PO007320,S001,P0183,W07,2025-12-10,2025-12-14,2025-12-12,24,24,0
PO007321,S036,P0299,W15,2025-11-26,2025-12-24,2025-12-24,34,33,1
PO007322,S003,P0047,W03,2025-10-04,2025-11-01,2025-11-09,26,26,0
PO007323,S026,P0064,W02,2025-12-16,2025-12-31,2025-12-31,23,21,2
PO007324,S022,P0218,W12,2025-09-10,2025-09-25,2025-09-24,116,113,3
PO007325,S032,P0340,W02,2025-10-30,2025-11-25,2025-11-24,25,25,0
PO007326,S032,P0109,W01,2026-04-09,2026-05-04,2026-05-04,103,98,5
PO007327,S032,P0375,W13,2025-12-07,2025-12-22,2026-01-02,47,45,1
PO007328,S005,P0353,W09,2025-10-22,2025-11-17,2025-11-16,57,57,0
PO007329,S008,P0195,W14,2026-04-22,2026-05-06,2026-05-09,35,33,1
PO007330,S035,P0293,W11,2025-01-07,2025-01-20,2025-01-20,66,58,5
PO007331,S038,P0186,W12,2026-02-05,2026-02-22,2026-02-22,72,63,6
PO007332,S026,P0218,W14,2025-07-10,2025-07-29,2025-07-27,161,141,16
PO007333,S009,P0115,W14,2026-03-04,2026-03-23,2026-03-21,61,59,2
PO007334,S030,P0132,W14,2025-01-16,2025-01-27,2025-01-29,82,73,8
PO007335,S004,P0177,W14,2026-01-31,2026-02-20,2026-02-19,269,239,24
PO007336,S014,P0034,W06,2025-09-01,2025-09-19,2025-09-17,42,40,2
PO007337,S002,P0354,W13,2025-10-12,2025-11-07,2025-11-06,68,64,4
PO007338,S008,P0126,W10,2025-01-12,2025-01-25,2025-01-25,28,26,2
PO007339,S027,P0202,W06,2025-02-15,2025-03-19,2025-03-21,86,79,6
PO007340,S002,P0324,W05,2026-02-28,2026-03-29,2026-03-29,80,75,5
PO007341,S006,P0007,W05,2025-04-07,2025-04-10,2025-04-09,77,74,3
PO007342,S030,P0085,W07,2026-01-29,2026-02-14,2026-02-26,53,48,4
PO007343,S006,P0068,W06,2025-09-28,2025-10-08,2025-10-07,71,69,1
PO007344,S021,P0184,W11,2026-06-01,2026-06-04,2026-06-04,223,194,26
PO007345,S037,P0127,W12,2026-05-30,2026-06-04,2026-06-03,37,36,1
PO007346,S038,P0312,W06,2025-09-12,2025-10-04,2025-10-13,60,56,4
PO007347,S033,P0111,W12,2025-02-27,2025-03-29,2025-03-27,61,55,5
PO007348,S040,P0187,W02,2026-02-09,2026-02-28,2026-02-28,29,29,0
PO007349,S032,P0399,W03,2026-01-03,2026-01-20,2026-01-19,14,14,0
PO007350,S039,P0392,W08,2026-01-21,2026-02-06,2026-02-05,25,23,1
PO007351,S020,P0364,W03,2025-07-14,2025-07-30,2025-07-29,146,125,16
PO007352,S036,P0252,W14,2025-02-26,2025-03-29,2025-03-28,12,12,0
PO007353,S027,P0283,W12,2025-10-28,2025-11-26,2025-11-24,121,105,10
PO007354,S032,P0273,W01,2025-07-08,2025-07-19,2025-07-17,129,121,2
PO007355,S016,P0088,W09,2026-03-07,2026-03-18,2026-03-17,73,65,6
PO007356,S024,P0031,W14,2026-01-03,2026-02-08,2026-02-07,44,40,4
PO007357,S021,P0222,W03,2026-05-22,2026-05-25,2026-05-23,132,117,15
PO007358,S024,P0191,W13,2025-07-30,2025-09-07,2025-09-07,30,27,2
PO007359,S001,P0105,W15,2025-03-06,2025-03-09,2025-03-09,22,21,0
PO007360,S005,P0027,W12,2026-03-21,2026-04-16,2026-04-15,41,39,1
PO007361,S022,P0397,W04,2025-01-02,2025-01-18,2025-01-21,98,91,5
PO007362,S013,P0073,W06,2025-08-16,2025-09-19,2025-09-19,30,28,1
PO007363,S027,P0343,W01,2025-12-02,2026-01-04,2026-01-03,100,87,8
PO007364,S023,P0319,W07,2025-09-29,2025-10-04,2025-10-04,285,261,21
PO007365,S024,P0327,W10,2025-12-11,2026-01-02,2025-12-31,100,91,9
PO007366,S039,P0158,W10,2025-03-15,2025-03-26,2025-03-25,77,71,3
PO007367,S039,P0203,W10,2025-08-15,2025-08-30,2025-08-29,73,69,3
PO007368,S001,P0274,W08,2025-02-03,2025-02-10,2025-02-08,168,156,7
PO007369,S005,P0122,W04,2025-02-21,2025-03-19,2025-03-19,27,27,0
PO007370,S024,P0203,W14,2025-09-06,2025-10-11,2025-10-11,130,118,9
PO007371,S017,P0138,W10,2026-06-17,2026-07-12,2026-07-10,87,80,5
PO007372,S021,P0271,W02,2025-12-31,2026-01-13,2026-01-11,11,9,1
PO007373,S034,P0052,W04,2025-10-29,2025-11-03,2025-11-07,66,59,4
PO007374,S002,P0392,W13,2026-05-09,2026-06-11,2026-06-10,132,119,9
PO007375,S008,P0387,W11,2025-04-30,2025-05-14,2025-05-14,53,51,1
PO007376,S039,P0323,W08,2025-01-26,2025-02-11,2025-02-10,47,43,3
PO007377,S005,P0383,W05,2025-09-21,2025-10-02,2025-10-02,16,15,0
PO007378,S038,P0265,W09,2026-05-10,2026-05-24,2026-05-26,81,71,6
PO007379,S027,P0394,W10,2026-05-12,2026-06-06,2026-06-18,66,59,5
PO007380,S013,P0087,W10,2025-09-27,2025-10-31,2025-11-08,66,64,1
PO007381,S028,P0147,W14,2025-09-17,2025-10-21,2025-10-20,41,37,3
PO007382,S016,P0172,W04,2025-04-27,2025-05-16,2025-05-14,40,36,2
PO007383,S032,P0137,W12,2025-12-20,2026-01-06,2026-01-04,53,52,1
PO007384,S017,P0342,W07,2025-09-30,2025-10-24,2025-10-22,25,23,1
PO007385,S020,P0198,W02,2026-02-27,2026-03-06,2026-03-06,63,56,5
PO007386,S037,P0316,W08,2025-04-28,2025-05-12,2025-05-10,54,50,2
PO007387,S003,P0237,W08,2025-01-31,2025-02-18,2025-02-23,77,71,3
PO007388,S031,P0146,W11,2026-02-12,2026-02-27,2026-02-26,77,72,5
PO007389,S006,P0125,W04,2026-01-21,2026-01-24,2026-01-31,28,26,1
PO007390,S009,P0391,W08,2026-02-18,2026-03-11,2026-03-09,72,67,2
PO007391,S028,P0385,W12,2025-06-22,2025-07-28,2025-07-28,56,52,4
PO007392,S027,P0232,W12,2025-05-06,2025-05-21,2025-05-31,28,26,2
PO007393,S029,P0136,W13,2025-03-03,2025-03-07,2025-03-07,93,87,4
PO007394,S015,P0112,W13,2025-08-16,2025-08-31,2025-08-29,26,22,3
PO007395,S012,P0300,W09,2026-05-04,2026-06-10,2026-06-09,96,92,3
PO007396,S013,P0339,W08,2026-05-10,2026-06-16,2026-06-14,117,115,2
PO007397,S033,P0294,W10,2026-03-30,2026-05-07,2026-05-05,142,126,13
PO007398,S013,P0306,W13,2025-10-14,2025-11-18,2025-11-16,168,158,2
PO007399,S034,P0197,W06,2025-10-13,2025-10-26,2025-10-25,76,70,4
PO007400,S007,P0182,W08,2025-11-15,2025-12-14,2025-12-12,160,139,21
PO007401,S029,P0285,W14,2025-03-09,2025-03-12,2025-03-11,146,136,5
PO007402,S027,P0109,W12,2025-11-09,2025-12-15,2025-12-13,38,34,3
PO007403,S011,P0332,W08,2026-06-16,2026-06-29,2026-06-29,45,44,1
PO007404,S037,P0160,W04,2025-02-27,2025-03-14,2025-03-13,130,119,6
PO007405,S038,P0265,W01,2026-01-24,2026-02-06,2026-02-05,73,68,4
PO007406,S008,P0274,W13,2026-06-12,2026-06-20,2026-06-25,22,20,1
PO007407,S039,P0051,W01,2026-04-05,2026-04-29,2026-04-27,174,155,11
PO007408,S027,P0209,W08,2025-10-28,2025-11-12,2025-11-17,62,58,4
PO007409,S019,P0317,W10,2026-01-25,2026-02-07,2026-02-06,77,73,3
PO007410,S007,P0087,W09,2026-05-10,2026-06-08,2026-06-16,126,107,15
PO007411,S024,P0231,W13,2026-04-19,2026-05-14,2026-05-14,39,36,3
PO007412,S004,P0010,W14,2026-02-11,2026-03-06,2026-03-05,84,75,8
PO007413,S002,P0243,W08,2025-08-09,2025-09-08,2025-09-12,87,78,7
PO007414,S031,P0333,W11,2025-01-23,2025-02-09,2025-02-13,106,94,8
PO007415,S040,P0300,W06,2025-03-10,2025-03-30,2025-03-29,58,56,2
PO007416,S021,P0010,W04,2026-03-23,2026-03-28,2026-03-28,80,70,10
PO007417,S014,P0273,W04,2026-04-15,2026-04-27,2026-04-26,42,38,2
PO007418,S023,P0340,W02,2026-02-05,2026-02-14,2026-02-12,76,69,7
PO007419,S020,P0008,W09,2025-06-24,2025-07-07,2025-07-07,56,51,5
PO007420,S004,P0164,W04,2026-03-23,2026-04-16,2026-04-15,150,134,15
PO007421,S006,P0274,W14,2025-07-01,2025-07-08,2025-07-07,186,179,5
PO007422,S039,P0374,W03,2025-06-30,2025-07-11,2025-07-21,31,29,1
PO007423,S024,P0085,W09,2025-02-27,2025-04-02,2025-04-02,13,11,1
PO007424,S009,P0186,W08,2026-03-03,2026-03-26,2026-03-26,89,81,6
PO007425,S007,P0053,W09,2026-04-27,2026-05-28,2026-05-28,208,184,24
PO007426,S003,P0183,W10,2026-06-13,2026-06-27,2026-07-03,93,89,3
PO007427,S005,P0077,W03,2025-10-24,2025-11-21,2025-11-20,47,46,1
PO007428,S009,P0092,W07,2025-11-06,2025-11-24,2025-11-23,130,121,9
PO007429,S032,P0112,W02,2026-03-19,2026-04-05,2026-04-05,57,55,2
PO007430,S012,P0011,W04,2026-06-12,2026-07-23,2026-07-21,105,104,1
PO007431,S005,P0173,W15,2026-06-28,2026-07-24,2026-07-24,41,39,1
PO007432,S036,P0283,W15,2026-04-25,2026-05-26,2026-06-01,66,61,3
PO007433,S017,P0312,W08,2026-04-14,2026-05-04,2026-05-08,96,91,5
PO007434,S014,P0071,W05,2025-04-15,2025-04-23,2025-04-22,53,48,4
PO007435,S029,P0133,W12,2026-02-08,2026-02-22,2026-02-20,34,34,0
PO007436,S035,P0137,W01,2025-07-25,2025-08-10,2025-08-08,52,45,5
PO007437,S022,P0212,W08,2025-06-09,2025-06-25,2025-06-24,97,93,3
PO007438,S013,P0209,W03,2025-10-25,2025-11-30,2025-11-28,36,35,1
PO007439,S028,P0196,W14,2025-05-07,2025-06-07,2025-06-05,80,73,5
PO007440,S030,P0242,W13,2026-02-16,2026-03-02,2026-03-02,136,121,9
PO007441,S032,P0346,W10,2025-01-31,2025-02-20,2025-02-19,72,71,0
PO007442,S001,P0269,W03,2025-07-28,2025-08-04,2025-08-03,96,91,1
PO007443,S023,P0193,W12,2025-07-04,2025-07-10,2025-07-09,31,28,3
PO007444,S030,P0398,W09,2025-12-14,2026-01-06,2026-01-05,48,45,3
PO007445,S005,P0205,W07,2025-05-07,2025-05-22,2025-05-22,74,69,2
PO007446,S031,P0122,W12,2025-09-13,2025-10-04,2025-10-04,108,99,8
PO007447,S031,P0045,W04,2026-01-05,2026-01-24,2026-01-22,210,186,17
PO007448,S014,P0212,W15,2026-05-18,2026-05-21,2026-05-31,79,70,6
PO007449,S014,P0018,W05,2025-12-23,2026-01-03,2026-01-02,102,93,8
PO007450,S037,P0039,W07,2025-01-21,2025-02-03,2025-02-02,80,73,3
PO007451,S015,P0286,W03,2025-11-18,2025-12-04,2025-12-04,47,41,4
PO007452,S036,P0140,W14,2025-06-16,2025-07-16,2025-07-15,44,41,1
PO007453,S027,P0169,W05,2025-03-10,2025-04-05,2025-04-06,66,58,7
PO007454,S003,P0214,W03,2025-05-13,2025-06-01,2025-05-30,133,124,5
PO007455,S018,P0278,W13,2025-10-29,2025-11-19,2025-11-23,76,67,8
PO007456,S007,P0348,W11,2025-02-26,2025-04-01,2025-04-03,32,28,3
PO007457,S001,P0229,W04,2025-09-26,2025-09-29,2025-09-29,42,40,0
PO007458,S008,P0323,W11,2025-03-17,2025-03-24,2025-03-24,57,55,2
PO007459,S013,P0210,W05,2026-06-08,2026-07-15,2026-07-15,20,19,0
PO007460,S035,P0175,W15,2026-03-10,2026-03-31,2026-03-30,61,52,7
PO007461,S006,P0081,W01,2026-06-14,2026-06-25,2026-06-24,76,71,3
PO007462,S009,P0238,W10,2025-03-15,2025-03-31,2025-03-29,45,41,2
PO007463,S008,P0312,W10,2025-06-02,2025-06-12,2025-06-16,66,61,3
PO007464,S002,P0204,W13,2025-03-07,2025-03-27,2025-03-25,24,22,1
PO007465,S005,P0353,W15,2025-07-06,2025-07-24,2025-07-23,94,88,3
PO007466,S012,P0038,W01,2025-04-02,2025-05-01,2025-04-29,40,37,1
PO007467,S009,P0384,W05,2025-05-11,2025-06-01,2025-06-01,38,36,1
PO007468,S025,P0192,W01,2026-04-22,2026-05-15,2026-05-15,72,65,4
PO007469,S038,P0287,W13,2026-06-01,2026-06-22,2026-06-21,21,19,1
PO007470,S022,P0168,W06,2025-12-17,2025-12-31,2025-12-29,184,176,7
PO007471,S006,P0030,W13,2025-05-23,2025-05-26,2025-05-25,47,46,1
PO007472,S027,P0102,W01,2025-12-01,2025-12-31,2025-12-29,66,60,4
PO007473,S010,P0037,W03,2026-05-16,2026-06-15,2026-06-14,255,225,21
PO007474,S018,P0202,W07,2025-02-25,2025-03-21,2025-03-20,23,20,2
PO007475,S036,P0298,W10,2025-03-31,2025-04-21,2025-04-30,41,38,2
PO007476,S028,P0022,W02,2026-04-08,2026-04-28,2026-04-26,37,33,3
PO007477,S018,P0141,W09,2025-06-20,2025-07-15,2025-07-14,93,80,10
PO007478,S027,P0145,W02,2026-01-27,2026-02-25,2026-02-23,26,25,1
PO007479,S018,P0080,W10,2025-10-05,2025-10-18,2025-10-20,78,69,8
PO007480,S038,P0175,W04,2025-08-04,2025-08-18,2025-08-27,116,99,12
PO007481,S025,P0330,W09,2026-02-19,2026-03-13,2026-03-17,20,19,1
PO007482,S006,P0200,W11,2025-11-18,2025-11-24,2025-11-22,63,59,4
PO007483,S022,P0049,W09,2026-02-19,2026-03-06,2026-03-06,49,46,2
PO007484,S007,P0308,W12,2025-12-20,2026-01-22,2026-01-26,36,32,3
PO007485,S026,P0086,W14,2025-05-10,2025-05-28,2025-05-26,107,92,10
PO007486,S017,P0098,W15,2025-04-21,2025-05-16,2025-05-14,85,77,5
PO007487,S007,P0238,W07,2025-05-20,2025-06-28,2025-06-26,49,44,5
PO007488,S032,P0180,W08,2026-04-09,2026-05-02,2026-04-30,48,45,1
PO007489,S002,P0012,W03,2025-08-12,2025-09-04,2025-09-02,78,73,4
PO007490,S027,P0090,W15,2025-01-04,2025-01-28,2025-01-26,48,43,3
PO007491,S007,P0235,W07,2026-06-23,2026-07-27,2026-07-27,142,122,14
PO007492,S018,P0283,W03,2025-06-04,2025-06-28,2025-06-26,50,44,5
PO007493,S022,P0320,W15,2025-03-03,2025-03-23,2025-03-22,47,46,1
PO007494,S015,P0337,W04,2025-07-16,2025-07-19,2025-07-18,131,110,15
PO007495,S040,P0210,W14,2026-04-29,2026-05-06,2026-05-15,99,98,0
PO007496,S024,P0005,W10,2026-04-14,2026-05-18,2026-05-24,32,31,1
PO007497,S025,P0183,W08,2026-02-23,2026-03-09,2026-03-07,64,59,3
PO007498,S023,P0369,W15,2025-09-06,2025-09-10,2025-09-22,91,81,6
PO007499,S010,P0021,W01,2026-04-24,2026-05-26,2026-05-25,110,96,10
PO007500,S025,P0110,W07,2025-07-05,2025-08-03,2025-08-01,450,416,20
PO007501,S034,P0171,W10,2026-04-24,2026-04-29,2026-04-30,109,100,6
PO007502,S021,P0180,W12,2026-02-05,2026-02-08,2026-02-08,79,70,8
PO007503,S027,P0375,W12,2025-08-04,2025-09-01,2025-09-01,22,19,2
PO007504,S036,P0069,W03,2026-04-13,2026-05-10,2026-05-22,57,51,5
PO007505,S032,P0092,W07,2025-09-21,2025-10-08,2025-10-08,13,13,0
PO007506,S010,P0188,W13,2026-03-21,2026-04-19,2026-04-17,69,63,4
PO007507,S029,P0161,W11,2026-01-24,2026-01-28,2026-01-27,68,66,2
PO007508,S033,P0205,W01,2026-03-06,2026-04-04,2026-04-03,69,60,6
PO007509,S037,P0180,W08,2025-01-26,2025-02-07,2025-02-05,50,47,1
PO007510,S004,P0151,W05,2026-05-13,2026-06-01,2026-05-31,103,93,9
PO007511,S018,P0031,W01,2025-07-04,2025-08-04,2025-08-04,50,43,6
PO007512,S022,P0093,W07,2025-05-23,2025-06-15,2025-06-13,31,29,1
PO007513,S036,P0148,W09,2026-02-02,2026-03-10,2026-03-10,64,61,3
PO007514,S012,P0157,W09,2026-06-16,2026-07-19,2026-07-18,115,107,4
PO007515,S008,P0102,W07,2026-03-22,2026-04-07,2026-04-05,127,117,5
PO007516,S031,P0310,W03,2026-04-26,2026-05-17,2026-05-15,96,87,7
PO007517,S023,P0377,W04,2025-07-10,2025-07-21,2025-07-21,167,145,14
PO007518,S031,P0138,W13,2026-05-30,2026-06-15,2026-06-19,25,23,1
PO007519,S022,P0157,W05,2025-02-16,2025-03-03,2025-03-03,102,96,3
PO007520,S028,P0193,W11,2025-03-25,2025-04-24,2025-04-24,47,41,4
PO007521,S034,P0108,W02,2025-07-22,2025-07-25,2025-07-28,41,38,2
PO007522,S040,P0323,W09,2026-05-04,2026-05-16,2026-05-16,14,13,0
PO007523,S004,P0268,W02,2025-09-29,2025-10-18,2025-10-17,96,81,11
PO007524,S013,P0347,W04,2025-12-08,2026-01-06,2026-01-05,101,93,4
PO007525,S005,P0122,W09,2026-03-09,2026-04-05,2026-04-03,258,254,1
PO007526,S028,P0046,W04,2025-07-17,2025-08-09,2025-08-08,37,34,2
PO007527,S019,P0163,W15,2025-09-20,2025-10-12,2025-10-11,61,55,3
PO007528,S026,P0307,W10,2025-10-26,2025-11-17,2025-11-17,23,21,2
PO007529,S034,P0247,W11,2025-01-31,2025-02-11,2025-02-14,38,35,2
PO007530,S040,P0245,W13,2025-03-29,2025-04-01,2025-03-30,66,63,2
PO007531,S031,P0348,W12,2025-07-02,2025-07-10,2025-07-10,37,35,2
PO007532,S011,P0014,W01,2025-09-03,2025-09-19,2025-09-17,39,37,1
PO007533,S008,P0012,W01,2025-09-08,2025-09-21,2025-10-03,42,40,0
PO007534,S012,P0276,W11,2025-03-11,2025-04-10,2025-04-10,133,125,2
PO007535,S024,P0306,W13,2025-05-26,2025-07-04,2025-07-02,29,26,3
PO007536,S007,P0369,W07,2026-03-01,2026-04-15,2026-04-13,48,40,6
PO007537,S002,P0168,W07,2026-05-25,2026-06-22,2026-06-22,134,121,10
PO007538,S019,P0155,W04,2025-05-21,2025-06-12,2025-06-10,78,70,5
PO007539,S024,P0083,W05,2025-08-10,2025-09-10,2025-09-10,277,245,26
PO007540,S040,P0178,W06,2025-11-12,2025-11-30,2025-11-29,93,91,1
PO007541,S022,P0064,W09,2025-05-12,2025-06-02,2025-05-31,67,64,3
PO007542,S021,P0113,W08,2025-04-19,2025-04-26,2025-04-24,43,40,3
PO007543,S003,P0111,W04,2025-03-10,2025-04-05,2025-04-04,98,95,3
PO007544,S032,P0276,W13,2026-03-15,2026-04-02,2026-04-02,71,70,0
PO007545,S017,P0093,W08,2026-04-03,2026-04-26,2026-04-26,26,24,1
PO007546,S033,P0273,W15,2025-03-16,2025-04-14,2025-04-12,110,97,9
PO007547,S017,P0391,W10,2025-02-05,2025-02-26,2025-02-24,36,34,2
PO007548,S034,P0014,W13,2026-05-12,2026-05-25,2026-05-23,56,52,4
PO007549,S023,P0198,W05,2025-11-05,2025-11-14,2025-11-12,24,22,1
PO007550,S016,P0285,W11,2025-02-07,2025-02-23,2025-02-21,28,25,2
PO007551,S025,P0341,W11,2026-05-17,2026-06-20,2026-06-19,58,55,2
PO007552,S010,P0069,W13,2025-03-07,2025-04-02,2025-03-31,130,114,13
PO007553,S025,P0003,W03,2026-05-02,2026-05-23,2026-05-21,157,144,7
PO007554,S034,P0325,W12,2025-06-26,2025-07-06,2025-07-06,80,72,4
PO007555,S033,P0245,W04,2025-11-24,2025-12-26,2025-12-25,37,34,3
PO007556,S027,P0235,W04,2025-09-21,2025-10-24,2025-10-24,104,92,7
PO007557,S034,P0373,W08,2026-05-02,2026-05-07,2026-05-07,36,34,2
PO007558,S012,P0275,W12,2026-06-23,2026-07-27,2026-08-07,36,34,1
PO007559,S034,P0035,W02,2026-04-20,2026-04-29,2026-04-29,49,47,2
PO007560,S019,P0121,W02,2025-08-10,2025-08-24,2025-08-27,88,85,3
PO007561,S017,P0327,W05,2025-02-21,2025-03-15,2025-03-15,68,61,4
PO007562,S003,P0187,W05,2025-08-12,2025-09-03,2025-09-03,26,24,1
PO007563,S024,P0123,W04,2025-06-22,2025-07-31,2025-07-29,60,53,5
PO007564,S027,P0288,W06,2025-06-16,2025-07-11,2025-07-09,80,71,7
PO007565,S029,P0194,W10,2025-08-24,2025-09-03,2025-09-03,40,37,2
PO007566,S016,P0206,W02,2025-06-23,2025-07-08,2025-07-06,93,85,7
PO007567,S021,P0248,W05,2026-01-11,2026-01-24,2026-01-24,65,57,5
PO007568,S025,P0212,W03,2025-03-06,2025-03-30,2025-03-28,124,118,6
PO007569,S018,P0384,W04,2025-02-02,2025-02-20,2025-02-19,94,83,10
PO007570,S018,P0036,W07,2026-03-08,2026-03-26,2026-03-26,125,107,13
PO007571,S017,P0196,W15,2026-03-09,2026-04-06,2026-04-05,78,71,4
PO007572,S032,P0064,W03,2025-01-06,2025-01-26,2025-02-05,89,88,1
PO007573,S009,P0115,W11,2025-10-03,2025-10-22,2025-10-31,308,277,16
PO007574,S027,P0379,W03,2025-01-10,2025-02-10,2025-02-08,69,62,4
PO007575,S006,P0288,W14,2025-02-28,2025-03-06,2025-03-04,79,73,3
PO007576,S020,P0041,W07,2025-08-01,2025-08-14,2025-08-12,61,53,7
PO007577,S004,P0051,W08,2026-06-27,2026-07-15,2026-07-13,62,56,6
PO007578,S032,P0181,W08,2025-05-03,2025-05-10,2025-05-09,121,117,4
PO007579,S007,P0149,W04,2025-02-19,2025-03-23,2025-03-23,81,73,8
PO007580,S027,P0201,W14,2026-03-28,2026-04-27,2026-05-08,36,33,3
PO007581,S026,P0290,W10,2025-07-06,2025-07-22,2025-07-21,79,70,8
PO007582,S002,P0371,W01,2025-06-05,2025-07-03,2025-07-02,101,94,5
PO007583,S032,P0065,W02,2025-06-22,2025-07-09,2025-07-07,78,74,3
PO007584,S024,P0182,W13,2026-06-09,2026-07-18,2026-07-19,29,27,2
PO007585,S007,P0300,W07,2025-09-03,2025-10-08,2025-10-08,75,65,7
PO007586,S016,P0314,W09,2026-06-21,2026-07-14,2026-07-18,95,89,6
PO007587,S004,P0013,W13,2026-06-04,2026-06-17,2026-06-28,93,85,6
PO007588,S035,P0262,W12,2025-11-20,2025-12-07,2025-12-07,104,91,9
PO007589,S039,P0133,W12,2025-07-17,2025-08-09,2025-08-09,67,62,3
PO007590,S038,P0080,W11,2026-01-21,2026-02-19,2026-02-17,46,42,3
PO007591,S003,P0233,W07,2025-07-30,2025-08-22,2025-08-22,62,56,3
PO007592,S033,P0167,W05,2026-04-28,2026-05-25,2026-06-03,35,33,2
PO007593,S028,P0297,W04,2026-04-09,2026-04-26,2026-04-25,97,84,9
PO007594,S037,P0264,W09,2025-04-15,2025-04-23,2025-04-21,70,67,1
PO007595,S040,P0231,W09,2025-07-24,2025-08-06,2025-08-06,48,45,1
PO007596,S028,P0200,W03,2025-02-20,2025-03-11,2025-03-09,89,87,2
PO007597,S010,P0184,W12,2025-11-14,2025-12-14,2025-12-12,28,25,3
PO007598,S020,P0028,W02,2026-06-25,2026-07-02,2026-07-11,56,50,4
PO007599,S007,P0226,W03,2025-04-23,2025-05-31,2025-06-08,31,29,2
PO007600,S040,P0273,W13,2025-10-14,2025-10-17,2025-10-17,41,40,0
PO007601,S025,P0297,W05,2026-05-29,2026-06-22,2026-06-22,108,99,6
PO007602,S017,P0265,W12,2025-01-23,2025-02-16,2025-02-17,47,43,3
PO007603,S003,P0359,W02,2026-06-04,2026-06-26,2026-06-24,83,79,0
PO007604,S010,P0193,W15,2025-09-16,2025-10-11,2025-10-10,59,54,5
PO007605,S008,P0377,W05,2026-05-11,2026-05-27,2026-06-04,49,46,1
PO007606,S006,P0075,W01,2025-05-24,2025-05-31,2025-06-01,53,50,2
PO007607,S024,P0285,W06,2025-08-24,2025-10-07,2025-10-07,59,54,5
PO007608,S027,P0348,W10,2025-01-20,2025-02-23,2025-03-04,25,24,1
PO007609,S021,P0366,W14,2025-12-21,2026-01-08,2026-01-06,134,116,13
PO007610,S037,P0024,W02,2026-05-23,2026-06-05,2026-06-03,63,60,1
PO007611,S038,P0197,W04,2025-10-20,2025-11-11,2025-11-18,47,44,3
PO007612,S011,P0158,W01,2025-12-12,2025-12-23,2025-12-23,28,27,1
PO007613,S006,P0176,W10,2025-03-02,2025-03-16,2025-03-16,134,125,7
PO007614,S002,P0207,W05,2026-05-09,2026-06-02,2026-06-02,34,31,2
PO007615,S040,P0006,W05,2025-06-09,2025-06-14,2025-06-13,144,141,2
PO007616,S035,P0291,W06,2025-11-14,2025-12-06,2025-12-04,93,87,6
PO007617,S021,P0115,W11,2025-09-02,2025-09-07,2025-09-07,125,112,11
PO007618,S009,P0246,W07,2025-01-25,2025-02-02,2025-01-31,42,39,1
PO007619,S039,P0349,W14,2025-05-30,2025-06-17,2025-06-15,25,24,1
PO007620,S017,P0089,W04,2026-03-29,2026-04-28,2026-04-27,63,59,3
PO007621,S004,P0028,W15,2025-05-07,2025-05-26,2025-05-24,19,18,1
PO007622,S040,P0141,W05,2025-07-17,2025-08-04,2025-08-02,62,61,1
PO007623,S015,P0326,W14,2025-11-30,2025-12-16,2025-12-23,58,52,6
PO007624,S007,P0059,W06,2025-09-05,2025-10-12,2025-10-11,103,90,13
PO007625,S027,P0321,W04,2025-12-26,2026-01-25,2026-01-25,54,49,5
PO007626,S018,P0202,W10,2025-11-01,2025-11-21,2025-11-19,54,49,5
PO007627,S012,P0362,W14,2026-04-22,2026-05-16,2026-05-16,32,30,2
PO007628,S024,P0176,W06,2026-04-04,2026-05-05,2026-05-05,31,29,2
PO007629,S033,P0212,W10,2025-11-27,2026-01-05,2026-01-03,39,35,4
PO007630,S021,P0330,W11,2025-11-19,2025-11-22,2025-11-22,35,31,3
PO007631,S033,P0186,W02,2025-03-31,2025-05-06,2025-05-06,24,22,1
PO007632,S039,P0002,W14,2026-01-24,2026-02-10,2026-02-10,29,27,2
PO007633,S036,P0294,W04,2025-10-27,2025-12-01,2025-12-01,30,29,1
PO007634,S029,P0099,W13,2026-02-04,2026-02-09,2026-02-08,12,11,0
PO007635,S010,P0141,W02,2026-03-14,2026-04-17,2026-04-16,139,122,12
PO007636,S015,P0168,W12,2026-03-02,2026-03-20,2026-03-28,70,61,9
PO007637,S029,P0127,W14,2025-09-25,2025-10-05,2025-10-04,169,162,1
PO007638,S036,P0135,W14,2025-10-01,2025-10-29,2025-10-27,46,44,2
PO007639,S039,P0354,W02,2026-06-14,2026-07-04,2026-07-02,91,83,4
PO007640,S026,P0189,W14,2025-02-04,2025-02-19,2025-02-17,86,74,8
PO007641,S038,P0080,W01,2025-04-10,2025-05-05,2025-05-15,187,161,18
PO007642,S017,P0133,W01,2025-07-14,2025-08-17,2025-08-15,25,24,1
PO007643,S037,P0293,W02,2025-01-08,2025-01-15,2025-01-14,246,231,12
PO007644,S013,P0199,W12,2025-03-12,2025-04-10,2025-04-09,68,65,0
PO007645,S020,P0033,W04,2025-05-22,2025-06-01,2025-06-01,69,63,5
PO007646,S025,P0053,W15,2025-03-19,2025-04-11,2025-04-10,109,108,1
PO007647,S040,P0392,W13,2025-11-15,2025-11-27,2025-11-27,62,62,0
PO007648,S033,P0349,W11,2025-06-20,2025-07-21,2025-07-21,160,141,14
PO007649,S003,P0154,W04,2025-04-12,2025-05-06,2025-05-04,16,15,0
PO007650,S019,P0140,W03,2026-04-08,2026-04-22,2026-04-20,139,131,6
PO007651,S033,P0090,W10,2026-01-04,2026-02-14,2026-02-13,33,31,2
PO007652,S017,P0073,W10,2025-11-22,2025-12-12,2025-12-11,95,85,6
PO007653,S020,P0207,W05,2025-12-09,2025-12-26,2025-12-25,31,28,3
PO007654,S036,P0045,W04,2026-01-31,2026-02-28,2026-02-27,56,51,3
PO007655,S023,P0019,W15,2025-02-27,2025-03-11,2025-03-10,52,46,5
PO007656,S038,P0020,W08,2025-11-21,2025-12-04,2025-12-03,100,90,8
PO007657,S029,P0015,W07,2025-11-26,2025-12-09,2025-12-09,74,69,2
PO007658,S028,P0289,W14,2025-07-13,2025-08-12,2025-08-12,27,26,1
PO007659,S004,P0059,W15,2026-05-04,2026-05-29,2026-05-27,25,22,2
PO007660,S024,P0284,W09,2025-10-13,2025-11-13,2025-11-11,58,53,5
PO007661,S016,P0080,W05,2025-10-19,2025-11-05,2025-11-03,39,35,3
PO007662,S007,P0372,W12,2026-06-10,2026-07-14,2026-07-12,144,128,14
PO007663,S024,P0116,W05,2025-10-24,2025-11-30,2025-11-30,85,76,8
PO007664,S005,P0184,W13,2025-07-28,2025-08-09,2025-08-09,62,61,1
PO007665,S006,P0262,W04,2025-06-17,2025-06-27,2025-06-27,73,66,4
PO007666,S037,P0310,W15,2025-12-02,2025-12-05,2025-12-04,117,113,4
PO007667,S034,P0232,W11,2025-09-17,2025-09-25,2025-09-23,86,79,6
PO007668,S017,P0203,W08,2026-05-24,2026-07-01,2026-07-01,241,218,17
PO007669,S036,P0058,W03,2025-10-18,2025-11-15,2025-11-13,61,58,2
PO007670,S015,P0041,W04,2025-10-18,2025-11-01,2025-10-31,30,27,3
PO007671,S040,P0203,W09,2026-04-26,2026-05-02,2026-05-12,138,134,0
PO007672,S030,P0174,W13,2025-12-27,2026-01-13,2026-01-14,146,131,14
PO007673,S016,P0313,W11,2025-12-14,2026-01-08,2026-01-08,23,21,1
PO007674,S020,P0354,W11,2025-08-22,2025-08-28,2025-08-27,85,73,9
PO007675,S038,P0246,W04,2025-09-09,2025-10-01,2025-10-06,121,103,12
PO007676,S038,P0228,W04,2025-08-04,2025-09-01,2025-09-01,137,127,9
PO007677,S023,P0097,W11,2025-12-10,2025-12-19,2025-12-19,73,66,5
PO007678,S040,P0115,W15,2025-07-22,2025-07-25,2025-07-25,50,49,0
PO007679,S010,P0290,W11,2026-01-25,2026-02-19,2026-02-19,34,30,3
PO007680,S004,P0203,W10,2025-05-25,2025-06-19,2025-06-18,26,24,2
PO007681,S034,P0227,W11,2025-02-07,2025-02-10,2025-02-08,54,48,4
PO007682,S039,P0067,W01,2025-05-01,2025-05-21,2025-05-28,49,47,2
PO007683,S033,P0147,W08,2025-01-11,2025-02-14,2025-02-13,35,32,2
PO007684,S002,P0105,W13,2026-04-10,2026-05-11,2026-05-10,97,91,4
PO007685,S020,P0133,W01,2025-11-10,2025-11-20,2025-11-19,144,130,11
PO007686,S036,P0362,W07,2025-12-05,2026-01-07,2026-01-05,71,67,2
PO007687,S004,P0232,W01,2026-05-23,2026-06-13,2026-06-11,28,24,3
PO007688,S038,P0157,W15,2026-05-10,2026-06-06,2026-06-06,25,22,2
PO007689,S034,P0215,W05,2026-03-16,2026-03-24,2026-03-24,46,43,2
PO007690,S037,P0258,W12,2025-04-16,2025-04-20,2025-04-19,42,40,1
PO007691,S022,P0275,W07,2025-09-16,2025-10-01,2025-09-29,43,40,2
PO007692,S034,P0156,W04,2025-03-01,2025-03-20,2025-03-19,121,114,3
PO007693,S020,P0364,W06,2025-07-25,2025-08-12,2025-08-15,39,36,3
PO007694,S010,P0220,W14,2026-04-22,2026-05-10,2026-05-08,50,46,4
PO007695,S036,P0187,W12,2026-04-02,2026-04-29,2026-04-29,39,37,2
PO007696,S005,P0111,W10,2025-01-28,2025-02-24,2025-02-22,295,279,5
PO007697,S008,P0135,W14,2026-06-15,2026-06-26,2026-06-27,34,31,2
PO007698,S022,P0172,W04,2025-05-25,2025-06-06,2025-06-14,96,88,6
PO007699,S032,P0383,W14,2025-04-23,2025-05-08,2025-05-08,92,88,4
PO007700,S016,P0127,W06,2026-03-29,2026-04-09,2026-04-08,19,17,1
PO007701,S034,P0370,W03,2026-01-28,2026-02-05,2026-02-03,25,23,1
PO007702,S029,P0218,W10,2025-01-12,2025-01-23,2025-01-22,306,280,18
PO007703,S023,P0279,W11,2025-06-01,2025-06-14,2025-06-14,54,49,4
PO007704,S028,P0183,W05,2026-06-25,2026-07-18,2026-07-16,127,116,10
PO007705,S023,P0204,W15,2026-06-01,2026-06-11,2026-06-09,82,76,6
PO007706,S034,P0390,W15,2025-11-15,2025-11-25,2025-11-24,56,53,2
PO007707,S036,P0248,W09,2026-06-08,2026-07-02,2026-07-14,51,48,2
PO007708,S015,P0267,W15,2025-12-12,2025-12-26,2025-12-26,113,98,12
PO007709,S012,P0251,W05,2025-04-29,2025-05-26,2025-05-25,79,71,5
PO007710,S013,P0284,W07,2026-01-12,2026-02-07,2026-02-06,38,38,0
PO007711,S028,P0216,W09,2025-05-20,2025-06-12,2025-06-11,183,161,17
PO007712,S012,P0161,W06,2025-04-27,2025-06-04,2025-06-04,95,89,5
PO007713,S018,P0143,W03,2025-11-23,2025-12-17,2025-12-18,76,68,7
PO007714,S012,P0344,W08,2026-03-14,2026-04-18,2026-04-16,63,59,2
PO007715,S032,P0004,W14,2025-07-12,2025-07-28,2025-07-26,74,70,3
PO007716,S001,P0295,W04,2025-06-26,2025-06-29,2025-06-29,100,97,1
PO007717,S006,P0261,W08,2025-02-08,2025-02-12,2025-02-10,107,102,5
PO007718,S036,P0374,W15,2025-07-18,2025-08-24,2025-08-23,90,87,3
PO007719,S002,P0203,W07,2025-07-16,2025-08-21,2025-08-21,57,51,4
PO007720,S014,P0047,W02,2025-01-14,2025-01-26,2025-01-26,39,38,1
PO007721,S017,P0207,W02,2026-03-28,2026-04-18,2026-04-18,153,141,6
PO007722,S006,P0119,W03,2026-02-19,2026-02-26,2026-02-26,97,95,2
PO007723,S017,P0052,W04,2025-05-22,2025-06-12,2025-06-12,46,41,3
PO007724,S021,P0217,W12,2026-05-14,2026-05-24,2026-05-24,27,25,2
PO007725,S013,P0354,W07,2025-08-31,2025-09-30,2025-09-28,88,85,1
PO007726,S034,P0330,W07,2025-09-23,2025-10-02,2025-10-02,81,74,6
PO007727,S010,P0354,W12,2025-04-12,2025-05-03,2025-05-01,43,39,2
PO007728,S039,P0249,W15,2026-06-12,2026-07-09,2026-07-21,30,29,1
PO007729,S034,P0305,W02,2026-01-19,2026-02-11,2026-02-10,57,54,2
PO007730,S005,P0340,W14,2026-03-19,2026-04-05,2026-04-05,84,80,3
PO007731,S008,P0347,W10,2025-09-15,2025-10-01,2025-09-29,171,161,8
PO007732,S012,P0397,W02,2026-05-27,2026-06-24,2026-06-24,87,79,4
PO007733,S003,P0244,W09,2025-08-19,2025-09-15,2025-09-15,95,90,3
PO007734,S022,P0158,W07,2026-02-09,2026-02-23,2026-03-06,69,66,2
PO007735,S022,P0323,W15,2025-08-01,2025-08-16,2025-08-15,79,72,5
PO007736,S005,P0250,W06,2026-04-08,2026-04-25,2026-05-06,20,20,0
PO007737,S022,P0207,W13,2026-04-28,2026-05-16,2026-05-14,87,81,2
PO007738,S028,P0088,W08,2025-10-22,2025-11-17,2025-11-16,20,19,1
PO007739,S004,P0166,W13,2025-08-04,2025-08-27,2025-08-26,97,89,8
PO007740,S036,P0311,W04,2026-06-29,2026-08-04,2026-08-04,80,76,3
PO007741,S003,P0373,W12,2026-01-20,2026-02-05,2026-02-04,157,145,8
PO007742,S023,P0363,W08,2026-05-01,2026-05-21,2026-05-21,18,17,1
PO007743,S012,P0312,W09,2026-06-08,2026-07-08,2026-07-07,112,108,3
PO007744,S005,P0232,W08,2025-09-14,2025-10-08,2025-10-06,100,94,5
PO007745,S024,P0250,W06,2025-12-31,2026-01-29,2026-01-29,37,34,3
PO007746,S040,P0226,W08,2026-01-02,2026-01-17,2026-01-17,253,245,7
PO007747,S039,P0173,W15,2026-05-28,2026-06-14,2026-06-17,33,31,1
PO007748,S038,P0380,W11,2026-02-02,2026-02-20,2026-02-18,117,106,7
PO007749,S017,P0027,W03,2025-12-07,2025-12-27,2025-12-26,133,116,12
PO007750,S036,P0342,W01,2025-12-30,2026-01-30,2026-01-28,80,76,4
PO007751,S007,P0260,W02,2025-06-19,2025-07-21,2025-07-19,39,36,3
PO007752,S017,P0362,W02,2025-03-23,2025-04-21,2025-04-19,47,45,2
PO007753,S016,P0046,W06,2025-10-26,2025-11-08,2025-11-12,328,290,29
PO007754,S028,P0246,W11,2025-03-10,2025-04-06,2025-04-06,105,93,8
PO007755,S002,P0349,W02,2025-03-20,2025-04-15,2025-04-15,76,68,6
PO007756,S014,P0373,W02,2025-04-20,2025-05-01,2025-04-30,62,57,5
PO007757,S020,P0336,W03,2025-06-05,2025-06-13,2025-06-12,27,25,2
PO007758,S031,P0211,W10,2026-06-06,2026-06-23,2026-06-22,66,59,4
PO007759,S002,P0034,W09,2026-03-01,2026-03-30,2026-04-08,71,66,5
PO007760,S031,P0287,W12,2025-05-14,2025-06-03,2025-06-01,26,25,1
PO007761,S013,P0200,W11,2025-03-25,2025-04-19,2025-04-17,68,66,1
PO007762,S031,P0096,W14,2025-07-13,2025-07-28,2025-08-03,72,70,2
PO007763,S003,P0195,W11,2025-04-25,2025-05-18,2025-05-17,73,70,3
PO007764,S008,P0115,W01,2025-08-13,2025-08-28,2025-09-04,57,54,3
PO007765,S005,P0202,W02,2025-08-17,2025-09-01,2025-08-30,52,49,1
PO007766,S021,P0213,W06,2026-04-30,2026-05-03,2026-05-01,65,57,7
PO007767,S039,P0018,W14,2026-02-05,2026-02-24,2026-02-23,35,33,2
PO007768,S028,P0289,W05,2025-01-07,2025-02-01,2025-02-06,40,37,2
PO007769,S038,P0394,W09,2025-10-19,2025-11-05,2025-11-05,58,51,5
PO007770,S013,P0193,W11,2025-03-21,2025-04-12,2025-04-11,33,31,1
PO007771,S013,P0151,W05,2026-03-21,2026-04-20,2026-04-18,24,24,0
PO007772,S027,P0387,W01,2025-06-15,2025-07-14,2025-07-12,51,46,4
PO007773,S016,P0229,W01,2026-05-15,2026-05-24,2026-05-24,127,115,11
PO007774,S014,P0255,W04,2026-04-13,2026-04-20,2026-04-18,49,47,2
PO007775,S001,P0276,W11,2025-04-17,2025-04-21,2025-04-19,115,112,2
PO007776,S013,P0316,W05,2026-06-30,2026-07-26,2026-07-24,91,85,4
PO007777,S007,P0211,W05,2025-11-04,2025-11-29,2025-11-29,83,72,10
PO007778,S030,P0340,W09,2025-08-08,2025-08-21,2025-08-21,105,98,6
PO007779,S034,P0249,W01,2025-03-11,2025-03-23,2025-03-23,11,11,0
PO007780,S006,P0017,W09,2026-01-03,2026-01-14,2026-01-19,26,25,0
PO007781,S003,P0359,W12,2026-03-30,2026-04-23,2026-04-23,85,82,2
PO007782,S014,P0299,W06,2025-10-09,2025-10-22,2025-10-21,32,29,3
PO007783,S015,P0270,W01,2026-03-17,2026-04-05,2026-04-04,104,93,10
PO007784,S019,P0377,W14,2025-02-18,2025-02-27,2025-02-27,74,71,3
PO007785,S003,P0139,W08,2025-05-20,2025-06-15,2025-06-15,122,113,3
PO007786,S023,P0197,W10,2026-03-06,2026-03-16,2026-03-15,80,70,7
PO007787,S027,P0243,W08,2025-09-08,2025-10-13,2025-10-12,63,55,5
PO007788,S034,P0371,W05,2025-03-30,2025-04-09,2025-04-08,26,24,1
PO007789,S023,P0154,W13,2025-04-16,2025-04-23,2025-04-21,204,177,17
PO007790,S037,P0229,W07,2026-05-03,2026-05-10,2026-05-10,45,41,2
PO007791,S038,P0363,W06,2025-02-17,2025-03-07,2025-03-07,49,45,2
PO007792,S019,P0007,W04,2026-03-12,2026-03-29,2026-03-27,64,58,4
PO007793,S036,P0316,W10,2025-02-26,2025-03-28,2025-03-26,85,77,4
PO007794,S006,P0107,W11,2026-02-23,2026-02-27,2026-02-25,63,58,4
PO007795,S038,P0048,W05,2025-05-13,2025-06-05,2025-06-04,85,74,7
PO007796,S034,P0301,W14,2025-08-07,2025-08-19,2025-08-19,63,57,4
PO007797,S014,P0330,W05,2025-12-05,2025-12-18,2025-12-16,32,30,2
PO007798,S016,P0285,W09,2026-05-08,2026-05-30,2026-05-29,83,78,4
PO007799,S008,P0013,W13,2025-06-29,2025-07-15,2025-07-14,27,25,1
PO007800,S037,P0038,W13,2025-05-05,2025-05-16,2025-05-16,62,60,2
PO007801,S020,P0032,W12,2025-06-18,2025-06-24,2025-06-24,25,22,2
PO007802,S040,P0031,W02,2025-01-14,2025-01-28,2025-01-28,20,20,0
PO007803,S027,P0134,W14,2025-10-08,2025-11-06,2025-11-04,47,44,3
PO007804,S003,P0161,W05,2025-02-22,2025-03-20,2025-03-20,90,84,2
PO007805,S029,P0227,W07,2025-01-13,2025-01-25,2025-01-23,65,62,3
PO007806,S019,P0237,W12,2025-02-22,2025-03-12,2025-03-10,48,43,3
PO007807,S030,P0078,W10,2026-01-26,2026-02-10,2026-02-10,408,360,35
PO007808,S025,P0077,W13,2025-06-10,2025-06-30,2025-06-29,47,41,4
PO007809,S002,P0164,W12,2025-12-28,2026-01-30,2026-01-28,63,58,4
PO007810,S003,P0064,W08,2026-04-30,2026-05-17,2026-05-16,79,77,2
PO007811,S029,P0254,W10,2025-07-07,2025-07-10,2025-07-08,19,19,0
PO007812,S008,P0146,W06,2025-10-28,2025-11-06,2025-11-06,50,46,2
PO007813,S036,P0019,W06,2026-06-07,2026-07-07,2026-07-05,318,298,13
PO007814,S003,P0259,W09,2025-02-15,2025-03-14,2025-03-13,80,74,2
PO007815,S028,P0379,W11,2026-02-13,2026-02-26,2026-02-25,95,90,5
PO007816,S022,P0164,W12,2026-05-02,2026-05-17,2026-05-15,96,88,6
PO007817,S019,P0233,W07,2026-02-12,2026-03-04,2026-03-03,79,72,5
PO007818,S037,P0229,W13,2025-11-12,2025-11-26,2025-11-24,59,56,2
PO007819,S037,P0241,W02,2025-12-21,2025-12-27,2025-12-25,131,126,3
PO007820,S033,P0044,W09,2025-06-14,2025-07-16,2025-07-20,190,164,17
PO007821,S008,P0356,W06,2025-01-22,2025-01-31,2025-01-30,72,69,2
PO007822,S040,P0267,W02,2025-07-14,2025-07-28,2025-07-26,82,80,0
PO007823,S035,P0304,W01,2025-01-02,2025-01-13,2025-01-13,124,106,12
PO007824,S036,P0371,W14,2025-05-15,2025-06-11,2025-06-11,124,116,6
PO007825,S004,P0139,W06,2025-09-17,2025-10-07,2025-10-06,75,64,8
PO007826,S002,P0329,W03,2025-11-13,2025-12-09,2025-12-18,120,104,11
PO007827,S029,P0257,W11,2025-10-30,2025-11-08,2025-11-06,67,62,2
PO007828,S016,P0017,W15,2025-10-26,2025-11-12,2025-11-10,85,77,7
PO007829,S028,P0286,W03,2026-01-29,2026-02-19,2026-02-22,36,34,2
PO007830,S016,P0204,W15,2026-05-26,2026-06-14,2026-06-23,64,58,4
PO007831,S003,P0283,W11,2025-01-12,2025-02-08,2025-02-06,34,33,1
PO007832,S032,P0196,W01,2026-01-14,2026-01-30,2026-01-29,88,84,1
PO007833,S022,P0379,W09,2025-09-14,2025-09-21,2025-09-19,219,195,14
PO007834,S011,P0212,W11,2026-03-13,2026-03-22,2026-03-21,71,67,1
PO007835,S014,P0390,W12,2026-05-26,2026-06-04,2026-06-03,23,22,1
PO007836,S028,P0265,W09,2026-03-23,2026-04-17,2026-04-16,188,168,13
PO007837,S005,P0145,W05,2026-01-16,2026-02-08,2026-02-06,80,79,0
PO007838,S001,P0197,W01,2025-05-15,2025-05-23,2025-05-22,125,123,1
PO007839,S006,P0226,W15,2026-05-16,2026-05-25,2026-05-23,75,71,3
PO007840,S023,P0019,W04,2025-11-16,2025-11-23,2025-11-21,60,53,5
PO007841,S036,P0041,W01,2026-05-12,2026-06-17,2026-06-16,34,33,1
PO007842,S037,P0232,W03,2026-05-31,2026-06-07,2026-06-05,111,108,0
PO007843,S012,P0218,W15,2026-05-03,2026-05-25,2026-05-25,43,42,1
PO007844,S037,P0367,W06,2026-01-18,2026-01-21,2026-01-19,158,147,6
PO007845,S033,P0287,W15,2026-03-04,2026-03-24,2026-03-22,11,10,1
PO007846,S030,P0208,W02,2025-09-18,2025-09-23,2025-09-22,111,103,8
PO007847,S030,P0282,W11,2026-01-28,2026-02-07,2026-02-05,31,29,2
PO007848,S012,P0358,W12,2026-05-20,2026-06-11,2026-06-10,51,49,2
PO007849,S040,P0059,W03,2025-06-04,2025-06-16,2025-06-14,186,174,3
PO007850,S007,P0179,W06,2025-02-19,2025-03-25,2025-03-25,62,55,6
PO007851,S001,P0382,W01,2025-02-18,2025-02-21,2025-02-19,117,110,2
PO007852,S011,P0384,W08,2025-12-14,2025-12-18,2025-12-18,27,26,0
PO007853,S002,P0040,W15,2025-03-06,2025-03-30,2025-03-30,89,82,4
PO007854,S025,P0016,W15,2025-11-02,2025-12-03,2025-12-01,22,20,1
PO007855,S009,P0029,W15,2025-12-02,2025-12-29,2025-12-29,35,35,0
PO007856,S006,P0062,W11,2026-03-29,2026-04-04,2026-04-04,53,50,3
PO007857,S017,P0010,W13,2025-11-08,2025-12-02,2025-11-30,26,25,1
PO007858,S011,P0106,W12,2025-11-25,2025-12-05,2025-12-04,48,46,0
PO007859,S002,P0121,W07,2026-05-07,2026-05-29,2026-05-29,65,59,5
PO007860,S019,P0010,W08,2025-01-11,2025-01-28,2025-01-29,156,150,6
PO007861,S039,P0042,W06,2025-10-09,2025-10-29,2025-10-29,44,41,2
PO007862,S013,P0219,W05,2025-12-10,2026-01-09,2026-01-08,115,110,3
PO007863,S029,P0025,W12,2025-08-27,2025-09-02,2025-08-31,188,177,11
PO007864,S007,P0354,W12,2025-03-28,2025-05-03,2025-05-01,118,100,14
PO007865,S039,P0254,W11,2026-01-02,2026-01-13,2026-01-11,48,45,2
PO007866,S001,P0360,W02,2025-10-08,2025-10-20,2025-10-18,38,37,1
PO007867,S001,P0105,W13,2026-02-19,2026-02-24,2026-02-23,55,52,1
PO007868,S020,P0393,W07,2025-09-07,2025-09-26,2025-09-29,18,17,1
PO007869,S019,P0300,W04,2025-08-22,2025-09-12,2025-09-10,78,73,3
PO007870,S030,P0011,W08,2026-01-19,2026-02-05,2026-02-12,122,112,10
PO007871,S027,P0332,W11,2025-08-27,2025-09-26,2025-09-24,46,43,3
PO007872,S005,P0037,W10,2026-06-05,2026-06-19,2026-06-19,37,36,0
PO007873,S030,P0388,W01,2025-10-30,2025-11-14,2025-11-12,102,94,8
PO007874,S035,P0305,W14,2025-03-09,2025-03-24,2025-03-23,94,80,10
PO007875,S038,P0154,W13,2025-07-04,2025-08-02,2025-08-01,116,107,9
PO007876,S016,P0349,W06,2025-06-01,2025-06-16,2025-06-20,77,73,4
PO007877,S003,P0133,W10,2026-04-06,2026-04-27,2026-04-26,26,25,0
PO007878,S040,P0232,W12,2025-08-13,2025-08-24,2025-08-24,59,58,0
PO007879,S023,P0226,W09,2026-03-26,2026-04-18,2026-04-22,85,78,6
PO007880,S023,P0062,W03,2026-06-30,2026-07-13,2026-07-13,123,113,9
PO007881,S019,P0198,W01,2025-05-15,2025-06-03,2025-06-06,60,57,3
PO007882,S034,P0205,W15,2025-06-21,2025-06-27,2025-06-25,67,63,4
PO007883,S027,P0225,W01,2025-03-22,2025-04-16,2025-04-16,108,97,8
PO007884,S035,P0256,W04,2026-01-21,2026-02-08,2026-02-08,46,40,4
PO007885,S031,P0039,W15,2026-03-29,2026-04-17,2026-04-17,111,101,9
PO007886,S023,P0127,W05,2026-01-02,2026-01-12,2026-01-12,40,36,4
PO007887,S024,P0195,W03,2026-04-08,2026-05-05,2026-05-15,160,140,14
PO007888,S035,P0257,W09,2025-06-06,2025-06-18,2025-06-18,25,22,3
PO007889,S022,P0042,W13,2025-01-13,2025-01-30,2025-01-28,18,17,0
PO007890,S029,P0365,W02,2025-01-14,2025-01-20,2025-01-19,85,83,0
PO007891,S033,P0379,W12,2026-05-28,2026-06-28,2026-06-28,29,28,1
PO007892,S015,P0149,W11,2025-01-01,2025-01-14,2025-01-14,116,102,9
PO007893,S024,P0006,W06,2025-12-30,2026-02-10,2026-02-09,79,73,6
PO007894,S009,P0304,W01,2026-01-06,2026-01-28,2026-01-28,240,233,6
PO007895,S011,P0249,W04,2026-02-01,2026-02-12,2026-02-11,26,26,0
PO007896,S019,P0194,W06,2025-07-12,2025-07-25,2025-07-23,61,55,4
PO007897,S015,P0105,W04,2025-04-09,2025-04-30,2025-04-28,64,56,8
PO007898,S029,P0292,W11,2025-04-16,2025-04-30,2025-04-28,95,92,0
PO007899,S025,P0148,W08,2025-01-17,2025-02-06,2025-02-10,55,51,3
PO007900,S024,P0279,W01,2026-04-30,2026-06-02,2026-06-02,41,36,3
PO007901,S039,P0206,W03,2026-05-17,2026-05-28,2026-06-09,42,38,2
PO007902,S013,P0222,W08,2025-08-24,2025-09-25,2025-09-23,36,34,1
PO007903,S030,P0048,W13,2026-04-29,2026-05-14,2026-05-13,98,84,12
PO007904,S021,P0021,W05,2025-07-27,2025-08-05,2025-08-03,14,13,1
PO007905,S021,P0291,W01,2026-05-18,2026-05-27,2026-05-25,140,123,13
PO007906,S027,P0392,W13,2025-07-19,2025-08-18,2025-08-18,56,50,5
PO007907,S027,P0045,W12,2025-05-15,2025-06-09,2025-06-15,68,63,5
PO007908,S017,P0147,W03,2025-03-04,2025-03-29,2025-04-03,136,129,7
PO007909,S003,P0164,W05,2025-03-16,2025-04-05,2025-04-05,98,91,4
PO007910,S035,P0170,W01,2026-02-05,2026-02-17,2026-02-17,45,39,4
PO007911,S036,P0225,W06,2025-05-13,2025-06-05,2025-06-03,140,133,7
PO007912,S010,P0306,W08,2025-03-10,2025-04-03,2025-04-01,89,81,7
PO007913,S020,P0204,W14,2025-06-01,2025-06-07,2025-06-07,22,19,2
PO007914,S024,P0172,W03,2025-07-28,2025-08-31,2025-08-31,176,165,8
PO007915,S012,P0159,W10,2025-02-01,2025-03-12,2025-03-12,31,31,0
PO007916,S022,P0212,W12,2025-10-20,2025-11-04,2025-11-04,642,617,18
PO007917,S015,P0035,W02,2025-11-09,2025-11-29,2025-11-29,50,42,6
PO007918,S007,P0348,W15,2025-05-24,2025-06-21,2025-06-29,97,84,12
PO007919,S011,P0377,W14,2026-03-22,2026-03-30,2026-03-30,149,139,6
PO007920,S013,P0272,W09,2026-04-26,2026-06-03,2026-06-14,77,75,2
PO007921,S005,P0001,W09,2026-02-12,2026-03-08,2026-03-06,54,53,0
PO007922,S035,P0045,W07,2025-06-17,2025-06-30,2025-06-28,78,67,8
PO007923,S026,P0218,W07,2025-12-10,2025-12-21,2025-12-19,47,40,5
PO007924,S004,P0053,W01,2025-03-06,2025-03-15,2025-03-15,73,66,5
PO007925,S023,P0017,W14,2025-01-31,2025-02-16,2025-02-15,44,40,4
PO007926,S028,P0346,W10,2026-01-02,2026-01-30,2026-01-30,197,175,14
PO007927,S036,P0093,W01,2026-01-30,2026-03-01,2026-03-13,37,35,1
PO007928,S019,P0265,W15,2025-07-31,2025-08-16,2025-08-17,46,42,2
PO007929,S005,P0249,W12,2025-06-04,2025-07-04,2025-07-02,78,75,3
PO007930,S001,P0152,W08,2025-04-09,2025-04-13,2025-04-12,90,88,1
PO007931,S033,P0283,W09,2025-06-07,2025-07-03,2025-07-01,160,143,12
PO007932,S001,P0227,W09,2025-04-30,2025-05-03,2025-05-01,180,174,1
PO007933,S037,P0389,W01,2025-08-15,2025-08-18,2025-08-17,90,86,3
PO007934,S001,P0100,W04,2026-02-15,2026-02-20,2026-02-20,47,45,1
PO007935,S010,P0257,W09,2025-10-26,2025-11-24,2025-11-22,123,110,12
PO007936,S012,P0393,W01,2025-05-04,2025-06-08,2025-06-07,65,59,3
PO007937,S005,P0296,W04,2025-05-14,2025-05-23,2025-05-21,144,135,6
PO007938,S017,P0075,W04,2025-02-22,2025-03-22,2025-03-20,71,66,3
PO007939,S010,P0096,W06,2026-04-21,2026-05-20,2026-05-18,225,196,22
PO007940,S004,P0140,W15,2026-05-19,2026-06-07,2026-06-06,17,15,1
PO007941,S015,P0240,W07,2025-08-23,2025-09-19,2025-09-20,10,10,0
PO007942,S010,P0236,W04,2026-01-15,2026-02-09,2026-02-07,53,48,4
PO007943,S040,P0086,W07,2025-12-29,2026-01-05,2026-01-05,113,112,0
PO007944,S005,P0159,W14,2025-02-07,2025-02-28,2025-02-26,89,86,1
PO007945,S009,P0153,W15,2026-05-04,2026-05-26,2026-05-24,133,123,4
PO007946,S028,P0047,W11,2025-02-27,2025-03-21,2025-03-30,48,46,2
PO007947,S002,P0165,W09,2025-07-26,2025-08-18,2025-08-17,54,48,4
PO007948,S020,P0080,W12,2025-10-28,2025-11-12,2025-11-18,78,68,7
PO007949,S024,P0345,W13,2025-09-05,2025-10-01,2025-10-01,122,108,9
PO007950,S008,P0154,W01,2025-07-23,2025-08-11,2025-08-22,36,35,1
PO007951,S022,P0040,W03,2026-02-25,2026-03-18,2026-03-17,131,122,4
PO007952,S037,P0036,W09,2026-03-12,2026-03-22,2026-03-20,31,30,1
PO007953,S035,P0400,W08,2026-06-21,2026-06-30,2026-07-02,22,19,2
PO007954,S040,P0171,W06,2025-08-13,2025-08-22,2025-08-22,51,50,0
PO007955,S015,P0091,W08,2025-06-02,2025-06-17,2025-06-15,32,29,3
PO007956,S037,P0136,W03,2026-03-29,2026-04-12,2026-04-23,15,15,0
PO007957,S024,P0046,W12,2025-12-13,2026-01-19,2026-01-17,33,31,2
PO007958,S019,P0047,W04,2026-02-13,2026-03-11,2026-03-11,101,93,3
PO007959,S017,P0084,W04,2026-01-12,2026-02-03,2026-02-10,73,69,3
PO007960,S010,P0400,W07,2025-10-03,2025-11-03,2025-11-02,11,11,0
PO007961,S020,P0072,W12,2025-03-16,2025-03-26,2025-03-24,39,35,3
PO007962,S004,P0050,W09,2025-09-20,2025-10-05,2025-10-16,55,49,6
PO007963,S008,P0173,W11,2026-02-05,2026-02-25,2026-02-28,173,159,11
PO007964,S038,P0356,W09,2025-06-27,2025-07-13,2025-07-19,25,22,2
PO007965,S013,P0374,W08,2025-02-13,2025-03-14,2025-03-12,198,191,2
PO007966,S029,P0364,W14,2025-11-08,2025-11-25,2025-11-23,90,86,2
PO007967,S014,P0038,W12,2025-05-24,2025-05-29,2025-05-28,110,99,6
PO007968,S021,P0265,W11,2025-06-06,2025-06-18,2025-06-16,24,21,2
PO007969,S029,P0135,W06,2025-05-06,2025-05-13,2025-05-11,74,71,3
PO007970,S027,P0192,W11,2025-03-15,2025-04-07,2025-04-05,44,41,3
PO007971,S013,P0045,W06,2026-02-06,2026-03-05,2026-03-05,50,49,1
PO007972,S029,P0315,W06,2025-07-15,2025-08-02,2025-08-02,134,125,5
PO007973,S007,P0281,W04,2026-04-07,2026-05-09,2026-05-08,37,33,4
PO007974,S027,P0295,W05,2025-05-10,2025-06-11,2025-06-09,35,32,3
PO007975,S009,P0037,W02,2025-01-20,2025-02-04,2025-02-03,33,31,1
PO007976,S001,P0249,W05,2025-09-23,2025-10-01,2025-09-29,72,69,2
PO007977,S021,P0227,W08,2025-06-10,2025-06-13,2025-06-11,15,13,1
PO007978,S040,P0158,W10,2025-09-18,2025-09-25,2025-10-02,116,108,3
PO007979,S033,P0293,W06,2026-01-19,2026-02-12,2026-02-12,32,28,3
PO007980,S040,P0012,W03,2025-01-06,2025-01-18,2025-01-18,115,109,3
PO007981,S023,P0337,W10,2025-02-05,2025-02-24,2025-02-24,96,86,8
PO007982,S018,P0384,W14,2025-09-11,2025-10-01,2025-09-29,86,78,7
PO007983,S034,P0374,W06,2025-05-23,2025-06-03,2025-06-10,70,65,3
PO007984,S029,P0146,W01,2026-02-05,2026-02-12,2026-02-10,52,50,2
PO007985,S016,P0189,W02,2025-01-18,2025-01-27,2025-01-25,93,85,6
PO007986,S035,P0095,W15,2025-05-31,2025-06-06,2025-06-04,70,63,6
PO007987,S015,P0001,W14,2025-06-10,2025-06-29,2025-06-29,33,29,4
PO007988,S021,P0212,W05,2025-10-12,2025-10-15,2025-10-15,55,48,5
PO007989,S024,P0148,W10,2025-07-29,2025-08-28,2025-08-28,55,49,4
PO007990,S034,P0097,W05,2025-11-01,2025-11-12,2025-11-12,49,45,3
PO007991,S040,P0362,W11,2025-10-27,2025-11-05,2025-11-05,198,193,4
PO007992,S014,P0009,W11,2025-11-11,2025-11-21,2025-11-21,47,43,3
PO007993,S006,P0263,W09,2025-05-08,2025-05-18,2025-05-26,61,58,1
PO007994,S021,P0167,W06,2025-08-06,2025-08-18,2025-08-16,66,54,9
PO007995,S038,P0132,W11,2026-03-22,2026-04-23,2026-04-21,69,60,6
PO007996,S019,P0241,W06,2025-11-07,2025-11-24,2025-11-22,56,52,2
PO007997,S018,P0285,W03,2026-04-28,2026-05-26,2026-05-26,25,22,2
PO007998,S013,P0131,W04,2025-02-28,2025-03-31,2025-03-31,105,100,4
PO007999,S029,P0248,W02,2025-06-09,2025-06-12,2025-06-11,64,60,1
PO008000,S011,P0358,W03,2025-08-08,2025-08-23,2025-08-23,93,91,0
PO008001,S019,P0067,W14,2026-05-31,2026-06-16,2026-06-15,194,183,11
PO008002,S016,P0377,W11,2026-06-20,2026-07-10,2026-07-08,134,122,7
PO008003,S034,P0127,W05,2026-03-30,2026-04-10,2026-04-09,77,72,4
PO008004,S029,P0143,W06,2025-12-04,2025-12-15,2025-12-15,23,21,1
PO008005,S003,P0321,W08,2026-05-25,2026-06-18,2026-06-16,42,41,1
PO008006,S036,P0307,W12,2025-06-06,2025-07-10,2025-07-09,74,69,5
PO008007,S036,P0025,W12,2026-04-11,2026-05-15,2026-05-15,79,75,3
PO008008,S007,P0132,W14,2025-06-28,2025-07-24,2025-07-24,45,41,4
PO008009,S026,P0287,W11,2025-02-28,2025-03-04,2025-03-02,31,29,2
PO008010,S029,P0096,W11,2026-05-16,2026-05-19,2026-05-17,53,52,1
PO008011,S024,P0124,W08,2025-08-21,2025-09-20,2025-09-18,194,170,15
PO008012,S017,P0263,W05,2026-06-02,2026-06-22,2026-06-20,157,150,7
PO008013,S011,P0125,W05,2025-07-26,2025-08-19,2025-08-18,66,64,0
PO008014,S018,P0268,W12,2026-04-10,2026-05-01,2026-05-06,25,22,2
PO008015,S040,P0172,W01,2025-03-07,2025-03-21,2025-03-19,64,61,2
PO008016,S004,P0385,W01,2026-05-29,2026-06-10,2026-06-10,96,86,8
PO008017,S004,P0205,W12,2025-11-24,2025-12-09,2025-12-07,55,50,5
PO008018,S003,P0154,W08,2025-02-26,2025-03-23,2025-03-23,219,212,6
PO008019,S012,P0220,W08,2025-05-14,2025-06-18,2025-06-17,51,49,2
PO008020,S007,P0390,W02,2025-12-11,2026-01-11,2026-01-10,190,176,14
PO008021,S006,P0042,W04,2025-02-08,2025-02-18,2025-02-16,110,104,3
PO008022,S032,P0176,W06,2025-07-13,2025-08-03,2025-08-12,35,35,0
PO008023,S019,P0357,W13,2026-03-08,2026-04-02,2026-04-02,32,31,0
PO008024,S039,P0268,W12,2025-10-16,2025-11-03,2025-11-03,49,45,2
PO008025,S008,P0014,W05,2025-04-28,2025-05-09,2025-05-09,61,56,4
PO008026,S038,P0149,W05,2025-04-29,2025-05-16,2025-05-15,55,50,3
PO008027,S008,P0269,W04,2026-03-10,2026-03-30,2026-04-09,127,118,4
PO008028,S038,P0049,W03,2025-03-05,2025-03-20,2025-03-18,90,76,11
PO008029,S019,P0349,W15,2025-09-03,2025-09-26,2025-09-26,108,101,6
PO008030,S007,P0159,W07,2026-04-20,2026-05-10,2026-05-14,33,29,3
PO008031,S007,P0388,W09,2025-09-19,2025-10-21,2025-10-20,119,104,13
PO008032,S024,P0177,W07,2025-07-08,2025-08-13,2025-08-13,101,90,9
PO008033,S030,P0383,W07,2026-06-15,2026-06-22,2026-06-20,192,176,16
PO008034,S031,P0043,W01,2025-01-26,2025-02-12,2025-02-10,71,64,5
PO008035,S001,P0288,W13,2025-11-17,2025-11-29,2025-11-29,87,83,3
PO008036,S027,P0249,W15,2025-03-01,2025-04-03,2025-04-03,106,96,10
PO008037,S009,P0306,W10,2026-04-17,2026-05-10,2026-05-10,82,75,3
PO008038,S017,P0004,W15,2025-06-22,2025-07-24,2025-07-29,88,79,5
PO008039,S040,P0365,W09,2026-03-19,2026-04-04,2026-04-03,38,37,1
PO008040,S033,P0380,W11,2025-09-07,2025-10-05,2025-10-05,47,43,4
PO008041,S038,P0385,W05,2025-11-03,2025-11-20,2025-11-20,32,29,3
PO008042,S022,P0162,W05,2026-05-28,2026-06-12,2026-06-10,43,41,1
PO008043,S002,P0323,W13,2025-10-08,2025-11-09,2025-11-19,35,32,2
PO008044,S024,P0343,W13,2025-05-12,2025-06-23,2025-06-22,80,71,8
PO008045,S011,P0072,W06,2026-05-30,2026-06-15,2026-06-15,17,16,0
PO008046,S039,P0304,W05,2025-11-28,2025-12-15,2025-12-14,83,77,6
PO008047,S028,P0236,W09,2025-05-14,2025-06-13,2025-06-13,118,106,11
PO008048,S037,P0126,W09,2025-04-14,2025-04-18,2025-04-18,43,40,1
PO008049,S040,P0212,W14,2026-02-01,2026-02-05,2026-02-05,131,126,3
PO008050,S028,P0141,W14,2025-11-11,2025-12-01,2025-12-01,78,69,6
PO008051,S021,P0304,W11,2025-07-01,2025-07-07,2025-07-07,67,60,5
PO008052,S006,P0048,W01,2025-09-22,2025-10-04,2025-10-03,61,56,2
PO008053,S032,P0167,W06,2026-01-14,2026-01-28,2026-01-27,49,49,0
PO008054,S039,P0055,W03,2025-11-02,2025-11-21,2025-11-19,423,385,30
PO008055,S034,P0047,W03,2026-02-26,2026-03-03,2026-03-08,21,20,1
PO008056,S018,P0129,W12,2026-06-09,2026-07-08,2026-07-06,64,55,6
PO008057,S019,P0250,W11,2026-01-25,2026-02-10,2026-02-08,67,60,4
PO008058,S012,P0201,W07,2025-06-01,2025-07-01,2025-06-30,39,37,2
PO008059,S035,P0100,W15,2025-03-25,2025-04-13,2025-04-12,254,222,24
PO008060,S018,P0123,W04,2025-06-17,2025-07-04,2025-07-02,106,93,10
PO008061,S011,P0398,W01,2025-10-20,2025-11-01,2025-10-30,88,87,1
PO008062,S023,P0158,W09,2025-07-23,2025-08-08,2025-08-18,33,29,3
PO008063,S007,P0386,W04,2025-06-23,2025-07-24,2025-07-24,149,130,17
PO008064,S019,P0302,W13,2026-06-16,2026-07-01,2026-06-30,69,64,3
PO008065,S010,P0038,W07,2025-08-13,2025-09-08,2025-09-08,35,32,3
PO008066,S032,P0193,W07,2025-10-20,2025-11-02,2025-11-01,16,16,0
PO008067,S030,P0232,W11,2025-08-13,2025-08-22,2025-08-22,134,122,12
PO008068,S004,P0279,W11,2025-06-09,2025-07-03,2025-07-03,52,45,5
PO008069,S010,P0300,W04,2026-05-07,2026-06-13,2026-06-12,18,17,1
PO008070,S012,P0143,W04,2025-07-15,2025-08-13,2025-08-11,83,77,3
PO008071,S029,P0372,W05,2026-01-25,2026-01-28,2026-01-28,58,53,3
PO008072,S004,P0330,W06,2026-05-28,2026-06-16,2026-06-15,100,85,10
PO008073,S032,P0348,W06,2026-01-22,2026-02-04,2026-02-04,154,149,2
PO008074,S030,P0112,W04,2025-01-21,2025-02-03,2025-02-01,106,96,9
PO008075,S016,P0123,W10,2025-12-30,2026-01-11,2026-01-09,168,152,13
PO008076,S005,P0268,W11,2025-09-09,2025-10-06,2025-10-04,126,122,2
PO008077,S024,P0382,W03,2026-04-02,2026-05-05,2026-05-05,96,84,10
PO008078,S024,P0013,W04,2026-02-16,2026-03-25,2026-03-23,27,25,2
PO008079,S002,P0058,W09,2025-05-29,2025-06-23,2025-07-04,164,150,13
PO008080,S006,P0083,W03,2025-10-03,2025-10-19,2025-10-18,47,45,1
PO008081,S014,P0268,W07,2025-05-08,2025-05-18,2025-05-17,70,67,3
PO008082,S021,P0188,W08,2025-12-16,2025-12-22,2025-12-24,23,21,2
PO008083,S035,P0343,W08,2025-06-03,2025-06-22,2025-06-21,19,16,2
PO008084,S035,P0057,W02,2026-04-25,2026-05-09,2026-05-08,77,68,6
PO008085,S010,P0398,W12,2025-10-22,2025-11-13,2025-11-13,139,128,10
PO008086,S004,P0038,W14,2026-05-28,2026-06-13,2026-06-13,65,57,6
PO008087,S039,P0024,W06,2025-12-25,2026-01-25,2026-01-25,118,110,5
PO008088,S008,P0083,W01,2026-01-14,2026-02-01,2026-01-30,102,96,3
PO008089,S012,P0092,W01,2026-01-30,2026-02-26,2026-02-24,166,158,4
PO008090,S017,P0040,W03,2025-01-28,2025-03-06,2025-03-05,27,26,1
PO008091,S012,P0225,W15,2026-02-13,2026-03-21,2026-03-20,135,125,7
PO008092,S024,P0154,W02,2025-07-18,2025-08-20,2025-08-18,116,104,10
PO008093,S026,P0190,W04,2025-08-01,2025-08-18,2025-08-28,188,166,18
PO008094,S017,P0071,W07,2026-03-07,2026-04-07,2026-04-05,183,176,7
PO008095,S015,P0028,W06,2025-08-02,2025-08-19,2025-08-19,39,34,4
PO008096,S007,P0327,W14,2026-02-22,2026-03-25,2026-03-23,77,67,10
PO008097,S032,P0227,W15,2025-04-30,2025-05-20,2025-05-18,89,87,2
PO008098,S017,P0068,W09,2025-12-07,2026-01-18,2026-01-18,46,44,2
PO008099,S034,P0263,W07,2025-01-20,2025-02-03,2025-02-03,39,36,2
PO008100,S005,P0077,W07,2025-08-31,2025-09-21,2025-09-21,15,14,0
PO008101,S035,P0220,W11,2026-02-09,2026-02-21,2026-02-20,44,38,4
PO008102,S027,P0230,W14,2025-05-08,2025-06-07,2025-06-07,107,95,8
PO008103,S036,P0384,W01,2025-12-06,2026-01-13,2026-01-13,110,103,5
PO008104,S003,P0278,W05,2025-10-17,2025-11-09,2025-11-09,55,53,0
PO008105,S032,P0065,W01,2025-12-09,2025-12-20,2025-12-20,78,76,2
PO008106,S009,P0103,W03,2025-02-06,2025-02-28,2025-02-27,30,28,2
PO008107,S027,P0067,W03,2025-08-29,2025-09-29,2025-09-28,103,97,6
PO008108,S040,P0333,W09,2025-01-11,2025-01-18,2025-01-18,18,17,0
PO008109,S008,P0293,W10,2025-12-26,2026-01-02,2026-01-01,297,269,20
PO008110,S001,P0364,W13,2026-06-21,2026-06-30,2026-06-29,199,196,0
PO008111,S002,P0343,W12,2025-09-13,2025-10-11,2025-10-20,35,33,1
PO008112,S029,P0393,W11,2025-04-29,2025-05-06,2025-05-09,267,248,8
PO008113,S039,P0148,W07,2025-02-26,2025-03-14,2025-03-14,136,121,10
PO008114,S019,P0158,W13,2025-04-02,2025-04-28,2025-04-27,159,151,4
PO008115,S019,P0069,W13,2025-08-31,2025-09-17,2025-09-17,160,149,10
PO008116,S006,P0218,W06,2026-06-04,2026-06-09,2026-06-08,50,45,3
PO008117,S026,P0193,W03,2025-06-03,2025-06-15,2025-06-14,159,137,16
PO008118,S031,P0389,W01,2025-06-10,2025-06-28,2025-06-28,25,23,1
PO008119,S033,P0066,W10,2025-08-29,2025-10-04,2025-10-04,45,40,3
PO008120,S036,P0313,W07,2025-01-20,2025-02-23,2025-02-22,99,92,4
PO008121,S024,P0138,W06,2025-09-06,2025-10-04,2025-10-09,129,114,9
PO008122,S035,P0249,W01,2025-10-31,2025-11-14,2025-11-13,29,26,3
PO008123,S030,P0397,W11,2025-06-20,2025-07-05,2025-07-05,50,45,3
PO008124,S019,P0027,W09,2026-01-15,2026-02-08,2026-02-08,44,41,2
PO008125,S022,P0190,W15,2026-02-08,2026-02-24,2026-02-23,42,40,1
PO008126,S031,P0184,W03,2026-06-15,2026-06-29,2026-06-27,76,68,6
PO008127,S022,P0385,W11,2025-11-20,2025-12-09,2025-12-09,116,108,5
PO008128,S027,P0370,W06,2026-04-27,2026-05-26,2026-06-07,107,98,9
PO008129,S009,P0145,W09,2025-08-01,2025-08-11,2025-08-09,132,123,7
PO008130,S002,P0219,W08,2026-01-22,2026-02-11,2026-02-10,91,85,6
PO008131,S033,P0362,W09,2025-09-14,2025-10-16,2025-10-14,70,61,6
PO008132,S018,P0201,W09,2025-06-05,2025-06-29,2025-07-10,132,117,15
PO008133,S039,P0274,W02,2025-01-01,2025-01-26,2025-01-26,90,81,5
PO008134,S007,P0146,W10,2026-03-30,2026-05-17,2026-05-17,80,68,9
PO008135,S010,P0126,W06,2025-03-04,2025-04-02,2025-04-02,136,123,13
PO008136,S005,P0270,W08,2025-02-19,2025-03-11,2025-03-10,118,113,5
PO008137,S006,P0270,W06,2025-09-20,2025-09-24,2025-09-22,33,32,1
PO008138,S002,P0231,W04,2026-03-24,2026-04-22,2026-04-20,224,201,17
PO008139,S019,P0045,W05,2025-07-23,2025-08-07,2025-08-06,96,89,5
PO008140,S022,P0225,W02,2025-05-21,2025-05-29,2025-05-28,163,155,5
PO008141,S013,P0181,W06,2025-03-18,2025-04-15,2025-04-13,51,48,1
PO008142,S016,P0018,W02,2025-03-14,2025-03-28,2025-03-27,62,54,5
PO008143,S034,P0015,W01,2026-03-20,2026-03-31,2026-03-29,32,29,2
PO008144,S016,P0037,W06,2025-08-05,2025-08-21,2025-08-20,52,47,3
PO008145,S030,P0067,W12,2026-01-18,2026-02-13,2026-02-12,39,36,3
PO008146,S040,P0188,W12,2025-11-07,2025-11-10,2025-11-08,110,105,4
PO008147,S040,P0238,W15,2025-02-05,2025-02-08,2025-02-08,95,94,1
PO008148,S020,P0152,W06,2025-05-11,2025-05-29,2025-05-29,33,29,3
PO008149,S027,P0360,W02,2025-02-14,2025-03-12,2025-03-10,33,29,3
PO008150,S031,P0270,W07,2026-04-11,2026-04-21,2026-04-19,16,14,1
PO008151,S002,P0229,W05,2026-04-22,2026-05-15,2026-05-13,101,94,5
PO008152,S009,P0065,W07,2025-06-01,2025-06-13,2025-06-14,67,62,4
PO008153,S022,P0256,W08,2026-05-09,2026-05-31,2026-06-09,79,76,2
PO008154,S035,P0160,W03,2025-08-23,2025-09-07,2025-09-07,167,147,12
PO008155,S030,P0359,W10,2026-06-11,2026-06-21,2026-06-22,61,56,5
PO008156,S023,P0322,W06,2026-05-11,2026-05-14,2026-05-14,30,28,2
PO008157,S023,P0233,W09,2026-04-24,2026-05-06,2026-05-04,80,73,7
PO008158,S032,P0301,W09,2025-08-11,2025-08-29,2025-09-09,10,10,0
PO008159,S006,P0106,W09,2025-05-30,2025-06-08,2025-06-08,17,17,0
PO008160,S014,P0265,W15,2026-05-16,2026-05-29,2026-05-28,112,101,6
PO008161,S005,P0248,W08,2025-09-28,2025-10-12,2025-10-23,144,137,2
PO008162,S005,P0159,W08,2025-01-05,2025-01-27,2025-01-27,147,137,4
PO008163,S012,P0334,W04,2025-08-31,2025-09-25,2025-09-24,48,45,2
PO008164,S014,P0049,W10,2025-02-08,2025-02-13,2025-02-11,498,427,52
PO008165,S005,P0040,W01,2025-07-17,2025-08-11,2025-08-09,138,133,5
PO008166,S024,P0005,W04,2025-05-22,2025-06-27,2025-06-27,22,21,1
PO008167,S032,P0180,W09,2025-01-17,2025-02-08,2025-02-06,89,83,2
PO008168,S012,P0215,W02,2026-04-17,2026-05-11,2026-05-09,35,34,1
PO008169,S009,P0126,W03,2026-01-21,2026-02-11,2026-02-16,74,69,3
PO008170,S012,P0247,W11,2026-03-05,2026-04-10,2026-04-08,32,32,0
PO008171,S017,P0309,W15,2025-11-18,2025-12-12,2025-12-16,185,169,11
PO008172,S005,P0263,W03,2025-12-02,2025-12-22,2025-12-22,42,40,0
PO008173,S024,P0278,W11,2025-12-01,2026-01-11,2026-01-09,42,38,2
PO008174,S001,P0283,W13,2026-04-02,2026-04-06,2026-04-05,240,229,5
PO008175,S014,P0179,W09,2025-08-17,2025-09-01,2025-09-01,26,24,1
PO008176,S003,P0283,W04,2025-03-12,2025-04-08,2025-04-06,105,102,2
PO008177,S018,P0016,W09,2026-03-21,2026-04-07,2026-04-07,40,35,5
PO008178,S002,P0316,W04,2026-06-21,2026-07-06,2026-07-04,68,65,3
PO008179,S023,P0132,W01,2025-10-21,2025-11-07,2025-11-07,80,73,6
PO008180,S016,P0063,W11,2025-07-01,2025-07-10,2025-07-08,43,40,2
PO008181,S002,P0297,W09,2025-09-25,2025-10-20,2025-10-18,42,39,2
PO008182,S039,P0224,W01,2025-10-10,2025-11-05,2025-11-03,67,60,4
PO008183,S040,P0147,W03,2025-12-22,2025-12-25,2025-12-24,89,87,1
PO008184,S004,P0293,W05,2025-06-10,2025-07-02,2025-07-01,50,43,5
PO008185,S018,P0088,W05,2026-03-22,2026-04-14,2026-04-12,128,111,13
PO008186,S015,P0222,W15,2025-09-09,2025-10-03,2025-10-02,69,59,7
PO008187,S016,P0357,W08,2026-06-17,2026-06-28,2026-06-27,45,41,3
PO008188,S006,P0177,W13,2025-09-14,2025-09-17,2025-09-17,103,99,2
PO008189,S012,P0231,W11,2025-09-17,2025-10-17,2025-10-25,117,110,6
PO008190,S010,P0300,W06,2026-06-12,2026-07-12,2026-07-11,66,61,5
PO008191,S021,P0387,W08,2026-01-25,2026-01-28,2026-02-02,47,42,5
PO008192,S005,P0045,W12,2025-12-14,2026-01-03,2026-01-01,33,33,0
PO008193,S013,P0064,W02,2026-02-21,2026-03-30,2026-03-30,87,80,3
PO008194,S038,P0112,W08,2026-06-17,2026-07-09,2026-07-09,83,75,8
PO008195,S001,P0086,W09,2025-03-08,2025-03-12,2025-03-10,56,53,1
PO008196,S026,P0367,W06,2025-10-01,2025-10-22,2025-10-21,114,100,12
PO008197,S002,P0024,W15,2026-04-06,2026-05-03,2026-05-03,61,53,5
PO008198,S027,P0279,W04,2025-12-31,2026-01-29,2026-01-29,56,52,4
PO008199,S035,P0123,W03,2025-07-25,2025-08-08,2025-08-06,41,37,4
PO008200,S007,P0010,W07,2025-08-07,2025-09-02,2025-09-11,65,57,8
PO008201,S038,P0266,W04,2026-02-20,2026-03-13,2026-03-11,31,29,2
PO008202,S003,P0369,W13,2026-02-15,2026-03-16,2026-03-14,118,114,3
PO008203,S037,P0293,W10,2026-05-19,2026-05-31,2026-05-29,163,159,3
PO008204,S023,P0165,W06,2025-10-16,2025-10-29,2025-10-27,64,58,5
PO008205,S010,P0082,W01,2025-05-07,2025-06-03,2025-06-12,90,82,6
PO008206,S010,P0307,W06,2025-12-16,2026-01-11,2026-01-09,141,127,13
PO008207,S022,P0337,W14,2026-06-09,2026-06-29,2026-06-27,83,73,6
PO008208,S002,P0274,W12,2025-12-22,2026-01-18,2026-01-17,40,35,3
PO008209,S025,P0285,W11,2025-03-15,2025-04-09,2025-04-07,60,59,0
PO008210,S016,P0356,W09,2026-03-24,2026-04-06,2026-04-04,135,120,10
PO008211,S022,P0030,W01,2025-01-15,2025-01-22,2025-02-02,21,20,1
PO008212,S010,P0123,W02,2026-05-15,2026-06-20,2026-06-23,196,170,18
PO008213,S007,P0081,W07,2025-07-10,2025-08-05,2025-08-04,50,44,6
PO008214,S015,P0333,W07,2025-07-24,2025-08-20,2025-08-20,49,43,4
PO008215,S006,P0177,W06,2026-06-08,2026-06-11,2026-06-09,52,49,2
PO008216,S008,P0204,W13,2026-02-21,2026-03-08,2026-03-08,52,48,2
PO008217,S025,P0154,W05,2026-06-24,2026-08-01,2026-08-01,223,211,12
PO008218,S017,P0320,W04,2025-01-07,2025-01-26,2025-02-01,29,28,1
PO008219,S019,P0324,W13,2026-04-09,2026-04-24,2026-04-24,51,48,2
PO008220,S038,P0245,W07,2025-09-07,2025-09-28,2025-09-26,59,53,5
PO008221,S031,P0205,W01,2025-06-29,2025-07-16,2025-07-16,111,101,10
PO008222,S014,P0119,W03,2025-04-03,2025-04-16,2025-04-20,88,82,6
PO008223,S033,P0147,W02,2025-10-24,2025-11-24,2025-11-23,71,65,5
PO008224,S040,P0147,W03,2026-04-18,2026-04-30,2026-04-30,43,43,0
PO008225,S035,P0100,W11,2026-06-01,2026-06-08,2026-06-06,27,24,3
PO008226,S016,P0114,W13,2025-08-11,2025-08-24,2025-09-03,61,57,4
PO008227,S006,P0245,W04,2025-12-06,2025-12-09,2025-12-08,107,104,0
PO008228,S019,P0220,W09,2026-03-11,2026-04-04,2026-04-03,100,94,4
PO008229,S009,P0216,W09,2025-01-24,2025-02-06,2025-02-05,59,55,2
PO008230,S011,P0102,W13,2025-09-27,2025-10-08,2025-10-08,154,151,0
PO008231,S010,P0015,W14,2026-03-22,2026-04-12,2026-04-12,116,100,11
PO008232,S039,P0194,W10,2026-04-22,2026-05-15,2026-05-14,92,86,6
PO008233,S039,P0130,W04,2026-02-26,2026-03-14,2026-03-20,212,200,11
PO008234,S026,P0289,W11,2025-08-11,2025-08-26,2025-08-25,54,47,5
PO008235,S017,P0173,W09,2025-09-17,2025-10-15,2025-10-14,67,63,3
PO008236,S012,P0290,W02,2026-03-09,2026-04-18,2026-04-20,71,68,1
PO008237,S005,P0250,W13,2025-10-28,2025-11-20,2025-11-26,99,95,3
PO008238,S024,P0041,W05,2025-01-16,2025-03-04,2025-03-02,189,171,18
PO008239,S038,P0312,W11,2025-06-26,2025-07-11,2025-07-10,145,132,13
PO008240,S013,P0080,W09,2025-11-06,2025-11-28,2025-11-28,62,58,1
PO008241,S010,P0181,W03,2025-07-13,2025-08-12,2025-08-11,38,35,3
PO008242,S024,P0009,W10,2025-05-16,2025-06-12,2025-06-10,75,70,5
PO008243,S040,P0113,W08,2025-08-19,2025-08-22,2025-08-21,52,50,1
PO008244,S022,P0361,W15,2025-04-05,2025-04-22,2025-04-21,26,24,1
PO008245,S023,P0313,W12,2025-10-04,2025-10-14,2025-10-12,86,79,7
PO008246,S014,P0086,W06,2025-05-09,2025-05-12,2025-05-10,30,29,1
PO008247,S006,P0053,W04,2026-01-01,2026-01-05,2026-01-03,54,53,1
PO008248,S012,P0333,W06,2025-09-21,2025-10-24,2025-10-24,54,53,1
PO008249,S004,P0269,W05,2025-03-20,2025-04-07,2025-04-05,233,199,23
PO008250,S017,P0025,W14,2025-05-01,2025-05-23,2025-05-23,90,85,4
PO008251,S011,P0299,W07,2025-02-15,2025-03-03,2025-03-03,86,85,1
PO008252,S005,P0322,W09,2026-03-11,2026-04-02,2026-04-02,30,28,1
PO008253,S026,P0209,W07,2025-11-01,2025-11-19,2025-11-26,123,112,8
PO008254,S037,P0188,W03,2026-01-28,2026-02-07,2026-02-06,89,83,2
PO008255,S019,P0096,W06,2026-03-30,2026-04-15,2026-04-22,103,99,3
PO008256,S009,P0013,W11,2025-10-31,2025-11-08,2025-11-08,232,216,8
PO008257,S015,P0272,W11,2025-10-15,2025-10-26,2025-10-26,53,45,7
PO008258,S022,P0217,W10,2025-03-22,2025-04-01,2025-03-30,58,54,2
PO008259,S001,P0116,W04,2025-04-21,2025-04-24,2025-04-23,65,65,0
PO008260,S012,P0212,W10,2025-01-05,2025-02-07,2025-02-06,154,142,5
PO008261,S006,P0345,W01,2025-07-03,2025-07-11,2025-07-10,47,44,2
PO008262,S037,P0381,W10,2025-07-29,2025-08-08,2025-08-08,127,115,6
PO008263,S017,P0255,W14,2025-10-21,2025-11-24,2025-11-27,57,53,3
PO008264,S006,P0134,W02,2025-10-01,2025-10-12,2025-10-11,33,31,2
PO008265,S017,P0001,W05,2026-01-30,2026-03-01,2026-02-27,94,86,5
PO008266,S033,P0078,W13,2025-02-05,2025-03-18,2025-03-17,133,122,9
PO008267,S032,P0308,W15,2025-11-30,2025-12-13,2025-12-13,72,68,3
PO008268,S017,P0279,W01,2026-04-08,2026-05-03,2026-05-02,154,139,10
PO008269,S013,P0221,W13,2025-01-15,2025-02-19,2025-02-19,46,42,2
PO008270,S007,P0296,W04,2025-08-12,2025-09-11,2025-09-09,30,26,3
PO008271,S022,P0038,W13,2026-06-03,2026-06-16,2026-06-15,115,106,4
PO008272,S019,P0286,W10,2026-03-31,2026-04-22,2026-04-20,79,73,3
PO008273,S023,P0283,W01,2025-03-07,2025-03-19,2025-03-19,95,85,6
PO008274,S016,P0115,W13,2025-04-29,2025-05-22,2025-05-21,46,42,3
PO008275,S029,P0035,W14,2026-05-25,2026-05-31,2026-05-30,43,41,1
PO008276,S015,P0010,W01,2025-09-01,2025-09-24,2025-09-22,65,58,7
PO008277,S005,P0271,W09,2025-10-22,2025-11-13,2025-11-13,123,116,3
PO008278,S024,P0332,W09,2026-04-20,2026-05-24,2026-05-23,83,75,7
PO008279,S024,P0237,W06,2025-05-20,2025-06-21,2025-06-20,50,47,3
PO008280,S022,P0164,W08,2025-04-02,2025-04-21,2025-04-24,140,134,5
PO008281,S022,P0281,W02,2025-11-19,2025-12-09,2025-12-17,19,19,0
PO008282,S006,P0147,W05,2025-08-14,2025-08-24,2025-09-05,58,53,4
PO008283,S023,P0292,W06,2025-02-18,2025-02-28,2025-02-26,109,95,9
PO008284,S027,P0305,W13,2026-03-14,2026-04-13,2026-04-12,73,64,6
PO008285,S013,P0316,W11,2025-01-15,2025-02-06,2025-02-04,272,265,1
PO008286,S018,P0201,W14,2025-12-26,2026-01-18,2026-01-23,112,98,10
PO008287,S020,P0369,W11,2025-10-14,2025-10-31,2025-10-31,43,39,3
PO008288,S029,P0347,W12,2025-03-22,2025-03-31,2025-04-01,13,12,0
PO008289,S035,P0201,W12,2026-03-19,2026-04-05,2026-04-05,28,26,2
PO008290,S001,P0179,W09,2026-06-06,2026-06-16,2026-06-16,71,69,1
PO008291,S035,P0117,W04,2026-03-17,2026-04-04,2026-04-03,112,105,7
PO008292,S022,P0397,W13,2025-05-29,2025-06-18,2025-06-16,239,217,19
PO008293,S015,P0364,W04,2026-05-20,2026-05-29,2026-05-29,109,92,12
PO008294,S001,P0237,W08,2025-10-05,2025-10-08,2025-10-07,25,25,0
PO008295,S020,P0025,W01,2026-02-01,2026-02-12,2026-02-11,246,218,22
PO008296,S030,P0167,W09,2025-01-24,2025-01-31,2025-02-10,126,113,10
PO008297,S031,P0169,W10,2026-05-20,2026-05-29,2026-05-30,65,59,5
PO008298,S021,P0373,W09,2026-05-24,2026-05-27,2026-05-26,177,150,21
PO008299,S034,P0289,W07,2026-06-03,2026-06-14,2026-06-14,33,32,1
PO008300,S027,P0263,W10,2025-04-27,2025-05-27,2025-05-29,76,67,7
PO008301,S027,P0176,W15,2025-09-08,2025-10-19,2025-10-19,48,45,3
PO008302,S037,P0038,W01,2025-01-26,2025-02-12,2025-02-21,19,19,0
PO008303,S027,P0158,W02,2026-01-06,2026-01-29,2026-02-06,35,32,3
PO008304,S039,P0260,W12,2025-01-06,2025-01-27,2025-01-27,63,59,3
PO008305,S015,P0336,W11,2025-03-05,2025-03-18,2025-03-27,39,34,4
PO008306,S030,P0002,W02,2025-08-23,2025-09-06,2025-09-06,43,39,3
PO008307,S024,P0048,W15,2025-11-02,2025-11-25,2025-11-25,73,67,5
PO008308,S003,P0230,W11,2025-04-13,2025-04-26,2025-05-01,201,190,1
PO008309,S040,P0029,W04,2026-06-16,2026-06-20,2026-06-23,70,68,1
PO008310,S033,P0244,W09,2026-06-05,2026-07-06,2026-07-05,88,82,6
PO008311,S015,P0359,W13,2025-12-09,2025-12-30,2025-12-31,28,26,2
PO008312,S033,P0352,W07,2026-01-30,2026-03-05,2026-03-03,164,148,14
PO008313,S034,P0151,W12,2026-03-25,2026-04-01,2026-03-31,136,122,11
PO008314,S004,P0118,W02,2026-03-28,2026-04-12,2026-04-10,120,108,12
PO008315,S015,P0313,W10,2025-08-21,2025-09-07,2025-09-05,36,31,4
PO008316,S028,P0118,W08,2025-08-13,2025-09-13,2025-09-11,86,78,5
PO008317,S033,P0271,W13,2026-01-09,2026-02-14,2026-02-14,24,21,2
PO008318,S007,P0170,W13,2026-01-05,2026-02-03,2026-02-01,49,44,5
PO008319,S010,P0280,W10,2026-05-02,2026-05-25,2026-05-23,48,43,5
PO008320,S036,P0242,W01,2025-08-04,2025-09-02,2025-09-02,22,22,0
PO008321,S007,P0183,W13,2025-03-25,2025-04-26,2025-04-26,32,30,2
PO008322,S013,P0392,W10,2026-06-14,2026-07-11,2026-07-09,12,11,0
PO008323,S008,P0227,W12,2025-02-21,2025-03-03,2025-03-01,100,89,6
PO008324,S025,P0291,W03,2026-01-25,2026-02-12,2026-02-12,157,148,8
PO008325,S027,P0052,W06,2025-03-30,2025-04-29,2025-04-28,70,62,6
PO008326,S025,P0302,W03,2025-07-16,2025-08-06,2025-08-05,312,297,12
PO008327,S031,P0070,W02,2025-06-13,2025-07-06,2025-07-05,107,97,9
PO008328,S036,P0174,W06,2025-02-25,2025-04-05,2025-04-03,86,84,1
PO008329,S007,P0022,W11,2026-02-28,2026-03-30,2026-03-29,114,96,14
PO008330,S018,P0012,W05,2025-02-02,2025-02-24,2025-02-24,20,17,2
PO008331,S018,P0191,W09,2026-05-25,2026-06-15,2026-06-14,294,263,27
PO008332,S009,P0004,W03,2026-04-26,2026-05-10,2026-05-10,32,30,1
PO008333,S027,P0179,W14,2025-04-30,2025-05-30,2025-06-11,27,26,1
PO008334,S011,P0243,W12,2025-11-30,2025-12-17,2025-12-16,154,152,2
PO008335,S036,P0366,W08,2025-10-24,2025-12-02,2025-12-01,49,47,2
PO008336,S034,P0045,W12,2026-04-30,2026-05-03,2026-05-01,142,129,7
PO008337,S018,P0184,W13,2025-07-11,2025-08-03,2025-08-01,88,74,10
PO008338,S006,P0167,W11,2026-03-07,2026-03-14,2026-03-14,72,69,2
PO008339,S021,P0137,W04,2026-04-24,2026-05-03,2026-05-02,170,144,19
PO008340,S032,P0277,W04,2025-03-29,2025-04-17,2025-04-17,169,163,4
PO008341,S005,P0251,W12,2025-03-09,2025-03-23,2025-03-23,87,83,3
PO008342,S031,P0248,W13,2026-06-15,2026-07-01,2026-06-30,53,49,4
PO008343,S007,P0232,W13,2025-02-25,2025-03-27,2025-03-26,102,89,10
PO008344,S037,P0209,W02,2025-04-27,2025-05-09,2025-05-08,134,130,3
PO008345,S030,P0058,W13,2026-03-12,2026-04-08,2026-04-08,66,58,6
PO008346,S007,P0328,W11,2025-11-11,2025-12-11,2025-12-09,49,43,6
PO008347,S030,P0372,W10,2026-03-20,2026-04-09,2026-04-08,86,77,7
PO008348,S008,P0054,W11,2025-03-04,2025-03-19,2025-03-18,86,82,4
PO008349,S004,P0200,W10,2025-01-23,2025-01-28,2025-01-31,28,25,3
PO008350,S001,P0193,W10,2026-04-20,2026-05-02,2026-05-09,90,83,6
PO008351,S027,P0179,W10,2026-06-14,2026-07-04,2026-07-04,51,47,3
PO008352,S004,P0138,W04,2025-01-13,2025-01-19,2025-01-29,128,115,13
PO008353,S002,P0132,W12,2025-03-14,2025-04-09,2025-04-09,125,113,8
PO008354,S014,P0027,W11,2025-06-11,2025-07-03,2025-07-03,32,30,2
PO008355,S028,P0336,W09,2026-03-09,2026-04-04,2026-04-03,67,63,4
PO008356,S026,P0175,W01,2026-02-23,2026-03-12,2026-03-11,52,46,6
PO008357,S008,P0092,W05,2025-02-24,2025-03-06,2025-03-05,47,45,2
PO008358,S011,P0166,W01,2025-02-11,2025-02-24,2025-02-23,60,56,1
PO008359,S031,P0393,W10,2025-05-19,2025-06-10,2025-06-08,125,115,9
PO008360,S002,P0003,W11,2025-09-06,2025-10-02,2025-09-30,82,80,2
PO008361,S011,P0007,W07,2026-03-17,2026-04-02,2026-04-01,196,186,8
PO008362,S037,P0003,W11,2025-01-31,2025-02-16,2025-02-15,81,79,2
PO008363,S005,P0180,W02,2026-04-05,2026-04-15,2026-04-13,90,86,0
PO008364,S021,P0249,W02,2025-10-11,2025-10-16,2025-10-16,163,146,17
PO008365,S030,P0265,W08,2025-01-11,2025-01-21,2025-01-19,47,40,5
PO008366,S024,P0110,W13,2025-12-10,2026-01-19,2026-01-17,55,50,5
PO008367,S009,P0198,W10,2026-05-23,2026-05-31,2026-05-30,37,35,2
PO008368,S004,P0096,W02,2025-05-18,2025-05-28,2025-05-26,100,87,9
PO008369,S010,P0040,W13,2026-05-18,2026-06-15,2026-06-14,131,119,10
PO008370,S036,P0151,W05,2025-06-22,2025-07-26,2025-07-26,14,14,0
PO008371,S030,P0026,W10,2025-05-27,2025-06-03,2025-06-03,38,35,3
PO008372,S040,P0110,W04,2025-04-04,2025-04-20,2025-04-20,76,72,2
PO008373,S029,P0010,W06,2026-05-01,2026-05-13,2026-05-12,47,45,2
PO008374,S025,P0207,W05,2026-02-20,2026-03-19,2026-03-17,125,120,0
PO008375,S006,P0133,W02,2025-07-19,2025-07-30,2025-08-04,61,57,2
PO008376,S023,P0123,W02,2026-03-09,2026-03-20,2026-03-27,178,155,15
PO008377,S020,P0355,W12,2026-04-18,2026-05-12,2026-05-10,65,58,7
PO008378,S038,P0145,W10,2025-04-10,2025-05-08,2025-05-20,46,43,3
PO008379,S032,P0237,W12,2025-11-27,2025-12-15,2025-12-13,79,73,3
PO008380,S040,P0201,W15,2026-04-18,2026-04-27,2026-04-27,51,49,0
PO008381,S038,P0194,W10,2026-02-24,2026-03-10,2026-03-19,39,34,4
PO008382,S009,P0225,W06,2025-07-15,2025-08-01,2025-07-31,39,36,2
PO008383,S017,P0262,W14,2025-11-12,2025-12-08,2025-12-07,17,16,1
PO008384,S018,P0392,W15,2026-05-05,2026-05-22,2026-05-22,21,19,1
PO008385,S020,P0343,W02,2025-12-27,2026-01-04,2026-01-03,121,108,9
PO008386,S012,P0059,W07,2025-11-04,2025-12-08,2025-12-06,73,65,5
PO008387,S029,P0394,W12,2026-04-08,2026-04-16,2026-04-16,41,39,0
PO008388,S025,P0387,W07,2025-05-16,2025-06-05,2025-06-05,29,28,1
PO008389,S010,P0101,W09,2025-11-26,2025-12-20,2025-12-20,180,162,15
PO008390,S027,P0106,W06,2026-04-05,2026-05-02,2026-05-06,70,64,5
PO008391,S001,P0050,W04,2025-06-18,2025-06-23,2025-06-21,114,108,1
PO008392,S024,P0129,W06,2025-03-06,2025-04-14,2025-04-12,305,266,27
PO008393,S018,P0010,W04,2026-02-08,2026-02-22,2026-02-21,40,36,3
PO008394,S019,P0137,W01,2025-03-30,2025-04-15,2025-04-14,32,31,0
PO008395,S008,P0077,W12,2025-12-03,2025-12-18,2025-12-22,173,163,7
PO008396,S005,P0368,W13,2026-01-13,2026-01-31,2026-01-29,44,44,0
PO008397,S030,P0397,W10,2026-05-04,2026-05-21,2026-05-25,41,36,3
PO008398,S013,P0072,W02,2025-02-11,2025-03-14,2025-03-12,102,97,2
PO008399,S006,P0052,W06,2025-05-15,2025-05-21,2025-05-19,78,76,2
PO008400,S004,P0392,W10,2026-03-16,2026-04-06,2026-04-06,135,114,15
PO008401,S039,P0009,W12,2026-02-09,2026-03-06,2026-03-05,44,43,1
PO008402,S031,P0263,W07,2025-10-22,2025-11-06,2025-11-05,151,132,13
PO008403,S030,P0352,W06,2025-01-30,2025-02-15,2025-02-13,65,59,5
PO008404,S009,P0265,W13,2025-12-17,2025-12-27,2025-12-30,60,56,2
PO008405,S011,P0234,W10,2025-08-20,2025-09-09,2025-09-07,77,74,0
PO008406,S001,P0346,W06,2026-04-11,2026-04-14,2026-04-14,58,55,3
PO008407,S019,P0080,W13,2026-01-25,2026-02-19,2026-02-28,235,217,13
PO008408,S028,P0308,W06,2025-09-21,2025-10-16,2025-10-14,53,49,4
PO008409,S013,P0194,W13,2025-02-07,2025-03-04,2025-03-02,66,61,2
PO008410,S006,P0039,W01,2026-01-01,2026-01-04,2026-01-03,68,63,3
PO008411,S013,P0023,W15,2025-10-12,2025-11-05,2025-11-04,46,44,0
PO008412,S022,P0319,W05,2025-04-08,2025-04-24,2025-04-24,23,22,1
PO008413,S018,P0266,W09,2025-12-03,2025-12-24,2025-12-23,20,19,1
PO008414,S028,P0361,W10,2025-09-26,2025-10-18,2025-10-18,29,29,0
PO008415,S036,P0262,W02,2025-01-31,2025-03-08,2025-03-16,104,97,5
PO008416,S038,P0217,W10,2025-04-11,2025-05-06,2025-05-14,48,45,3
PO008417,S010,P0272,W09,2026-02-19,2026-03-13,2026-03-11,30,29,1
PO008418,S033,P0115,W02,2025-05-30,2025-07-01,2025-07-08,56,53,3
PO008419,S039,P0130,W12,2025-06-04,2025-06-20,2025-06-18,52,48,2
PO008420,S004,P0305,W09,2026-03-08,2026-03-27,2026-03-27,54,49,4
PO008421,S006,P0233,W12,2025-09-02,2025-09-18,2025-09-17,56,51,3
PO008422,S016,P0084,W10,2025-11-03,2025-11-18,2025-11-18,40,35,3
PO008423,S004,P0098,W01,2025-06-02,2025-06-26,2025-06-24,40,35,4
PO008424,S003,P0071,W04,2025-12-07,2025-12-28,2025-12-26,46,45,0
PO008425,S010,P0041,W11,2025-09-20,2025-10-29,2025-10-29,52,45,5
PO008426,S002,P0197,W15,2026-05-30,2026-06-24,2026-06-28,178,159,15
PO008427,S025,P0162,W06,2025-11-06,2025-11-25,2025-11-24,89,84,5
PO008428,S015,P0021,W03,2025-10-03,2025-10-19,2025-10-21,43,35,6
PO008429,S039,P0011,W03,2026-03-28,2026-04-21,2026-04-19,39,35,3
PO008430,S013,P0371,W14,2025-07-31,2025-08-24,2025-08-22,45,45,0
PO008431,S016,P0035,W15,2025-10-18,2025-11-05,2025-11-04,21,19,1
PO008432,S024,P0315,W15,2025-10-12,2025-11-11,2025-11-09,29,27,2
PO008433,S007,P0365,W01,2026-05-09,2026-06-09,2026-06-08,16,15,1
PO008434,S033,P0139,W14,2025-02-14,2025-03-23,2025-03-23,19,18,1
PO008435,S013,P0173,W09,2025-11-10,2025-12-11,2025-12-09,47,46,0
PO008436,S012,P0234,W09,2025-04-24,2025-05-24,2025-05-27,110,104,2
PO008437,S002,P0172,W08,2026-03-11,2026-04-08,2026-04-08,48,46,2
PO008438,S036,P0192,W09,2026-05-17,2026-06-21,2026-06-21,66,62,4
PO008439,S020,P0177,W13,2025-11-20,2025-12-04,2025-12-04,114,100,10
PO008440,S032,P0134,W03,2026-06-16,2026-07-11,2026-07-20,22,21,0
PO008441,S016,P0135,W12,2025-01-04,2025-01-17,2025-01-16,84,72,9
PO008442,S004,P0246,W07,2025-07-10,2025-08-01,2025-07-30,257,230,27
PO008443,S028,P0235,W02,2025-08-06,2025-08-30,2025-09-01,121,110,5
PO008444,S021,P0170,W08,2025-02-08,2025-02-13,2025-02-12,120,108,10
PO008445,S002,P0255,W13,2026-06-27,2026-07-27,2026-07-27,37,35,2
PO008446,S007,P0184,W13,2025-03-01,2025-04-06,2025-04-04,48,44,4
PO008447,S025,P0186,W03,2025-03-25,2025-04-18,2025-04-18,106,97,5
PO008448,S018,P0382,W11,2025-04-17,2025-05-10,2025-05-09,53,45,6
PO008449,S017,P0073,W01,2026-05-01,2026-05-25,2026-05-29,64,61,3
PO008450,S007,P0008,W01,2025-07-23,2025-08-22,2025-08-21,41,37,4
PO008451,S040,P0292,W06,2025-02-20,2025-02-23,2025-02-21,87,83,3
PO008452,S001,P0063,W10,2026-04-20,2026-04-23,2026-04-22,110,106,1
PO008453,S024,P0043,W02,2026-05-20,2026-06-22,2026-06-21,88,78,8
PO008454,S035,P0058,W05,2025-10-06,2025-10-18,2025-10-17,160,143,17
PO008455,S013,P0064,W05,2025-04-25,2025-05-21,2025-05-19,19,19,0
PO008456,S031,P0301,W10,2025-11-15,2025-11-26,2025-11-25,65,59,5
PO008457,S037,P0377,W07,2025-12-08,2025-12-16,2025-12-15,178,169,2
PO008458,S018,P0392,W01,2026-05-25,2026-06-09,2026-06-09,55,48,5
PO008459,S019,P0336,W15,2025-09-25,2025-10-12,2025-10-10,69,63,3
PO008460,S006,P0322,W04,2026-06-26,2026-07-05,2026-07-03,34,32,1
PO008461,S022,P0294,W09,2025-01-07,2025-01-25,2025-01-23,251,236,13
PO008462,S013,P0179,W14,2025-02-27,2025-04-01,2025-03-31,111,107,3
PO008463,S039,P0141,W07,2025-05-21,2025-06-05,2025-06-05,26,26,0
PO008464,S012,P0199,W05,2026-06-21,2026-07-23,2026-07-21,118,114,4
PO008465,S026,P0334,W11,2025-10-25,2025-11-15,2025-11-15,50,43,6
PO008466,S024,P0208,W14,2025-09-02,2025-10-09,2025-10-09,35,33,2
PO008467,S020,P0338,W12,2025-06-17,2025-06-29,2025-06-28,86,77,9
PO008468,S024,P0307,W13,2025-07-07,2025-08-08,2025-08-06,56,51,4
PO008469,S015,P0290,W14,2025-01-26,2025-02-08,2025-02-06,25,23,2
PO008470,S015,P0049,W09,2025-12-30,2026-01-15,2026-01-15,103,93,9
PO008471,S027,P0190,W03,2026-02-07,2026-03-12,2026-03-10,49,42,5
PO008472,S004,P0395,W13,2026-03-22,2026-04-12,2026-04-11,36,32,4
PO008473,S022,P0114,W12,2025-08-27,2025-09-11,2025-09-10,20,19,0
PO008474,S020,P0049,W05,2026-06-21,2026-06-27,2026-07-01,38,35,2
PO008475,S012,P0070,W15,2026-01-26,2026-03-01,2026-02-28,173,163,4
PO008476,S033,P0290,W10,2025-06-27,2025-07-26,2025-08-06,81,73,7
PO008477,S033,P0218,W04,2025-05-03,2025-05-30,2025-05-28,64,58,5
PO008478,S008,P0235,W09,2025-11-27,2025-12-11,2025-12-17,51,47,3
PO008479,S005,P0096,W06,2025-07-24,2025-08-08,2025-08-09,125,120,3
PO008480,S014,P0067,W08,2025-12-05,2025-12-18,2025-12-16,24,22,1
PO008481,S005,P0314,W11,2026-05-13,2026-06-04,2026-06-04,78,74,1
PO008482,S003,P0156,W09,2025-12-24,2026-01-12,2026-01-11,129,124,3
PO008483,S030,P0012,W03,2026-05-31,2026-06-15,2026-06-15,32,30,2
PO008484,S010,P0342,W02,2026-06-21,2026-07-26,2026-07-25,54,49,5
PO008485,S012,P0039,W07,2025-06-26,2025-07-24,2025-07-24,56,54,2
PO008486,S017,P0123,W12,2025-05-22,2025-06-06,2025-06-05,96,89,3
PO008487,S002,P0214,W04,2025-11-13,2025-12-10,2025-12-09,48,44,4
PO008488,S030,P0201,W05,2025-07-21,2025-08-12,2025-08-11,122,109,8
PO008489,S037,P0001,W07,2026-01-30,2026-02-03,2026-02-10,75,70,3
PO008490,S034,P0069,W12,2025-09-19,2025-09-22,2025-09-20,87,81,2
PO008491,S038,P0031,W01,2026-05-30,2026-06-16,2026-06-16,75,66,7
PO008492,S040,P0182,W06,2025-07-25,2025-08-05,2025-08-03,25,25,0
PO008493,S035,P0279,W08,2026-06-30,2026-07-13,2026-07-11,21,19,1
PO008494,S029,P0361,W09,2025-02-02,2025-02-08,2025-02-17,67,67,0
PO008495,S015,P0312,W13,2025-07-25,2025-08-03,2025-08-01,24,21,2
PO008496,S037,P0203,W02,2026-02-23,2026-03-02,2026-03-04,98,96,2
PO008497,S027,P0076,W12,2025-08-17,2025-09-10,2025-09-09,95,87,8
PO008498,S024,P0378,W14,2026-02-15,2026-03-23,2026-03-23,64,58,6
PO008499,S009,P0196,W01,2026-05-11,2026-06-01,2026-05-31,75,67,5
PO008500,S021,P0231,W13,2025-01-02,2025-01-11,2025-01-10,76,68,7
PO008501,S005,P0337,W07,2026-06-15,2026-07-07,2026-07-12,117,111,2
PO008502,S034,P0015,W12,2026-02-02,2026-02-12,2026-02-11,312,280,21
PO008503,S002,P0243,W07,2025-12-19,2026-01-21,2026-02-02,25,24,1
PO008504,S015,P0278,W12,2025-11-14,2025-11-27,2025-11-26,51,44,7
PO008505,S005,P0251,W07,2025-06-21,2025-07-22,2025-07-20,110,101,5
PO008506,S029,P0296,W10,2025-01-07,2025-01-18,2025-01-17,41,38,1
PO008507,S016,P0215,W14,2026-06-04,2026-06-19,2026-06-17,173,155,14
PO008508,S002,P0148,W15,2025-07-26,2025-08-26,2025-08-26,65,61,2
PO008509,S026,P0027,W03,2026-05-30,2026-06-14,2026-06-12,70,61,6
PO008510,S011,P0119,W08,2025-03-25,2025-04-24,2025-04-24,42,42,0
PO008511,S023,P0323,W15,2026-04-24,2026-05-04,2026-05-04,55,48,5
PO008512,S007,P0387,W07,2025-11-23,2025-12-18,2025-12-27,77,67,8
PO008513,S021,P0215,W14,2026-01-16,2026-01-28,2026-01-28,99,87,9
PO008514,S040,P0188,W03,2025-09-30,2025-10-10,2025-10-10,54,53,0
PO008515,S008,P0316,W01,2026-01-27,2026-02-09,2026-02-08,109,100,5
PO008516,S003,P0331,W08,2025-09-17,2025-10-09,2025-10-07,18,18,0
PO008517,S030,P0029,W01,2026-03-17,2026-03-31,2026-03-31,115,104,8
PO008518,S010,P0243,W09,2025-10-18,2025-11-10,2025-11-08,59,52,5
PO008519,S001,P0300,W03,2025-12-29,2026-01-09,2026-01-09,183,183,0
PO008520,S018,P0305,W06,2025-03-16,2025-04-10,2025-04-09,65,59,6
PO008521,S034,P0167,W07,2025-05-16,2025-05-19,2025-05-19,24,22,1
PO008522,S040,P0344,W11,2025-02-03,2025-02-10,2025-02-10,18,18,0
PO008523,S033,P0270,W13,2025-10-13,2025-11-14,2025-11-14,107,98,8
PO008524,S006,P0022,W08,2025-02-16,2025-03-04,2025-03-04,91,87,3
PO008525,S004,P0136,W05,2025-12-04,2025-12-25,2025-12-23,65,60,5
PO008526,S004,P0021,W09,2026-02-12,2026-03-05,2026-03-03,29,26,2
PO008527,S013,P0285,W05,2025-01-11,2025-02-14,2025-02-12,43,42,1
PO008528,S016,P0177,W13,2025-11-13,2025-12-03,2025-12-01,27,24,3
PO008529,S014,P0072,W14,2026-06-11,2026-06-18,2026-06-18,41,36,3
PO008530,S029,P0023,W03,2025-02-03,2025-02-16,2025-02-14,102,93,5
PO008531,S018,P0052,W14,2025-05-25,2025-06-23,2025-06-28,169,147,15
PO008532,S038,P0279,W12,2026-03-09,2026-04-06,2026-04-04,73,69,4
PO008533,S021,P0106,W05,2025-12-19,2025-12-22,2025-12-20,156,136,15
PO008534,S020,P0113,W01,2025-05-16,2025-05-29,2025-05-27,39,35,3
PO008535,S004,P0293,W11,2026-04-03,2026-04-15,2026-04-13,54,50,4
PO008536,S002,P0168,W08,2026-05-16,2026-06-08,2026-06-07,13,12,0
PO008537,S027,P0254,W06,2025-08-21,2025-09-27,2025-09-27,19,17,1
PO008538,S031,P0260,W08,2025-08-10,2025-09-04,2025-09-04,35,32,2
PO008539,S006,P0399,W06,2025-05-17,2025-05-26,2025-06-07,59,54,3
PO008540,S010,P0280,W06,2025-03-06,2025-04-06,2025-04-04,74,66,8
PO008541,S020,P0001,W08,2026-02-20,2026-03-05,2026-03-03,248,217,23
PO008542,S014,P0067,W13,2025-02-11,2025-02-21,2025-02-20,35,33,1
PO008543,S039,P0151,W05,2026-02-12,2026-03-10,2026-03-08,66,61,3
PO008544,S037,P0382,W07,2026-04-13,2026-04-19,2026-04-19,64,64,0
PO008545,S035,P0394,W04,2025-06-28,2025-07-12,2025-07-12,102,92,8
PO008546,S036,P0116,W15,2025-09-10,2025-10-19,2025-10-18,98,91,6
PO008547,S028,P0324,W11,2025-04-16,2025-05-13,2025-05-11,12,12,0
PO008548,S026,P0352,W02,2025-02-22,2025-03-06,2025-03-04,13,13,0
PO008549,S017,P0256,W12,2025-05-06,2025-06-04,2025-06-04,81,74,3
PO008550,S023,P0353,W13,2025-12-05,2025-12-16,2025-12-14,170,148,15
PO008551,S004,P0224,W14,2025-05-10,2025-05-24,2025-05-22,126,111,12
PO008552,S001,P0368,W03,2025-06-22,2025-06-25,2025-06-23,64,62,1
PO008553,S027,P0071,W14,2025-03-14,2025-04-10,2025-04-10,70,63,6
PO008554,S023,P0163,W11,2025-03-21,2025-04-01,2025-03-31,48,43,4
PO008555,S011,P0158,W14,2025-05-22,2025-06-13,2025-06-13,142,139,0
PO008556,S017,P0298,W09,2025-09-25,2025-10-23,2025-10-21,35,33,2
PO008557,S006,P0284,W10,2025-03-02,2025-03-07,2025-03-07,43,41,2
PO008558,S020,P0038,W07,2025-06-05,2025-06-16,2025-06-15,63,56,6
PO008559,S019,P0302,W11,2026-01-21,2026-02-10,2026-02-10,42,38,2
PO008560,S001,P0040,W14,2025-03-09,2025-03-19,2025-03-18,285,275,6
PO008561,S024,P0156,W07,2026-05-04,2026-06-16,2026-06-15,20,19,1
PO008562,S024,P0181,W12,2025-12-07,2026-01-13,2026-01-12,58,53,4
PO008563,S021,P0333,W11,2025-11-12,2025-11-17,2025-11-17,88,79,9
PO008564,S036,P0360,W14,2025-03-05,2025-04-12,2025-04-12,67,63,2
PO008565,S040,P0395,W06,2025-01-19,2025-01-27,2025-01-25,195,186,2
PO008566,S034,P0107,W11,2026-01-09,2026-01-13,2026-01-12,43,39,3
PO008567,S030,P0306,W10,2025-10-23,2025-10-30,2025-10-29,22,20,1
PO008568,S001,P0369,W11,2025-09-23,2025-09-28,2025-09-28,74,72,0
PO008569,S003,P0033,W09,2026-04-14,2026-05-06,2026-05-06,123,117,1
PO008570,S028,P0136,W03,2026-06-30,2026-07-26,2026-07-26,18,17,0
PO008571,S009,P0291,W05,2026-05-26,2026-06-30,2026-06-28,29,28,1
PO008572,S030,P0342,W14,2025-05-24,2025-06-07,2025-06-05,295,266,26
PO008573,S027,P0252,W05,2026-02-10,2026-03-13,2026-03-24,70,66,4
PO008574,S015,P0047,W10,2026-03-06,2026-03-24,2026-03-23,39,34,4
PO008575,S027,P0274,W14,2025-04-04,2025-05-06,2025-05-18,71,65,5
PO008576,S036,P0176,W13,2026-06-08,2026-07-10,2026-07-08,156,150,6
PO008577,S038,P0179,W06,2025-03-22,2025-04-08,2025-04-13,84,76,5
PO008578,S029,P0089,W03,2025-01-01,2025-01-12,2025-01-12,18,18,0
PO008579,S007,P0117,W02,2025-09-04,2025-10-03,2025-10-03,87,81,5
PO008580,S001,P0323,W13,2025-07-31,2025-08-03,2025-08-01,238,235,3
PO008581,S007,P0118,W10,2025-05-13,2025-06-15,2025-06-13,95,84,10
PO008582,S010,P0065,W06,2025-11-26,2025-12-19,2025-12-19,39,36,2
PO008583,S005,P0360,W12,2025-07-31,2025-08-23,2025-09-02,58,55,1
PO008584,S039,P0274,W10,2026-02-02,2026-02-15,2026-02-15,35,34,1
PO008585,S021,P0382,W07,2025-12-02,2025-12-12,2025-12-10,30,28,2
PO008586,S010,P0017,W14,2025-06-19,2025-07-22,2025-07-23,59,53,5
PO008587,S034,P0050,W08,2025-04-01,2025-04-10,2025-04-08,105,100,4
PO008588,S016,P0024,W07,2025-12-18,2026-01-07,2026-01-17,242,221,16
PO008589,S001,P0020,W05,2025-10-18,2025-10-29,2025-10-29,137,130,5
PO008590,S024,P0207,W13,2026-02-18,2026-03-22,2026-03-21,31,29,2
PO008591,S011,P0347,W15,2025-12-14,2026-01-11,2026-01-22,43,40,1
PO008592,S037,P0348,W09,2026-03-04,2026-03-07,2026-03-06,60,56,3
PO008593,S032,P0209,W14,2026-06-18,2026-07-02,2026-07-02,31,31,0
PO008594,S005,P0180,W15,2025-12-09,2026-01-01,2026-01-08,93,87,2
PO008595,S036,P0282,W11,2025-07-27,2025-08-19,2025-08-17,40,39,1
PO008596,S028,P0062,W14,2026-03-13,2026-04-09,2026-04-08,36,33,3
PO008597,S039,P0197,W03,2025-03-14,2025-04-02,2025-04-01,87,81,4
PO008598,S025,P0395,W12,2025-07-28,2025-08-19,2025-08-17,78,71,5
PO008599,S019,P0289,W10,2026-03-12,2026-04-03,2026-04-03,63,57,4
PO008600,S024,P0153,W03,2025-01-21,2025-03-02,2025-03-14,70,63,6
PO008601,S036,P0119,W07,2025-12-23,2026-01-25,2026-01-25,70,65,2
PO008602,S013,P0145,W11,2025-02-27,2025-03-28,2025-04-08,193,190,0
PO008603,S040,P0369,W02,2026-02-08,2026-02-15,2026-02-15,98,97,1
PO008604,S007,P0326,W12,2025-11-01,2025-12-04,2025-12-03,81,73,8
PO008605,S004,P0287,W09,2025-02-19,2025-03-11,2025-03-11,71,63,8
PO008606,S033,P0032,W01,2025-05-05,2025-06-05,2025-06-03,67,63,4
PO008607,S029,P0226,W11,2026-05-26,2026-05-29,2026-05-28,28,26,1
PO008608,S005,P0319,W03,2025-11-08,2025-11-23,2025-11-21,48,45,1
PO008609,S004,P0189,W15,2025-08-18,2025-09-04,2025-09-04,35,32,2
PO008610,S036,P0014,W08,2025-12-21,2026-01-19,2026-01-31,45,43,1
PO008611,S024,P0097,W04,2025-06-01,2025-07-03,2025-07-01,54,50,4
PO008612,S030,P0229,W14,2025-09-27,2025-10-17,2025-10-17,34,31,2
PO008613,S034,P0167,W15,2025-05-19,2025-05-25,2025-05-25,39,36,2
PO008614,S037,P0285,W13,2025-03-10,2025-03-18,2025-03-17,95,90,5
PO008615,S027,P0234,W06,2025-07-14,2025-08-18,2025-08-18,98,90,7
PO008616,S019,P0303,W05,2026-01-25,2026-02-19,2026-02-17,96,88,7
PO008617,S016,P0238,W05,2026-05-17,2026-05-31,2026-05-31,72,66,5
PO008618,S040,P0353,W09,2025-08-03,2025-08-11,2025-08-09,74,67,4
PO008619,S017,P0353,W05,2026-02-16,2026-03-26,2026-03-26,163,152,10
PO008620,S016,P0342,W02,2025-03-03,2025-03-13,2025-03-14,116,108,8
PO008621,S036,P0114,W07,2026-01-03,2026-02-04,2026-02-02,138,129,6
PO008622,S037,P0287,W12,2026-03-11,2026-03-24,2026-03-24,68,65,3
PO008623,S010,P0166,W14,2025-09-18,2025-10-08,2025-10-06,325,294,27
PO008624,S001,P0254,W07,2025-03-30,2025-04-04,2025-04-02,154,143,6
PO008625,S019,P0031,W15,2025-12-07,2025-12-23,2025-12-23,29,27,1
PO008626,S009,P0184,W13,2025-02-16,2025-03-14,2025-03-14,34,31,2
PO008627,S001,P0229,W08,2025-05-23,2025-05-30,2025-06-01,48,46,0
PO008628,S031,P0270,W13,2026-03-16,2026-04-02,2026-03-31,40,36,2
PO008629,S010,P0154,W07,2025-05-29,2025-07-01,2025-06-29,73,65,6
PO008630,S004,P0348,W07,2025-06-25,2025-07-09,2025-07-08,112,97,11
PO008631,S006,P0115,W01,2025-02-20,2025-02-23,2025-02-23,92,86,4
PO008632,S006,P0115,W13,2025-10-17,2025-10-30,2025-10-29,43,40,1
PO008633,S040,P0104,W09,2025-09-21,2025-10-06,2025-10-05,346,336,8
PO008634,S033,P0313,W04,2025-02-18,2025-03-24,2025-03-23,85,78,6
PO008635,S010,P0320,W02,2025-10-14,2025-11-16,2025-11-16,117,111,6
PO008636,S011,P0170,W09,2025-12-09,2025-12-30,2025-12-30,177,170,2
PO008637,S017,P0278,W11,2025-10-05,2025-10-29,2025-10-27,33,30,2
PO008638,S012,P0325,W04,2025-01-22,2025-03-03,2025-03-01,71,69,2
PO008639,S024,P0290,W02,2026-04-22,2026-05-23,2026-05-23,82,78,4
PO008640,S039,P0039,W10,2026-06-16,2026-07-13,2026-07-11,128,113,12
PO008641,S034,P0091,W15,2025-05-15,2025-06-01,2025-06-01,26,23,2
PO008642,S020,P0376,W01,2026-05-17,2026-05-28,2026-05-27,52,47,3
PO008643,S038,P0208,W11,2025-10-12,2025-11-03,2025-11-03,27,25,2
PO008644,S018,P0179,W10,2025-05-16,2025-06-08,2025-06-06,48,40,6
PO008645,S014,P0396,W01,2025-01-06,2025-01-15,2025-01-13,132,118,8
PO008646,S015,P0372,W08,2026-03-17,2026-03-29,2026-03-27,56,46,8
PO008647,S031,P0128,W05,2026-05-01,2026-05-17,2026-05-15,48,45,3
PO008648,S011,P0255,W12,2025-07-06,2025-07-19,2025-07-17,29,28,0
PO008649,S026,P0362,W11,2025-03-22,2025-04-03,2025-04-02,117,105,11
PO008650,S026,P0386,W04,2025-08-26,2025-09-06,2025-09-04,22,21,1
PO008651,S007,P0077,W15,2025-03-31,2025-04-30,2025-04-30,28,24,3
PO008652,S006,P0364,W07,2025-04-20,2025-04-27,2025-04-25,179,165,10
PO008653,S026,P0397,W14,2026-03-26,2026-04-24,2026-04-22,66,58,6
PO008654,S025,P0050,W11,2025-11-16,2025-12-06,2025-12-05,20,19,1
PO008655,S039,P0349,W07,2026-03-12,2026-04-03,2026-04-03,71,66,3
PO008656,S017,P0369,W05,2026-05-13,2026-06-06,2026-06-04,188,168,12
PO008657,S028,P0137,W06,2025-02-27,2025-03-26,2025-04-07,112,101,6
PO008658,S011,P0237,W05,2025-10-31,2025-11-22,2025-11-20,74,71,1
PO008659,S015,P0332,W10,2025-10-29,2025-11-11,2025-11-11,84,73,11
PO008660,S012,P0269,W01,2026-03-29,2026-04-29,2026-04-28,43,41,0
PO008661,S028,P0350,W10,2025-04-14,2025-05-07,2025-05-06,314,286,22
PO008662,S020,P0212,W12,2025-10-12,2025-10-26,2025-10-26,51,48,3
PO008663,S008,P0235,W08,2026-04-11,2026-04-27,2026-04-25,68,60,5
PO008664,S025,P0262,W13,2026-01-26,2026-02-23,2026-02-21,143,131,6
PO008665,S008,P0052,W15,2025-07-25,2025-08-01,2025-07-31,64,60,4
PO008666,S004,P0378,W14,2025-04-13,2025-05-02,2025-05-02,69,61,6
PO008667,S021,P0383,W08,2025-09-16,2025-09-21,2025-09-21,44,39,4
PO008668,S027,P0082,W13,2025-01-13,2025-02-15,2025-02-16,76,67,7
PO008669,S005,P0173,W01,2025-05-24,2025-06-10,2025-06-09,145,139,2
PO008670,S003,P0025,W08,2025-05-26,2025-06-20,2025-06-19,42,40,1
PO008671,S026,P0018,W10,2025-01-14,2025-01-28,2025-02-02,136,120,11
PO008672,S013,P0232,W15,2025-10-25,2025-11-12,2025-11-11,197,185,7
PO008673,S001,P0044,W15,2026-02-13,2026-02-16,2026-02-18,85,81,1
PO008674,S011,P0133,W07,2025-08-27,2025-09-11,2025-09-23,52,51,1
PO008675,S010,P0102,W01,2026-04-18,2026-05-19,2026-05-19,78,69,6
PO008676,S001,P0088,W14,2025-09-30,2025-10-03,2025-10-02,98,92,2
PO008677,S021,P0130,W06,2026-01-27,2026-01-30,2026-01-30,20,18,1
PO008678,S003,P0384,W04,2025-01-24,2025-02-25,2025-02-24,52,49,1
PO008679,S007,P0174,W07,2026-04-04,2026-05-05,2026-05-10,50,44,4
PO008680,S024,P0077,W01,2025-03-23,2025-04-28,2025-04-26,24,22,1
PO008681,S015,P0339,W10,2025-03-29,2025-04-14,2025-04-25,124,109,15
PO008682,S012,P0389,W03,2025-06-10,2025-07-01,2025-06-30,88,83,5
PO008683,S034,P0361,W05,2025-08-10,2025-08-22,2025-08-22,59,56,3
PO008684,S006,P0010,W07,2025-05-14,2025-05-24,2025-05-23,119,107,7
PO008685,S038,P0273,W07,2026-02-02,2026-02-21,2026-02-20,50,45,3
PO008686,S040,P0060,W01,2025-01-16,2025-01-26,2025-01-26,35,34,1
PO008687,S024,P0292,W15,2025-05-05,2025-06-04,2025-06-04,326,277,37
PO008688,S006,P0160,W06,2026-04-08,2026-04-15,2026-04-15,89,87,2
PO008689,S022,P0187,W02,2026-03-14,2026-03-28,2026-03-26,26,26,0
PO008690,S020,P0163,W07,2025-07-12,2025-07-23,2025-07-30,65,54,8
PO008691,S001,P0019,W02,2026-05-13,2026-05-18,2026-05-18,37,35,1
PO008692,S026,P0325,W09,2025-05-07,2025-05-27,2025-05-27,51,46,5
PO008693,S028,P0182,W09,2025-02-05,2025-03-02,2025-03-13,90,82,5
PO008694,S014,P0226,W06,2025-01-31,2025-02-03,2025-02-02,69,64,4
PO008695,S015,P0281,W13,2025-05-23,2025-06-06,2025-06-05,51,46,5
PO008696,S002,P0198,W12,2025-08-06,2025-08-28,2025-08-28,41,39,2
PO008697,S030,P0238,W10,2025-10-29,2025-11-15,2025-11-14,147,132,13
PO008698,S018,P0259,W15,2025-10-28,2025-11-30,2025-11-29,82,69,9
PO008699,S012,P0128,W11,2025-09-28,2025-11-01,2025-10-31,37,36,1
PO008700,S011,P0016,W10,2026-06-21,2026-06-27,2026-06-27,37,36,1
PO008701,S004,P0186,W07,2026-03-11,2026-03-27,2026-03-26,142,123,13
PO008702,S039,P0096,W07,2026-03-22,2026-04-10,2026-04-09,40,37,1
PO008703,S002,P0390,W06,2025-01-25,2025-02-22,2025-02-20,96,88,5
PO008704,S004,P0366,W03,2025-10-04,2025-10-21,2025-10-20,65,61,3
PO008705,S004,P0221,W07,2025-08-27,2025-09-17,2025-09-16,51,46,5
PO008706,S003,P0389,W09,2026-02-15,2026-03-16,2026-03-14,91,87,3
PO008707,S039,P0070,W03,2025-11-18,2025-12-09,2025-12-09,117,106,6
PO008708,S032,P0368,W15,2025-10-25,2025-11-11,2025-11-09,64,61,1
PO008709,S011,P0339,W02,2025-05-14,2025-05-30,2025-05-30,44,42,0
PO008710,S004,P0059,W07,2026-04-23,2026-05-12,2026-05-11,49,44,5
PO008711,S018,P0271,W11,2025-08-19,2025-09-15,2025-09-19,119,101,13
PO008712,S021,P0354,W03,2025-09-22,2025-10-10,2025-10-09,59,54,5
PO008713,S017,P0039,W06,2025-11-22,2025-12-16,2025-12-14,224,200,13
PO008714,S036,P0372,W09,2025-09-20,2025-10-26,2025-10-26,65,60,2
PO008715,S002,P0317,W10,2025-12-20,2026-01-12,2026-01-11,98,87,8
PO008716,S015,P0346,W15,2026-04-18,2026-05-09,2026-05-09,42,38,4
PO008717,S016,P0157,W11,2025-09-19,2025-09-29,2025-09-28,64,58,4
PO008718,S020,P0148,W13,2026-05-13,2026-05-21,2026-05-19,49,46,3
PO008719,S040,P0003,W07,2026-06-26,2026-07-04,2026-07-03,40,39,0
PO008720,S037,P0132,W03,2025-07-10,2025-07-27,2025-07-27,90,84,4
PO008721,S007,P0145,W04,2025-05-03,2025-06-03,2025-06-02,48,44,3
PO008722,S014,P0315,W02,2025-08-08,2025-08-16,2025-08-16,35,33,1
PO008723,S016,P0151,W15,2026-01-11,2026-01-26,2026-01-24,55,50,4
PO008724,S032,P0300,W03,2026-05-06,2026-05-23,2026-05-21,136,132,4
PO008725,S002,P0332,W10,2025-04-05,2025-05-03,2025-05-02,46,42,3
PO008726,S017,P0394,W14,2026-01-23,2026-02-27,2026-02-25,66,62,3
PO008727,S030,P0264,W12,2025-01-07,2025-01-13,2025-01-14,39,34,4
PO008728,S015,P0281,W14,2026-04-18,2026-05-01,2026-04-30,47,41,4
PO008729,S004,P0390,W11,2025-05-27,2025-06-23,2025-06-22,58,52,5
PO008730,S020,P0228,W14,2025-07-31,2025-08-09,2025-08-08,34,31,3
PO008731,S005,P0126,W06,2025-02-26,2025-03-18,2025-03-27,76,71,2
PO008732,S025,P0200,W15,2026-02-12,2026-03-09,2026-03-08,71,65,3
PO008733,S037,P0256,W04,2026-05-20,2026-05-23,2026-05-31,32,30,1
PO008734,S020,P0171,W12,2025-03-12,2025-03-22,2025-03-22,42,39,3
PO008735,S021,P0321,W13,2025-02-18,2025-03-02,2025-03-01,33,30,2
PO008736,S009,P0360,W01,2025-08-14,2025-09-06,2025-09-06,58,54,2
PO008737,S001,P0148,W04,2025-07-13,2025-07-21,2025-07-21,76,72,1
PO008738,S014,P0042,W13,2025-09-07,2025-09-14,2025-09-13,52,46,4
PO008739,S037,P0340,W02,2026-05-12,2026-05-25,2026-05-23,73,70,3
PO008740,S027,P0333,W07,2026-06-30,2026-08-02,2026-07-31,40,37,3
PO008741,S028,P0302,W05,2025-08-22,2025-09-21,2025-09-20,83,77,6
PO008742,S019,P0060,W02,2026-03-17,2026-03-26,2026-03-24,81,74,3
PO008743,S028,P0330,W01,2025-02-19,2025-03-17,2025-03-15,71,65,4
PO008744,S024,P0280,W07,2026-04-26,2026-06-02,2026-06-02,198,177,17
PO008745,S011,P0277,W08,2025-11-25,2025-12-12,2025-12-11,91,87,4
PO008746,S007,P0018,W13,2025-12-19,2026-01-10,2026-01-08,49,43,6
PO008747,S036,P0216,W15,2025-06-01,2025-06-27,2025-06-27,95,91,2
PO008748,S032,P0033,W10,2025-04-14,2025-04-29,2025-04-27,62,59,1
PO008749,S013,P0348,W08,2025-08-21,2025-09-20,2025-09-18,53,51,0
PO008750,S019,P0225,W06,2026-04-05,2026-04-27,2026-04-26,39,38,1
PO008751,S004,P0233,W13,2025-05-25,2025-06-14,2025-06-13,78,71,6
PO008752,S021,P0184,W14,2025-08-18,2025-09-01,2025-08-31,51,45,4
PO008753,S022,P0028,W11,2025-08-25,2025-09-08,2025-09-08,63,60,3
PO008754,S001,P0184,W04,2026-02-23,2026-03-02,2026-03-02,59,56,1
PO008755,S028,P0105,W14,2026-05-24,2026-06-15,2026-06-13,91,82,7
PO008756,S005,P0169,W06,2025-04-18,2025-05-10,2025-05-10,50,47,1
PO008757,S028,P0308,W11,2025-05-11,2025-06-11,2025-06-10,85,76,6
PO008758,S037,P0390,W11,2025-12-13,2025-12-21,2025-12-19,284,274,8
PO008759,S033,P0327,W06,2025-08-10,2025-09-13,2025-09-13,43,41,2
PO008760,S010,P0243,W13,2025-08-08,2025-09-20,2025-09-20,81,73,6
PO008761,S011,P0153,W12,2025-10-11,2025-10-28,2025-10-28,93,89,0
PO008762,S009,P0262,W05,2025-03-19,2025-04-09,2025-04-07,79,71,6
PO008763,S025,P0292,W06,2025-01-29,2025-02-24,2025-02-26,110,105,4
PO008764,S025,P0122,W06,2026-05-03,2026-06-02,2026-06-02,69,66,3
PO008765,S016,P0360,W13,2025-08-19,2025-09-06,2025-09-04,62,56,4
PO008766,S039,P0053,W03,2025-03-15,2025-03-31,2025-03-29,131,123,5
PO008767,S029,P0343,W05,2025-11-05,2025-11-12,2025-11-19,203,181,13
PO008768,S040,P0017,W06,2025-09-14,2025-09-27,2025-09-28,28,27,0
PO008769,S014,P0386,W05,2025-06-20,2025-06-29,2025-06-29,87,80,5
PO008770,S021,P0288,W05,2025-09-29,2025-10-05,2025-10-03,25,22,2
PO008771,S003,P0046,W09,2025-01-26,2025-02-12,2025-02-10,56,56,0
PO008772,S018,P0318,W07,2026-06-18,2026-07-06,2026-07-10,59,51,6
PO008773,S034,P0325,W12,2025-06-16,2025-06-19,2025-06-24,69,66,3
PO008774,S029,P0156,W10,2025-09-14,2025-10-05,2025-10-04,57,56,0
PO008775,S020,P0035,W05,2026-04-20,2026-05-01,2026-04-30,70,62,5
PO008776,S028,P0041,W11,2025-06-11,2025-07-11,2025-07-10,39,36,2
PO008777,S014,P0241,W08,2025-02-04,2025-02-11,2025-02-10,71,62,6
PO008778,S024,P0150,W05,2025-11-18,2025-12-21,2025-12-29,161,141,14
PO008779,S013,P0292,W09,2025-10-11,2025-11-11,2025-11-09,76,70,4
PO008780,S039,P0318,W10,2025-03-01,2025-03-16,2025-03-15,59,54,3
PO008781,S016,P0344,W07,2025-12-23,2026-01-06,2026-01-04,53,48,4
PO008782,S034,P0163,W13,2026-06-27,2026-07-01,2026-06-29,94,89,5
PO008783,S039,P0141,W10,2026-03-03,2026-03-24,2026-03-22,90,84,4
PO008784,S040,P0262,W02,2026-04-26,2026-05-04,2026-05-03,126,122,2
PO008785,S028,P0138,W06,2026-04-19,2026-05-08,2026-05-08,34,31,2
PO008786,S039,P0099,W07,2026-03-30,2026-04-22,2026-04-22,59,57,2
PO008787,S005,P0151,W03,2026-01-23,2026-02-14,2026-02-14,23,23,0
PO008788,S025,P0266,W03,2026-01-30,2026-02-27,2026-02-26,126,114,7
PO008789,S033,P0002,W10,2025-01-04,2025-02-01,2025-01-30,141,123,13
PO008790,S002,P0078,W05,2025-08-22,2025-09-04,2025-09-03,37,35,2
PO008791,S008,P0161,W15,2025-01-15,2025-01-24,2025-02-05,39,36,3
PO008792,S035,P0252,W06,2026-05-10,2026-05-27,2026-05-27,79,68,8
PO008793,S039,P0249,W02,2025-01-30,2025-02-05,2025-02-04,33,31,1
PO008794,S011,P0274,W05,2025-04-23,2025-04-30,2025-04-30,125,116,4
PO008795,S029,P0380,W11,2025-03-22,2025-03-27,2025-03-27,66,61,3
PO008796,S027,P0213,W01,2026-04-27,2026-06-03,2026-06-01,70,63,6
PO008797,S039,P0101,W01,2025-10-26,2025-11-19,2025-11-19,56,51,4
PO008798,S014,P0254,W07,2025-07-15,2025-07-23,2025-08-03,68,64,3
PO008799,S013,P0335,W11,2025-03-21,2025-04-15,2025-04-13,74,70,1
PO008800,S027,P0396,W07,2025-06-17,2025-07-16,2025-07-28,243,212,21
PO008801,S022,P0376,W05,2026-03-24,2026-04-03,2026-04-02,17,17,0
PO008802,S040,P0354,W01,2025-09-12,2025-09-15,2025-09-15,63,63,0
PO008803,S015,P0081,W07,2025-05-20,2025-06-10,2025-06-08,56,49,6
PO008804,S001,P0275,W11,2026-03-22,2026-04-04,2026-04-02,43,43,0
PO008805,S028,P0194,W01,2025-11-02,2025-11-26,2025-11-24,71,69,1
PO008806,S021,P0307,W14,2026-03-05,2026-03-08,2026-03-06,208,184,14
PO008807,S008,P0157,W06,2025-06-15,2025-06-28,2025-06-28,58,57,1
PO008808,S013,P0045,W07,2025-07-22,2025-08-14,2025-08-13,87,85,0
PO008809,S001,P0100,W06,2026-02-20,2026-02-26,2026-02-24,45,43,1
PO008810,S034,P0140,W12,2025-06-05,2025-06-21,2025-06-21,40,38,2
PO008811,S035,P0140,W09,2025-08-10,2025-08-28,2025-08-27,64,54,7
PO008812,S017,P0087,W06,2025-11-25,2025-12-12,2025-12-11,113,104,5
PO008813,S020,P0292,W14,2026-05-07,2026-05-18,2026-05-16,28,26,2
PO008814,S024,P0326,W01,2025-10-18,2025-11-22,2025-11-28,87,80,6
PO008815,S023,P0019,W13,2025-05-21,2025-06-01,2025-05-30,128,121,6
PO008816,S030,P0171,W12,2025-08-23,2025-09-02,2025-08-31,116,102,12
PO008817,S040,P0031,W05,2026-03-03,2026-03-13,2026-03-12,40,38,1
PO008818,S001,P0340,W12,2026-04-20,2026-04-23,2026-04-28,195,188,0
PO008819,S038,P0384,W10,2026-04-26,2026-05-17,2026-05-17,63,56,6
PO008820,S005,P0233,W06,2026-01-07,2026-01-26,2026-01-26,43,42,0
PO008821,S039,P0056,W05,2025-09-13,2025-10-06,2025-10-05,63,59,3
PO008822,S029,P0030,W01,2025-06-12,2025-06-15,2025-06-13,46,45,1
PO008823,S012,P0196,W05,2025-11-23,2025-12-20,2025-12-18,65,62,3
PO008824,S019,P0193,W05,2025-04-22,2025-05-09,2025-05-08,46,42,2
PO008825,S023,P0284,W06,2026-03-15,2026-04-04,2026-04-02,86,79,4
PO008826,S037,P0086,W01,2025-01-15,2025-01-21,2025-01-20,39,37,1
PO008827,S022,P0188,W01,2025-04-13,2025-04-22,2025-04-21,54,51,1
PO008828,S007,P0250,W08,2025-03-21,2025-04-27,2025-05-05,84,76,7
PO008829,S029,P0360,W01,2025-10-12,2025-10-17,2025-10-17,10,10,0
PO008830,S023,P0030,W10,2026-05-23,2026-05-26,2026-05-24,32,29,2
PO008831,S039,P0148,W15,2025-09-15,2025-10-05,2025-10-11,106,97,4
PO008832,S034,P0061,W04,2026-05-28,2026-06-09,2026-06-08,99,92,5
PO008833,S021,P0008,W01,2025-03-01,2025-03-05,2025-03-07,116,106,10
PO008834,S033,P0347,W09,2026-05-14,2026-06-10,2026-06-17,207,175,23
PO008835,S017,P0102,W14,2026-05-03,2026-05-21,2026-05-19,49,44,3
PO008836,S007,P0128,W05,2025-02-13,2025-03-16,2025-03-16,139,125,12
PO008837,S012,P0111,W12,2026-04-12,2026-05-13,2026-05-13,82,75,4
PO008838,S025,P0166,W09,2026-06-25,2026-07-20,2026-07-20,51,47,3
PO008839,S029,P0055,W03,2026-01-25,2026-02-03,2026-02-02,112,104,3
PO008840,S037,P0284,W08,2026-05-17,2026-05-25,2026-05-25,31,31,0
PO008841,S025,P0330,W03,2025-12-17,2026-01-10,2026-01-09,39,39,0
PO008842,S009,P0239,W13,2026-01-24,2026-02-12,2026-02-10,67,64,3
PO008843,S005,P0146,W08,2025-02-24,2025-03-11,2025-03-11,37,35,1
PO008844,S040,P0049,W09,2025-12-11,2025-12-22,2026-01-02,422,390,13
PO008845,S025,P0353,W01,2025-07-16,2025-08-17,2025-08-15,83,80,3
PO008846,S040,P0160,W13,2025-06-20,2025-06-30,2025-06-28,145,145,0
PO008847,S016,P0396,W13,2025-09-22,2025-10-08,2025-10-06,45,38,5
PO008848,S036,P0083,W03,2026-02-23,2026-03-26,2026-03-24,88,83,4
PO008849,S022,P0344,W15,2026-02-19,2026-03-02,2026-03-10,52,48,2
PO008850,S021,P0024,W11,2025-07-11,2025-07-20,2025-07-18,54,49,5
PO008851,S011,P0022,W07,2025-11-28,2025-12-11,2025-12-11,89,88,0
PO008852,S012,P0188,W13,2025-12-09,2026-01-14,2026-01-13,18,17,0
PO008853,S011,P0320,W05,2025-10-31,2025-11-20,2025-12-02,41,39,0
PO008854,S028,P0338,W08,2026-04-25,2026-05-22,2026-06-01,34,31,3
PO008855,S037,P0197,W01,2025-04-05,2025-04-12,2025-04-10,23,23,0
PO008856,S005,P0321,W14,2026-01-13,2026-02-04,2026-02-04,33,32,0
PO008857,S017,P0239,W05,2026-05-09,2026-05-31,2026-05-30,68,63,3
PO008858,S031,P0128,W10,2026-06-03,2026-06-12,2026-06-12,40,35,3
PO008859,S035,P0094,W06,2026-04-28,2026-05-22,2026-05-22,152,135,16
PO008860,S034,P0215,W14,2025-05-17,2025-05-20,2025-05-19,75,69,3
PO008861,S026,P0192,W12,2025-03-19,2025-04-12,2025-04-12,88,78,10
PO008862,S040,P0122,W02,2026-06-18,2026-06-29,2026-06-28,163,162,0
PO008863,S016,P0186,W05,2025-01-05,2025-01-11,2025-01-12,54,50,3
PO008864,S029,P0037,W07,2025-12-24,2025-12-30,2026-01-07,59,55,3
PO008865,S012,P0155,W11,2025-01-19,2025-02-20,2025-02-25,94,88,4
PO008866,S012,P0178,W13,2025-03-06,2025-04-12,2025-04-11,46,42,2
PO008867,S017,P0135,W02,2025-03-16,2025-04-12,2025-04-11,55,50,3
PO008868,S039,P0026,W12,2026-04-03,2026-04-23,2026-04-30,59,54,4
PO008869,S040,P0061,W11,2026-04-15,2026-04-18,2026-04-17,52,50,1
PO008870,S012,P0286,W04,2026-01-27,2026-02-26,2026-02-24,96,90,4
PO008871,S020,P0043,W12,2025-05-04,2025-05-08,2025-05-07,93,86,6
PO008872,S039,P0381,W04,2026-03-31,2026-04-20,2026-04-18,21,19,1
PO008873,S039,P0235,W04,2026-01-26,2026-02-12,2026-02-10,124,109,9
PO008874,S030,P0170,W13,2025-03-25,2025-04-04,2025-04-13,55,49,4
PO008875,S040,P0366,W02,2025-03-10,2025-03-19,2025-03-18,156,154,1
PO008876,S027,P0338,W07,2025-05-24,2025-06-23,2025-06-21,29,26,3
PO008877,S009,P0270,W03,2025-08-14,2025-09-01,2025-08-31,62,58,2
PO008878,S031,P0046,W01,2025-12-24,2026-01-04,2026-01-14,43,38,3
PO008879,S026,P0002,W11,2025-05-24,2025-06-04,2025-06-02,61,53,6
PO008880,S034,P0383,W09,2025-07-28,2025-08-12,2025-08-24,75,71,2
PO008881,S011,P0288,W04,2025-03-12,2025-03-24,2025-04-02,64,61,0
PO008882,S015,P0348,W10,2026-01-21,2026-01-30,2026-01-29,77,67,9
PO008883,S031,P0190,W05,2026-02-11,2026-02-18,2026-02-16,71,62,7
PO008884,S019,P0356,W06,2025-01-30,2025-02-13,2025-02-11,30,30,0
PO008885,S027,P0207,W15,2026-03-22,2026-04-12,2026-04-10,19,18,1
PO008886,S001,P0351,W04,2025-08-20,2025-08-31,2025-08-29,69,67,2
PO008887,S009,P0317,W04,2025-09-06,2025-09-24,2025-09-22,59,55,2
PO008888,S009,P0339,W07,2025-01-16,2025-01-31,2025-01-31,91,83,5
PO008889,S040,P0263,W08,2025-06-22,2025-06-29,2025-06-29,202,194,1
PO008890,S016,P0254,W06,2025-05-11,2025-05-28,2025-05-26,67,61,6
PO008891,S038,P0257,W04,2025-10-07,2025-11-01,2025-10-30,26,24,2
PO008892,S027,P0078,W08,2026-05-10,2026-06-10,2026-06-08,81,74,7
PO008893,S008,P0227,W08,2025-02-24,2025-03-19,2025-03-24,72,67,3
PO008894,S027,P0130,W04,2026-01-02,2026-01-27,2026-01-26,32,30,2
PO008895,S023,P0239,W09,2026-05-16,2026-06-03,2026-06-02,54,48,5
PO008896,S020,P0370,W08,2026-05-15,2026-05-26,2026-05-25,65,57,6
PO008897,S017,P0257,W12,2025-11-12,2025-12-06,2025-12-05,26,23,2
PO008898,S016,P0148,W02,2025-11-11,2025-11-21,2025-11-20,109,101,7
PO008899,S022,P0338,W01,2025-12-22,2026-01-06,2026-01-05,52,48,2
PO008900,S002,P0087,W08,2026-02-27,2026-03-30,2026-03-29,73,67,3
PO008901,S003,P0321,W01,2025-03-02,2025-03-21,2025-03-19,54,50,2
PO008902,S015,P0237,W03,2025-03-28,2025-04-05,2025-04-05,106,94,10
PO008903,S011,P0352,W07,2026-01-21,2026-02-08,2026-02-06,34,33,0
PO008904,S023,P0193,W06,2025-10-04,2025-10-19,2025-10-18,55,52,3
PO008905,S017,P0179,W14,2025-09-06,2025-10-09,2025-10-11,65,59,3
PO008906,S027,P0204,W15,2025-05-26,2025-07-01,2025-06-30,37,34,2
PO008907,S032,P0114,W10,2025-07-23,2025-08-11,2025-08-15,42,40,0
PO008908,S029,P0356,W12,2025-01-21,2025-01-26,2025-01-26,49,47,1
PO008909,S010,P0286,W02,2025-07-29,2025-08-22,2025-08-22,89,78,8
PO008910,S034,P0231,W03,2025-05-16,2025-05-24,2025-05-23,62,58,3
PO008911,S037,P0081,W11,2025-10-12,2025-10-15,2025-10-15,128,121,3
PO008912,S008,P0113,W06,2025-06-06,2025-06-14,2025-06-13,72,68,4
PO008913,S014,P0209,W04,2026-04-30,2026-05-10,2026-05-09,60,53,4
PO008914,S003,P0019,W09,2026-04-24,2026-05-22,2026-05-27,118,115,3
PO008915,S039,P0326,W15,2026-01-15,2026-01-31,2026-01-31,42,41,1
PO008916,S028,P0149,W04,2025-01-18,2025-02-04,2025-02-02,113,103,8
PO008917,S016,P0046,W06,2025-07-17,2025-08-09,2025-08-08,89,83,6
PO008918,S010,P0365,W15,2026-06-23,2026-07-20,2026-07-27,124,113,11
PO008919,S023,P0395,W11,2025-07-13,2025-07-16,2025-07-14,143,126,13
PO008920,S033,P0069,W05,2026-03-01,2026-04-01,2026-04-01,63,57,4
PO008921,S017,P0151,W07,2025-03-24,2025-04-22,2025-04-21,98,89,7
PO008922,S023,P0062,W04,2025-08-26,2025-08-29,2025-08-28,58,54,3
PO008923,S031,P0199,W07,2026-04-22,2026-05-06,2026-05-06,195,178,11
PO008924,S033,P0184,W11,2025-11-10,2025-12-14,2025-12-16,111,101,10
PO008925,S025,P0265,W02,2025-02-21,2025-03-10,2025-03-10,33,33,0
PO008926,S024,P0199,W07,2025-09-06,2025-10-10,2025-10-14,53,47,4
PO008927,S022,P0090,W06,2026-02-04,2026-02-14,2026-02-13,39,39,0
PO008928,S006,P0199,W04,2025-05-21,2025-05-28,2025-05-27,105,101,4
PO008929,S001,P0204,W11,2025-11-29,2025-12-02,2025-12-14,80,77,2
PO008930,S031,P0180,W13,2026-06-26,2026-07-13,2026-07-12,147,132,12
PO008931,S022,P0178,W15,2026-04-01,2026-04-12,2026-04-11,26,24,1
PO008932,S001,P0322,W05,2026-02-09,2026-02-12,2026-02-10,116,114,2
PO008933,S037,P0312,W11,2026-06-03,2026-06-07,2026-06-05,191,176,6
PO008934,S001,P0371,W04,2025-03-31,2025-04-03,2025-04-01,64,63,0
PO008935,S039,P0051,W06,2025-07-24,2025-08-12,2025-08-12,97,89,6
PO008936,S001,P0069,W08,2025-07-25,2025-08-07,2025-08-05,78,76,2
PO008937,S024,P0222,W06,2026-03-02,2026-04-04,2026-04-09,50,47,3
PO008938,S007,P0117,W02,2026-02-14,2026-03-05,2026-03-03,139,116,17
PO008939,S038,P0238,W07,2026-05-31,2026-06-20,2026-06-20,138,120,12
PO008940,S040,P0041,W14,2025-07-03,2025-07-23,2025-07-22,62,58,1
PO008941,S003,P0383,W12,2025-05-21,2025-06-08,2025-06-08,312,300,3
PO008942,S033,P0397,W03,2025-02-21,2025-03-28,2025-03-31,64,56,5
PO008943,S034,P0259,W10,2025-10-05,2025-10-19,2025-10-24,58,52,4
PO008944,S005,P0086,W09,2025-07-25,2025-08-14,2025-08-22,79,74,3
PO008945,S013,P0169,W11,2025-08-11,2025-09-09,2025-09-07,10,9,0
PO008946,S019,P0159,W04,2025-06-30,2025-07-23,2025-07-21,51,48,2
PO008947,S024,P0269,W07,2026-01-22,2026-03-02,2026-03-01,63,57,4
PO008948,S038,P0329,W02,2025-11-24,2025-12-07,2025-12-07,39,35,3
PO008949,S039,P0101,W13,2025-08-17,2025-09-10,2025-09-10,35,32,3
PO008950,S037,P0235,W01,2025-08-09,2025-08-18,2025-08-18,30,29,0
PO008951,S020,P0317,W12,2026-04-09,2026-04-26,2026-04-26,31,29,2
PO008952,S039,P0249,W08,2025-05-25,2025-06-08,2025-06-07,77,73,4
PO008953,S007,P0267,W14,2025-01-26,2025-02-24,2025-02-24,23,20,2
PO008954,S012,P0364,W14,2026-05-24,2026-06-24,2026-06-24,77,75,2
PO008955,S025,P0385,W08,2025-02-25,2025-03-15,2025-03-15,60,57,3
PO008956,S022,P0227,W10,2025-10-11,2025-11-04,2025-11-02,205,188,15
PO008957,S040,P0153,W02,2025-10-14,2025-10-23,2025-10-22,172,166,4
PO008958,S024,P0072,W01,2025-01-13,2025-02-22,2025-03-06,267,249,15
PO008959,S013,P0092,W02,2026-04-03,2026-05-01,2026-04-29,54,53,0
PO008960,S005,P0069,W02,2025-08-14,2025-09-05,2025-09-17,141,134,4
PO008961,S018,P0198,W01,2025-02-11,2025-03-03,2025-03-01,146,129,14
PO008962,S031,P0220,W15,2025-09-19,2025-10-07,2025-10-07,44,40,4
PO008963,S013,P0365,W12,2025-07-27,2025-09-02,2025-09-01,99,93,4
PO008964,S017,P0034,W04,2025-01-22,2025-02-17,2025-02-15,32,30,1
PO008965,S029,P0010,W15,2026-05-22,2026-06-04,2026-06-14,46,44,1
PO008966,S024,P0252,W07,2025-07-04,2025-08-12,2025-08-11,120,106,10
PO008967,S009,P0331,W07,2025-11-18,2025-12-09,2025-12-07,104,99,4
PO008968,S009,P0286,W05,2025-11-23,2025-12-06,2025-12-17,61,55,4
PO008969,S032,P0188,W14,2025-02-23,2025-03-07,2025-03-07,61,59,0
PO008970,S040,P0089,W13,2025-03-17,2025-03-27,2025-03-26,33,32,0
PO008971,S011,P0379,W04,2025-03-20,2025-03-31,2025-03-31,77,77,0
PO008972,S010,P0208,W09,2026-01-07,2026-02-07,2026-02-05,119,108,9
PO008973,S032,P0356,W11,2025-10-14,2025-11-03,2025-11-01,44,44,0
PO008974,S031,P0275,W07,2026-02-01,2026-02-17,2026-02-17,113,104,7
PO008975,S034,P0011,W11,2026-06-23,2026-07-04,2026-07-16,22,21,1
PO008976,S031,P0031,W08,2025-08-18,2025-09-07,2025-09-06,59,53,5
PO008977,S023,P0019,W11,2026-02-04,2026-02-07,2026-02-06,68,60,5
PO008978,S016,P0171,W10,2025-09-04,2025-09-17,2025-09-15,109,98,9
PO008979,S012,P0352,W09,2025-07-10,2025-08-16,2025-08-14,16,15,0
PO008980,S006,P0396,W01,2025-09-06,2025-09-13,2025-09-11,245,225,10
PO008981,S022,P0196,W04,2025-12-11,2025-12-24,2025-12-24,338,304,22
PO008982,S022,P0392,W05,2026-02-12,2026-03-03,2026-03-01,29,28,0
PO008983,S034,P0290,W12,2026-05-23,2026-06-02,2026-06-11,78,73,5
PO008984,S013,P0324,W03,2025-03-08,2025-03-31,2025-03-29,60,59,1
PO008985,S008,P0387,W15,2025-10-02,2025-10-12,2025-10-12,391,353,20
PO008986,S005,P0248,W08,2026-04-24,2026-05-06,2026-05-06,84,81,2
PO008987,S021,P0265,W05,2025-03-18,2025-03-21,2025-03-19,98,84,11
PO008988,S010,P0107,W15,2025-02-24,2025-03-23,2025-03-21,62,54,5
PO008989,S010,P0037,W09,2025-08-20,2025-09-17,2025-09-29,96,84,9
PO008990,S026,P0181,W13,2025-08-07,2025-08-23,2025-08-21,90,77,11
PO008991,S017,P0038,W03,2025-06-07,2025-07-08,2025-07-10,191,174,10
PO008992,S014,P0010,W12,2025-12-02,2025-12-13,2025-12-15,129,121,8
PO008993,S006,P0095,W01,2025-05-17,2025-05-25,2025-05-25,89,85,4
PO008994,S008,P0102,W04,2026-05-28,2026-06-21,2026-06-19,107,102,4
PO008995,S001,P0047,W15,2025-08-19,2025-08-28,2025-08-27,69,68,1
PO008996,S030,P0267,W13,2026-05-01,2026-05-15,2026-05-15,26,23,2
PO008997,S029,P0040,W02,2025-05-19,2025-05-22,2025-05-21,69,69,0
PO008998,S020,P0351,W14,2025-09-28,2025-10-14,2025-10-12,49,45,4
PO008999,S003,P0113,W01,2025-07-06,2025-07-22,2025-07-22,23,21,1
PO009000,S034,P0236,W10,2026-01-25,2026-02-12,2026-02-10,109,102,7
PO009001,S009,P0109,W01,2026-05-09,2026-05-28,2026-05-29,44,41,2
PO009002,S018,P0221,W08,2025-05-24,2025-06-28,2025-06-26,80,70,7
PO009003,S012,P0358,W14,2025-10-13,2025-11-10,2025-11-09,129,122,7
PO009004,S002,P0091,W02,2025-09-06,2025-09-30,2025-10-03,30,29,1
PO009005,S029,P0323,W12,2025-06-04,2025-06-10,2025-06-09,72,70,2
PO009006,S022,P0159,W07,2026-04-17,2026-05-10,2026-05-10,52,50,1
PO009007,S016,P0129,W02,2025-11-03,2025-11-15,2025-11-23,48,44,3
PO009008,S011,P0316,W11,2026-02-08,2026-02-21,2026-02-19,17,16,0
PO009009,S037,P0026,W15,2025-04-29,2025-05-02,2025-05-02,130,120,6
PO009010,S023,P0330,W09,2026-06-02,2026-06-13,2026-06-11,232,213,19
PO009011,S035,P0012,W05,2026-05-09,2026-05-21,,74,63,8
PO009012,S013,P0308,W01,2025-10-14,2025-11-19,2025-12-01,39,38,1
PO009013,S022,P0291,W11,2025-02-23,2025-03-03,2025-03-02,217,201,9
PO009014,S006,P0192,W05,2025-04-22,2025-05-02,2025-04-30,80,76,4
PO009015,S022,P0203,W14,2025-09-14,2025-09-27,2025-09-27,93,89,4
PO009016,S032,P0162,W15,2026-04-21,2026-05-15,2026-05-13,31,30,0
PO009017,S034,P0089,W13,2025-03-04,2025-03-15,2025-03-14,50,46,3
PO009018,S014,P0151,W05,2025-11-25,2025-12-09,2025-12-07,96,85,7
PO009019,S021,P0184,W13,2026-03-19,2026-03-28,2026-03-28,75,68,6
PO009020,S019,P0264,W13,2025-11-11,2025-11-23,2025-11-23,100,94,6
PO009021,S033,P0185,W11,2026-02-06,2026-03-05,2026-03-04,194,175,17
PO009022,S022,P0178,W03,2026-06-11,2026-06-24,2026-06-22,43,41,0
PO009023,S016,P0329,W03,2025-07-31,2025-08-18,2025-08-16,23,22,0
PO009024,S018,P0233,W06,2026-06-21,2026-07-10,2026-07-09,228,202,25
PO009025,S004,P0263,W07,2026-05-26,2026-06-17,2026-06-15,127,113,13
PO009026,S039,P0076,W12,2025-12-08,2025-12-15,2025-12-14,41,38,1
PO009027,S024,P0270,W01,2025-10-08,2025-11-15,2025-11-20,44,40,4
PO009028,S029,P0185,W15,2026-06-25,2026-07-13,2026-07-11,33,32,1
PO009029,S037,P0022,W02,2026-04-09,2026-04-20,2026-04-18,19,19,0
PO009030,S034,P0115,W03,2025-01-07,2025-01-20,2025-01-19,46,42,2
PO009031,S024,P0387,W02,2025-09-18,2025-10-27,2025-10-26,71,67,4
PO009032,S040,P0163,W15,2026-02-02,2026-02-16,2026-02-16,38,37,1
PO009033,S032,P0064,W09,2025-02-23,2025-03-11,2025-03-10,43,40,1
PO009034,S034,P0295,W04,2025-10-17,2025-10-23,2025-10-23,140,129,10
PO009035,S016,P0046,W14,2025-10-24,2025-11-09,2025-11-08,57,51,4
PO009036,S030,P0253,W08,2025-08-27,2025-09-12,2025-09-10,33,30,3
PO009037,S033,P0286,W07,2025-02-20,2025-03-24,2025-03-22,28,26,2
PO009038,S011,P0239,W12,2025-05-04,2025-05-22,2025-05-22,62,59,1
PO009039,S020,P0188,W05,2025-08-16,2025-08-24,2025-08-22,137,119,12
PO009040,S012,P0107,W03,2026-03-14,2026-04-18,2026-04-16,267,259,8
PO009041,S013,P0215,W08,2026-06-12,2026-07-10,2026-07-08,48,47,1
PO009042,S026,P0254,W07,2026-05-07,2026-05-29,2026-05-28,90,82,8
PO009043,S020,P0291,W14,2026-06-16,2026-06-30,2026-06-29,61,54,7
PO009044,S022,P0052,W09,2026-06-28,2026-07-10,2026-07-10,118,110,4
PO009045,S036,P0312,W14,2025-08-01,2025-08-31,2025-09-08,37,34,2
PO009046,S028,P0009,W12,2025-09-25,2025-10-20,2025-10-18,75,67,5
PO009047,S013,P0310,W11,2025-12-18,2026-01-19,2026-01-24,65,61,3
PO009048,S037,P0220,W06,2026-04-03,2026-04-09,2026-04-08,53,52,1
PO009049,S009,P0314,W05,2026-03-26,2026-04-18,2026-04-22,52,48,2
PO009050,S028,P0328,W04,2025-08-21,2025-09-06,2025-09-06,84,74,6
PO009051,S022,P0179,W08,2025-01-17,2025-02-06,2025-02-06,137,126,7
PO009052,S028,P0247,W10,2025-12-27,2026-01-22,2026-01-22,66,61,5
PO009053,S022,P0249,W01,2025-03-20,2025-04-09,2025-04-08,182,161,13
PO009054,S023,P0260,W05,2025-07-04,2025-07-19,2025-07-20,42,38,3
PO009055,S003,P0015,W08,2026-04-25,2026-05-16,2026-05-14,82,76,2
PO009056,S029,P0296,W05,2025-02-12,2025-02-27,2025-02-26,68,64,2
PO009057,S015,P0196,W02,2025-10-05,2025-10-21,2025-10-19,75,65,7
PO009058,S018,P0165,W13,2025-01-18,2025-02-19,2025-02-18,205,172,27
PO009059,S020,P0114,W01,2025-02-07,2025-02-26,2025-02-26,117,109,7
PO009060,S039,P0263,W06,2025-02-23,2025-03-14,2025-03-12,216,195,14
PO009061,S026,P0089,W14,2026-03-29,2026-04-08,2026-04-08,29,26,2
PO009062,S038,P0368,W15,2025-08-18,2025-09-13,2025-09-12,27,25,2
PO009063,S008,P0249,W11,2025-01-11,2025-01-21,,115,104,6
PO009064,S038,P0128,W05,2025-01-16,2025-02-08,2025-02-08,27,25,2
PO009065,S030,P0392,W11,2026-02-28,2026-03-16,2026-03-16,119,101,14
PO009066,S010,P0373,W04,2025-06-13,2025-07-17,2025-07-16,40,36,3
PO009067,S034,P0365,W01,2026-02-19,2026-03-05,2026-03-03,338,305,24
PO009068,S027,P0168,W06,2025-06-19,2025-07-20,2025-07-20,45,43,2
PO009069,S014,P0020,W09,2025-02-26,2025-03-04,2025-03-14,118,105,8
PO009070,S030,P0214,W15,2025-10-12,2025-10-31,2025-10-31,36,32,3
PO009071,S022,P0263,W02,2025-06-20,2025-07-04,2025-07-02,74,67,5
PO009072,S015,P0118,W12,2025-12-23,2026-01-14,2026-01-13,85,71,10
PO009073,S016,P0113,W02,2025-07-12,2025-07-26,2025-07-26,130,122,8
PO009074,S022,P0007,W09,2025-12-05,2025-12-23,2025-12-21,54,52,2
PO009075,S012,P0325,W02,2025-03-11,2025-03-30,2025-03-30,26,24,1
PO009076,S008,P0390,W07,2025-03-02,2025-03-06,2025-03-06,57,53,4
PO009077,S016,P0246,W05,2025-09-30,2025-10-14,2025-10-12,105,95,7
PO009078,S020,P0218,W07,2025-02-03,2025-02-22,2025-02-22,250,217,28
PO009079,S029,P0010,W04,2026-06-17,2026-06-27,2026-06-27,107,98,4
PO009080,S003,P0295,W14,2025-05-31,2025-06-21,2025-06-21,93,90,3
PO009081,S004,P0379,W04,2026-05-11,2026-06-06,2026-06-14,125,111,9
PO009082,S002,P0201,W14,2025-05-03,2025-06-04,2025-06-08,57,54,3
PO009083,S009,P0243,W11,2026-05-10,2026-06-07,2026-06-09,11,11,0
PO009084,S040,P0146,W14,2025-08-21,2025-08-30,2025-08-29,72,68,1
PO009085,S020,P0281,W09,2025-04-03,2025-04-14,2025-04-14,86,77,7
PO009086,S031,P0157,W04,2026-02-01,2026-02-24,2026-02-22,442,402,33
PO009087,S034,P0137,W04,2025-11-19,2025-11-22,2025-12-02,42,40,2
PO009088,S011,P0208,W04,2025-01-03,2025-01-14,2025-01-20,60,59,0
PO009089,S020,P0394,W14,2025-12-25,2025-12-31,2025-12-30,79,73,5
PO009090,S002,P0304,W06,2025-07-07,2025-08-03,2025-08-01,50,46,2
PO009091,S007,P0156,W03,2025-09-15,2025-10-17,2025-10-15,73,63,7
PO009092,S025,P0165,W07,2025-02-28,2025-04-01,2025-04-01,20,19,1
PO009093,S018,P0076,W12,2026-06-11,2026-07-11,2026-07-11,32,28,3
PO009094,S031,P0241,W03,2025-09-16,2025-10-13,2025-10-11,98,89,6
PO009095,S005,P0028,W07,2025-12-23,2026-01-14,2026-01-12,179,171,0
PO009096,S025,P0234,W07,2026-03-04,2026-03-27,2026-03-25,35,32,2
PO009097,S015,P0308,W11,2025-08-10,2025-08-24,2025-08-24,40,37,3
PO009098,S039,P0084,W03,2025-02-13,2025-03-12,2025-03-10,35,32,2
PO009099,S006,P0051,W02,2025-04-26,2025-05-03,2025-05-03,156,151,5
PO009100,S034,P0186,W06,2025-02-08,2025-02-14,2025-02-24,17,16,0
PO009101,S007,P0374,W11,2025-11-11,2025-12-15,2025-12-13,101,87,11
PO009102,S019,P0084,W15,2026-06-10,2026-06-30,2026-06-28,203,187,15
PO009103,S024,P0183,W07,2025-02-28,2025-03-26,2025-03-24,175,156,13
PO009104,S008,P0348,W09,2026-02-25,2026-03-09,2026-03-09,46,45,1
PO009105,S034,P0250,W01,2025-02-09,2025-02-22,2025-02-21,117,107,7
PO009106,S025,P0205,W06,2025-09-30,2025-10-21,2025-10-19,56,53,2
PO009107,S022,P0378,W05,2026-02-20,2026-03-07,2026-03-05,97,91,6
PO009108,S005,P0267,W06,2025-12-01,2025-12-27,2025-12-25,57,55,0
PO009109,S037,P0233,W08,2026-02-04,2026-02-14,2026-02-12,154,147,7
PO009110,S034,P0131,W07,2025-07-25,2025-08-07,2025-08-06,63,56,4
PO009111,S002,P0006,W10,2026-02-25,2026-03-18,2026-03-20,24,22,1
PO009112,S010,P0246,W13,2025-11-24,2025-12-23,2025-12-21,122,111,11
PO009113,S022,P0394,W13,2025-06-12,2025-06-26,2025-06-25,62,57,2
PO009114,S022,P0397,W12,2025-04-06,2025-04-20,2025-04-19,207,188,13
PO009115,S017,P0167,W09,2026-03-11,2026-04-05,2026-04-03,36,35,1
PO009116,S016,P0276,W02,2025-11-05,2025-11-21,2025-12-01,43,39,2
PO009117,S020,P0079,W11,2025-07-12,2025-07-24,2025-07-29,46,41,4
PO009118,S001,P0095,W05,2026-01-31,2026-02-03,2026-02-02,17,16,0
PO009119,S012,P0385,W13,2025-02-06,2025-03-13,2025-03-11,74,71,3
PO009120,S007,P0184,W03,2025-10-13,2025-11-13,2025-11-13,704,611,91
PO009121,S005,P0349,W12,2025-07-09,2025-07-26,2025-07-24,49,47,0
PO009122,S039,P0027,W13,2025-09-05,2025-09-23,2025-09-26,81,73,5
PO009123,S019,P0027,W15,2026-03-12,2026-04-04,2026-04-03,222,205,17
PO009124,S027,P0386,W11,2025-01-17,2025-02-18,2025-02-16,49,44,3
PO009125,S029,P0092,W08,2025-10-20,2025-10-23,2025-10-21,49,44,3
PO009126,S005,P0310,W05,2025-08-09,2025-09-01,2025-08-31,150,145,3
PO009127,S008,P0091,W13,2025-09-10,2025-09-24,2025-10-06,94,88,6
PO009128,S034,P0003,W15,2025-01-11,2025-01-18,2025-01-16,88,81,7
PO009129,S031,P0310,W13,2025-11-06,2025-11-18,2025-11-27,20,18,1
PO009130,S024,P0142,W04,2026-02-14,2026-03-11,2026-03-09,67,61,6
PO009131,S021,P0192,W05,2025-04-12,2025-04-15,2025-04-26,27,24,2
PO009132,S008,P0174,W13,2025-06-11,2025-07-01,2025-06-29,85,81,4
PO009133,S036,P0065,W12,2025-01-06,2025-02-05,2025-02-05,46,43,3
PO009134,S009,P0183,W09,2025-02-04,2025-02-22,2025-02-22,110,106,4
PO009135,S028,P0319,W13,2025-03-22,2025-04-08,2025-04-12,147,133,14
PO009136,S026,P0104,W10,2025-05-29,2025-06-12,2025-06-23,204,176,19
PO009137,S005,P0344,W10,2025-09-04,2025-09-23,2025-09-22,72,69,1
PO009138,S009,P0072,W03,2026-02-15,2026-03-10,2026-03-08,53,50,1
PO009139,S013,P0323,W08,2026-04-08,2026-05-10,2026-05-09,227,216,8
PO009140,S024,P0305,W11,2026-01-07,2026-02-04,2026-02-07,163,149,12
PO009141,S025,P0334,W14,2025-09-21,2025-10-20,2025-10-18,20,20,0
PO009142,S001,P0028,W10,2025-12-14,2025-12-22,2026-01-02,75,74,1
PO009143,S011,P0005,W06,2025-01-18,2025-02-01,2025-02-08,91,87,0
PO009144,S038,P0286,W13,2026-03-04,2026-03-17,2026-03-16,245,217,20
PO009145,S028,P0352,W07,2026-05-18,2026-06-15,2026-06-13,26,24,1
PO009146,S008,P0344,W15,2025-12-22,2026-01-03,2026-01-01,40,37,1
PO009147,S001,P0313,W12,2025-02-16,2025-02-25,2025-02-24,93,92,0
PO009148,S008,P0092,W09,2025-07-07,2025-07-14,2025-07-14,94,89,4
PO009149,S032,P0081,W10,2025-10-01,2025-10-23,2025-10-22,57,57,0
PO009150,S017,P0124,W14,2026-05-26,2026-06-12,2026-06-11,84,80,4
PO009151,S008,P0232,W05,2025-12-12,2025-12-21,2025-12-27,94,91,3
PO009152,S009,P0187,W02,2026-04-22,2026-05-15,2026-05-15,14,13,0
PO009153,S001,P0343,W01,2025-12-06,2025-12-09,2025-12-07,40,39,1
PO009154,S021,P0093,W14,2025-11-08,2025-11-11,2025-11-12,153,137,16
PO009155,S040,P0050,W02,2025-03-20,2025-03-29,2025-03-29,38,38,0
PO009156,S017,P0088,W02,2025-11-01,2025-12-08,2025-12-06,148,139,7
PO009157,S031,P0122,W07,2025-11-04,2025-12-03,2025-12-03,17,16,1
PO009158,S017,P0397,W03,2026-04-29,2026-05-23,2026-05-27,57,52,3
PO009159,S037,P0248,W04,2026-06-02,2026-06-05,2026-06-05,67,65,2
PO009160,S034,P0146,W10,2026-06-18,2026-06-28,2026-06-27,33,31,2
PO009161,S003,P0167,W10,2025-05-20,2025-06-12,2025-06-12,130,122,5
PO009162,S009,P0143,W12,2026-05-13,2026-05-23,2026-05-22,63,59,4
PO009163,S038,P0258,W14,2026-03-15,2026-04-01,2026-03-30,94,86,8
PO009164,S003,P0189,W07,2025-01-23,2025-02-17,2025-02-16,26,26,0
PO009165,S014,P0113,W09,2025-03-05,2025-03-14,2025-03-13,216,201,11
PO009166,S019,P0176,W02,2026-01-09,2026-01-29,2026-01-27,59,57,2
PO009167,S023,P0005,W07,2025-09-16,2025-10-05,2025-10-04,93,86,7
PO009168,S020,P0014,W09,2026-05-02,2026-05-10,2026-05-08,63,56,6
PO009169,S020,P0197,W06,2026-03-05,2026-03-23,2026-03-27,147,125,16
PO009170,S040,P0133,W11,2025-02-15,2025-03-01,2025-02-27,209,198,6
PO009171,S026,P0198,W14,2025-12-26,2026-01-21,2026-01-19,169,152,17
PO009172,S019,P0116,W14,2025-10-26,2025-11-11,2025-11-12,245,226,11
PO009173,S006,P0377,W07,2026-01-29,2026-02-04,2026-02-04,80,74,4
PO009174,S003,P0017,W10,2025-11-19,2025-12-22,2025-12-22,53,51,2
PO009175,S026,P0126,W04,2025-05-22,2025-06-06,2025-06-05,276,235,33
PO009176,S035,P0047,W10,2026-01-23,2026-02-02,2026-02-02,130,114,14
PO009177,S028,P0394,W08,2026-02-11,2026-03-21,2026-03-19,65,58,4
PO009178,S006,P0066,W04,2025-04-17,2025-04-21,2025-04-23,86,79,3
PO009179,S038,P0097,W10,2026-06-04,2026-06-25,2026-07-02,60,53,5
PO009180,S031,P0260,W04,2025-03-27,2025-04-15,2025-04-15,72,63,6
PO009181,S023,P0170,W06,2026-03-30,2026-04-14,2026-04-12,41,39,2
PO009182,S033,P0223,W15,2026-01-26,2026-03-05,2026-03-04,103,92,8
PO009183,S022,P0015,W02,2026-04-06,2026-04-21,2026-04-19,64,58,4
PO009184,S002,P0200,W07,2026-02-21,2026-03-19,2026-03-19,33,30,2
PO009185,S016,P0213,W13,2025-11-11,2025-12-02,2025-12-02,240,219,20
PO009186,S021,P0078,W05,2025-12-30,2026-01-07,2026-01-14,29,26,3
PO009187,S019,P0382,W01,2025-10-25,2025-11-09,2025-11-09,112,105,7
PO009188,S038,P0292,W10,2025-01-07,2025-01-31,2025-01-30,20,18,1
PO009189,S017,P0165,W01,2025-11-17,2025-12-08,2025-12-06,61,58,3
PO009190,S026,P0133,W14,2025-09-22,2025-09-28,2025-09-26,75,66,8
PO009191,S008,P0225,W11,2025-10-14,2025-10-20,2025-10-19,136,119,11
PO009192,S003,P0378,W07,2025-02-20,2025-03-13,2025-03-11,58,56,2
PO009193,S013,P0263,W11,2026-04-05,2026-05-05,2026-05-04,55,52,1
PO009194,S019,P0196,W14,2026-05-10,2026-05-24,2026-05-22,51,49,2
PO009195,S016,P0236,W06,2025-12-11,2025-12-21,2025-12-20,90,79,7
PO009196,S017,P0237,W07,2026-05-11,2026-06-13,2026-06-12,60,55,2
PO009197,S017,P0294,W07,2025-10-20,2025-11-15,2025-11-15,82,77,4
PO009198,S027,P0353,W08,2025-09-07,2025-09-24,2025-09-24,84,78,5
PO009199,S028,P0126,W02,2025-09-11,2025-09-30,2025-09-28,109,96,9
PO009200,S035,P0249,W11,2026-05-23,2026-06-03,2026-06-01,157,142,14
PO009201,S009,P0168,W06,2026-06-11,2026-06-28,2026-06-27,97,91,5
PO009202,S034,P0004,W05,2026-06-05,2026-06-18,2026-06-17,65,59,4
PO009203,S012,P0365,W06,2026-03-06,2026-03-25,2026-03-25,202,186,7
PO009204,S037,P0150,W10,2025-03-31,2025-04-15,2025-04-13,64,62,2
PO009205,S020,P0180,W03,2026-05-25,2026-06-15,2026-06-14,57,53,3
PO009206,S032,P0003,W14,2025-06-18,2025-07-09,2025-07-16,97,95,2
PO009207,S020,P0152,W02,2025-04-13,2025-04-25,2025-04-25,111,100,11
PO009208,S012,P0214,W04,2026-02-03,2026-03-06,2026-03-06,47,46,0
PO009209,S034,P0148,W05,2026-05-19,2026-05-28,2026-05-26,79,74,5
PO009210,S025,P0257,W15,2025-12-31,2026-01-31,2026-02-08,69,64,3
PO009211,S006,P0362,W06,2025-08-18,2025-08-28,2025-08-26,232,226,6
PO009212,S024,P0120,W15,2026-06-21,2026-07-26,2026-07-24,78,70,7
PO009213,S022,P0085,W01,2025-10-23,2025-11-04,2025-11-03,153,147,6
PO009214,S031,P0149,W11,2025-06-15,2025-06-28,2025-06-27,109,101,6
PO009215,S004,P0003,W05,2025-07-11,2025-07-31,2025-07-30,117,102,12
PO009216,S009,P0054,W08,2025-03-20,2025-04-09,2025-04-17,137,131,4
PO009217,S009,P0208,W12,2026-06-29,2026-07-16,,39,36,2
PO009218,S031,P0101,W02,2025-08-03,2025-08-23,2025-08-31,49,43,4
PO009219,S006,P0034,W13,2026-01-17,2026-01-23,2026-01-21,38,36,1
PO009220,S010,P0167,W08,2025-03-04,2025-03-26,2025-03-24,147,137,10
PO009221,S014,P0332,W08,2025-09-17,2025-09-22,2025-09-20,81,74,4
PO009222,S017,P0241,W13,2025-08-15,2025-09-10,2025-09-10,92,87,4
PO009223,S006,P0279,W05,2025-10-10,2025-11-01,2025-10-30,33,32,0
PO009224,S027,P0020,W04,2025-02-05,2025-03-06,2025-03-09,114,103,6
PO009225,S027,P0138,W14,2026-04-25,2026-05-29,2026-05-27,89,77,8
PO009226,S023,P0168,W10,2025-11-25,2025-12-01,2025-12-01,49,43,4
PO009227,S037,P0273,W09,2026-03-21,2026-04-04,2026-04-02,75,71,3
PO009228,S009,P0320,W11,2025-10-05,2025-10-29,2025-10-27,125,113,8
PO009229,S022,P0023,W01,2026-02-28,2026-03-30,2026-03-29,212,201,7
PO009230,S012,P0380,W14,2025-02-15,2025-03-22,2025-04-02,184,171,8
PO009231,S021,P0370,W08,2025-10-01,2025-10-05,2025-10-03,101,88,9
PO009232,S007,P0157,W01,2025-06-17,2025-07-19,2025-07-18,29,27,2
PO009233,S029,P0221,W09,2025-09-03,2025-09-13,2025-09-13,36,36,0
PO009234,S031,P0195,W07,2025-01-31,2025-02-23,2025-02-23,15,13,1
PO009235,S028,P0065,W01,2025-10-06,2025-11-05,2025-11-05,68,62,5
PO009236,S019,P0005,W04,2025-07-12,2025-08-02,2025-08-01,102,95,5
PO009237,S002,P0026,W13,2026-01-20,2026-02-10,2026-02-09,29,28,1
PO009238,S036,P0117,W01,2026-05-19,2026-06-23,2026-06-21,201,189,10
PO009239,S032,P0204,W15,2025-02-11,2025-02-26,2025-03-10,45,44,1
PO009240,S018,P0063,W04,2025-01-16,2025-01-30,2025-02-05,88,79,7
PO009241,S039,P0256,W06,2025-07-25,2025-08-20,2025-08-20,86,81,2
PO009242,S031,P0199,W06,2025-12-22,2026-01-12,2026-01-11,79,70,6
PO009243,S030,P0316,W01,2025-07-15,2025-08-02,2025-07-31,120,105,12
PO009244,S002,P0244,W07,2026-02-27,2026-03-23,2026-03-23,46,41,3
PO009245,S017,P0121,W14,2026-03-10,2026-04-01,2026-04-01,52,47,3
PO009246,S020,P0105,W09,2025-11-06,2025-11-19,2025-11-22,76,68,6
PO009247,S022,P0057,W04,2026-02-12,2026-02-20,2026-02-19,58,57,1
PO009248,S018,P0325,W01,2025-09-06,2025-09-26,2025-09-28,168,147,18
PO009249,S032,P0327,W11,2026-01-25,2026-02-19,2026-02-19,75,73,2
PO009250,S020,P0219,W12,2026-04-20,2026-05-04,2026-05-04,59,53,5
PO009251,S018,P0267,W12,2026-03-07,2026-04-05,2026-04-03,40,36,4
PO009252,S014,P0066,W13,2026-01-08,2026-01-22,2026-01-21,121,112,8
PO009253,S013,P0245,W05,2025-10-29,2025-11-28,2025-11-28,119,116,3
PO009254,S031,P0084,W11,2026-04-30,2026-05-13,2026-05-11,74,68,3
PO009255,S035,P0008,W02,2025-03-03,2025-03-12,2025-03-12,94,84,9
PO009256,S032,P0156,W04,2025-08-31,2025-09-08,2025-09-06,101,95,2
PO009257,S040,P0274,W09,2025-04-14,2025-04-28,2025-05-05,39,38,0
PO009258,S040,P0257,W15,2026-04-09,2026-04-18,2026-04-16,143,133,4
PO009259,S038,P0012,W10,2025-11-26,2025-12-05,2025-12-03,34,32,2
PO009260,S027,P0102,W13,2025-03-14,2025-04-04,2025-04-03,67,63,4
PO009261,S015,P0126,W06,2026-02-26,2026-03-09,2026-03-07,68,61,7
PO009262,S023,P0222,W11,2025-09-09,2025-10-01,2025-10-01,41,37,3
PO009263,S008,P0339,W14,2025-04-09,2025-04-22,2025-04-22,123,115,3
PO009264,S005,P0361,W14,2025-03-09,2025-04-02,2025-04-01,31,29,1
PO009265,S013,P0053,W03,2025-09-07,2025-10-11,2025-10-20,107,103,4
PO009266,S036,P0257,W10,2025-07-22,2025-08-20,2025-08-19,80,71,5
PO009267,S026,P0221,W13,2025-04-23,2025-05-05,2025-05-04,62,54,5
PO009268,S020,P0268,W06,2026-02-25,2026-03-15,2026-03-26,169,147,15
PO009269,S039,P0115,W04,2025-08-28,2025-09-17,2025-09-17,27,26,0
PO009270,S038,P0276,W14,2025-03-14,2025-03-30,2025-03-29,132,120,9
PO009271,S038,P0380,W13,2025-03-08,2025-03-30,2025-03-29,243,218,16
PO009272,S026,P0314,W09,2025-06-16,2025-07-01,2025-06-30,35,32,3
PO009273,S028,P0007,W15,2026-05-13,2026-06-09,2026-06-07,53,49,4
PO009274,S013,P0158,W03,2026-02-09,2026-03-12,2026-03-11,228,208,9
PO009275,S023,P0223,W06,2025-05-02,2025-05-12,2025-05-11,42,39,2
PO009276,S016,P0172,W08,2025-01-05,2025-01-23,2025-02-03,104,96,7
PO009277,S012,P0088,W04,2026-01-27,2026-03-03,2026-03-03,70,66,3
PO009278,S005,P0096,W02,2025-08-06,2025-08-23,2025-08-21,45,43,0
PO009279,S016,P0065,W07,2025-12-08,2026-01-05,2026-01-04,43,37,4
PO009280,S004,P0355,W13,2025-03-24,2025-04-11,2025-04-11,288,261,24
PO009281,S007,P0275,W05,2025-07-19,2025-08-17,2025-08-15,180,153,24
PO009282,S006,P0350,W04,2026-03-05,2026-03-12,2026-03-12,26,24,1
PO009283,S008,P0307,W10,2025-11-04,2025-11-15,2025-11-15,44,39,3
PO009284,S019,P0027,W14,2025-10-30,2025-11-20,2025-11-19,60,56,4
PO009285,S040,P0163,W14,2025-10-31,2025-11-21,2025-11-20,43,41,0
PO009286,S005,P0248,W01,2026-03-28,2026-04-17,2026-04-15,20,20,0
PO009287,S040,P0080,W11,2025-11-30,2025-12-15,2025-12-23,87,85,2
PO009288,S025,P0217,W08,2025-04-01,2025-04-28,2025-04-27,49,46,3
PO009289,S040,P0080,W14,2026-03-23,2026-04-01,2026-04-01,124,122,0
PO009290,S014,P0053,W08,2026-06-10,2026-06-23,2026-06-22,63,58,2
PO009291,S018,P0180,W13,2026-04-23,2026-05-09,2026-05-16,49,44,5
PO009292,S028,P0224,W13,2025-09-11,2025-10-10,2025-10-08,78,70,6
PO009293,S025,P0082,W12,2026-03-17,2026-04-08,2026-04-06,80,76,4
PO009294,S032,P0364,W10,2026-04-29,2026-05-14,2026-05-14,114,111,1
PO009295,S010,P0196,W01,2025-04-27,2025-06-08,2025-06-09,144,126,15
PO009296,S038,P0270,W05,2026-02-06,2026-02-28,2026-02-27,86,78,4
PO009297,S010,P0332,W03,2026-03-06,2026-04-11,2026-04-11,173,155,12
PO009298,S015,P0334,W07,2025-08-23,2025-09-11,2025-09-11,119,100,14
PO009299,S025,P0117,W01,2025-04-12,2025-05-02,2025-05-02,71,64,5
PO009300,S032,P0074,W05,2025-12-07,2025-12-27,2025-12-26,166,157,4
PO009301,S001,P0395,W02,2025-07-07,2025-07-10,2025-07-20,41,37,2
PO009302,S039,P0310,W03,2025-11-14,2025-12-12,2025-12-10,61,59,2
PO009303,S029,P0293,W07,2026-04-30,2026-05-03,2026-05-02,34,33,0
PO009304,S020,P0067,W13,2025-09-27,2025-10-14,2025-10-15,16,15,1
PO009305,S031,P0261,W01,2025-02-07,2025-03-07,2025-03-06,57,53,3
PO009306,S018,P0373,W11,2025-05-02,2025-05-22,2025-05-22,166,138,20
PO009307,S002,P0063,W02,2025-10-16,2025-11-03,2025-11-10,15,15,0
PO009308,S008,P0070,W05,2026-03-07,2026-03-29,2026-03-28,270,256,12
PO009309,S036,P0212,W07,2025-08-24,2025-09-27,2025-09-26,50,48,1
PO009310,S031,P0328,W12,2025-04-10,2025-04-27,2025-04-25,24,23,1
PO009311,S023,P0301,W06,2025-04-07,2025-04-13,2025-04-11,141,128,12
PO009312,S005,P0050,W13,2026-05-03,2026-05-29,2026-05-28,70,67,1
PO009313,S007,P0400,W14,2025-05-24,2025-06-18,2025-06-16,118,106,8
PO009314,S018,P0165,W09,2026-01-21,2026-02-09,2026-02-07,74,68,6
PO009315,S012,P0085,W03,2026-04-22,2026-05-31,2026-05-31,40,36,2
PO009316,S036,P0151,W13,2025-05-26,2025-06-24,2025-06-23,114,107,4
PO009317,S040,P0392,W07,2026-01-07,2026-01-20,2026-01-20,34,33,1
PO009318,S002,P0334,W08,2026-04-12,2026-05-08,2026-05-07,33,31,1
PO009319,S031,P0384,W14,2025-10-05,2025-10-26,2025-10-25,49,44,3
PO009320,S027,P0037,W15,2025-07-11,2025-08-13,2025-08-12,56,51,4
PO009321,S036,P0278,W13,2025-06-23,2025-07-24,2025-07-22,91,80,7
PO009322,S010,P0118,W06,2026-05-03,2026-05-23,2026-05-23,48,44,4
PO009323,S009,P0143,W01,2026-04-25,2026-05-15,2026-05-14,27,26,0
PO009324,S012,P0225,W01,2025-10-01,2025-10-27,2025-10-26,11,10,0
PO009325,S001,P0253,W08,2025-01-25,2025-01-29,2025-01-28,63,59,2
PO009326,S002,P0129,W10,2026-05-05,2026-06-01,2026-05-31,77,72,5
PO009327,S027,P0400,W06,2025-02-02,2025-03-05,2025-03-03,109,98,9
PO009328,S033,P0051,W11,2025-05-25,2025-06-29,2025-06-27,52,49,3
PO009329,S027,P0241,W13,2025-03-26,2025-04-30,2025-04-29,71,63,5
PO009330,S035,P0014,W09,2026-01-19,2026-01-22,2026-01-20,44,40,3
PO009331,S016,P0378,W12,2026-06-29,2026-07-16,2026-07-15,82,70,8
PO009332,S032,P0060,W09,2025-01-14,2025-01-31,2025-02-06,69,64,2
PO009333,S038,P0290,W02,2025-02-06,2025-03-05,2025-03-06,54,47,5
PO009334,S035,P0387,W04,2025-02-09,2025-02-21,2025-02-21,127,113,14
PO009335,S016,P0118,W07,2026-05-17,2026-05-29,2026-05-31,80,70,6
PO009336,S001,P0023,W02,2025-10-08,2025-10-11,2025-10-10,33,31,1
PO009337,S019,P0153,W13,2025-08-22,2025-09-08,2025-09-07,38,36,1
PO009338,S025,P0328,W14,2025-07-11,2025-08-05,2025-08-03,39,38,0
PO009339,S028,P0341,W03,2025-03-21,2025-04-14,2025-04-14,41,39,2
PO009340,S033,P0052,W08,2025-07-04,2025-08-09,2025-08-08,25,23,1
PO009341,S027,P0078,W07,2026-04-11,2026-05-11,2026-05-11,27,25,1
PO009342,S028,P0327,W07,2026-04-18,2026-05-16,2026-05-28,161,142,11
PO009343,S031,P0252,W02,2025-11-17,2025-12-07,2025-12-05,96,90,5
PO009344,S012,P0070,W07,2026-04-19,2026-05-20,2026-05-20,63,56,4
PO009345,S030,P0322,W03,2025-09-07,2025-09-28,2025-10-04,59,53,4
PO009346,S003,P0180,W03,2025-09-15,2025-10-06,2025-10-06,24,23,0
PO009347,S013,P0092,W08,2026-06-18,2026-07-26,2026-07-25,97,92,2
PO009348,S012,P0340,W01,2025-06-22,2025-07-24,2025-07-24,25,23,1
PO009349,S007,P0278,W06,2025-10-26,2025-12-04,2025-12-02,44,38,4
PO009350,S034,P0139,W09,2026-05-29,2026-06-19,2026-06-19,10,9,0
PO009351,S021,P0229,W03,2026-02-13,2026-02-19,2026-02-17,54,48,6
PO009352,S038,P0210,W03,2025-11-04,2025-11-24,2025-11-24,96,91,5
PO009353,S003,P0166,W09,2025-12-22,2026-01-12,2026-01-12,81,77,1
PO009354,S021,P0021,W03,2026-05-09,2026-05-20,2026-05-19,106,95,9
PO009355,S013,P0184,W05,2025-08-12,2025-09-05,2025-09-03,97,91,2
PO009356,S039,P0003,W05,2026-02-21,2026-03-14,2026-03-12,61,56,3
PO009357,S026,P0029,W02,2025-04-28,2025-05-10,2025-05-08,33,30,3
PO009358,S029,P0147,W10,2025-07-06,2025-07-13,2025-07-12,90,88,1
PO009359,S026,P0259,W05,2026-03-13,2026-04-07,2026-04-05,72,62,8
PO009360,S005,P0290,W01,2026-04-26,2026-05-19,2026-05-18,346,330,14
PO009361,S020,P0070,W07,2025-03-13,2025-03-21,2025-03-29,70,63,6
PO009362,S004,P0051,W14,2025-11-04,2025-11-22,2025-11-22,35,31,4
PO009363,S008,P0292,W12,2025-04-09,2025-04-25,2025-05-04,88,80,7
PO009364,S022,P0163,W06,2025-05-11,2025-06-01,2025-05-31,18,16,1
PO009365,S039,P0022,W09,2025-08-09,2025-08-26,2025-08-25,51,47,2
PO009366,S033,P0306,W12,2026-02-19,2026-03-24,2026-03-23,80,72,8
PO009367,S040,P0085,W13,2025-07-08,2025-07-21,2025-07-21,18,17,0
PO009368,S034,P0170,W14,2025-11-21,2025-12-04,2025-12-04,34,31,2
PO009369,S004,P0059,W07,2025-03-19,2025-04-10,2025-04-08,109,94,10
PO009370,S027,P0152,W14,2025-01-23,2025-02-26,2025-02-24,47,41,4
PO009371,S034,P0217,W08,2025-03-23,2025-03-26,2025-03-26,28,25,2
PO009372,S034,P0008,W01,2025-11-15,2025-11-23,2025-11-21,47,41,4
PO009373,S012,P0291,W08,2025-07-12,2025-08-12,2025-08-12,250,231,18
PO009374,S013,P0395,W07,2026-05-21,2026-06-24,2026-06-28,67,64,0
PO009375,S040,P0383,W12,2026-03-24,2026-04-08,2026-04-08,25,25,0
PO009376,S027,P0169,W08,2025-05-20,2025-06-27,2025-06-25,96,87,8
PO009377,S037,P0306,W10,2025-05-22,2025-05-30,2025-06-01,262,249,7
PO009378,S018,P0107,W13,2025-07-10,2025-07-28,2025-07-27,46,41,4
PO009379,S024,P0098,W10,2025-03-30,2025-04-26,2025-04-25,158,143,14
PO009380,S014,P0061,W05,2025-10-04,2025-10-09,2025-10-08,100,94,6
PO009381,S028,P0076,W12,2025-10-28,2025-11-03,2025-11-03,67,58,6
PO009382,S030,P0191,W10,2025-12-19,2025-12-31,2025-12-30,216,183,25
PO009383,S038,P0330,W13,2025-02-12,2025-03-09,2025-03-07,37,34,2
PO009384,S015,P0070,W15,2026-01-14,2026-01-25,2026-01-23,89,74,12
PO009385,S018,P0330,W01,2025-10-21,2025-11-05,2025-11-03,71,63,7
PO009386,S028,P0351,W06,2026-05-16,2026-06-08,2026-06-06,49,43,5
PO009387,S008,P0348,W01,2025-09-04,2025-09-21,2025-09-19,47,44,2
PO009388,S034,P0193,W15,2026-01-02,2026-01-15,2026-01-14,50,45,3
PO009389,S026,P0090,W08,2026-05-13,2026-06-04,2026-06-03,27,24,2
PO009390,S002,P0341,W14,2025-04-22,2025-05-15,2025-05-15,145,128,12
PO009391,S001,P0313,W01,2025-06-01,2025-06-08,2025-06-07,107,104,2
PO009392,S011,P0256,W08,2026-01-16,2026-01-22,2026-01-26,161,159,0
PO009393,S014,P0346,W10,2025-08-15,2025-08-24,2025-08-23,87,77,6
PO009394,S039,P0113,W02,2026-01-23,2026-02-13,2026-02-13,22,19,2
PO009395,S014,P0390,W10,2025-05-02,2025-05-13,2025-05-13,121,107,9
PO009396,S016,P0245,W14,2025-05-31,2025-06-19,2025-06-19,119,112,4
PO009397,S003,P0341,W05,2025-11-23,2025-12-10,2025-12-08,148,145,2
PO009398,S009,P0092,W06,2025-07-18,2025-08-04,2025-08-15,11,10,0
PO009399,S026,P0371,W08,2026-06-17,2026-07-06,2026-07-04,137,124,13
PO009400,S034,P0170,W03,2026-05-17,2026-05-24,2026-05-22,46,42,2
PO009401,S022,P0242,W10,2025-01-02,2025-01-12,2025-01-10,38,37,1
PO009402,S021,P0185,W07,2026-03-16,2026-03-24,2026-03-29,176,152,20
PO009403,S001,P0278,W09,2025-09-28,2025-10-01,2025-09-30,27,26,0
PO009404,S039,P0278,W09,2025-08-18,2025-09-14,2025-09-12,157,144,8
PO009405,S005,P0224,W05,2025-11-19,2025-12-08,2025-12-06,63,62,0
PO009406,S029,P0399,W07,2025-07-25,2025-08-05,2025-08-04,54,52,0
PO009407,S032,P0311,W12,2025-10-20,2025-10-31,2025-10-30,27,26,0
PO009408,S031,P0241,W06,2025-07-05,2025-07-18,2025-07-17,48,44,3
PO009409,S033,P0118,W09,2025-01-07,2025-02-12,2025-02-11,73,68,3
PO009410,S019,P0251,W14,2025-03-26,2025-04-06,2025-04-05,96,88,6
PO009411,S032,P0397,W14,2026-01-05,2026-01-17,2026-01-15,121,117,3
PO009412,S004,P0174,W15,2026-05-22,2026-06-14,2026-06-14,69,62,7
PO009413,S014,P0275,W10,2025-01-10,2025-01-24,2025-01-23,21,19,1
PO009414,S015,P0169,W03,2026-01-12,2026-01-24,2026-01-22,82,68,12
PO009415,S012,P0381,W09,2025-09-25,2025-10-24,2025-10-24,80,72,4
PO009416,S005,P0209,W11,2025-02-12,2025-03-01,2025-03-01,97,93,3
PO009417,S031,P0129,W11,2025-10-30,2025-11-11,2025-11-09,46,41,3
PO009418,S014,P0334,W07,2025-05-01,2025-05-16,2025-05-15,97,90,7
PO009419,S022,P0338,W08,2025-07-26,2025-08-13,2025-08-12,29,27,1
PO009420,S032,P0168,W09,2026-03-09,2026-03-24,2026-03-22,56,53,1
PO009421,S037,P0216,W10,2025-10-29,2025-11-10,2025-11-08,46,44,2
PO009422,S033,P0368,W07,2026-02-01,2026-03-14,2026-03-19,59,55,4
PO009423,S004,P0199,W08,2025-08-21,2025-09-15,2025-09-14,179,159,18
PO009424,S024,P0360,W09,2025-09-17,2025-10-18,2025-10-16,108,100,6
PO009425,S019,P0198,W03,2025-05-02,2025-05-19,2025-05-18,27,26,1
PO009426,S006,P0328,W13,2025-02-20,2025-03-06,2025-03-14,99,93,4
PO009427,S011,P0390,W08,2025-10-29,2025-11-13,2025-11-11,146,138,4
PO009428,S013,P0392,W10,2025-07-29,2025-08-30,2025-08-30,134,130,4
PO009429,S010,P0363,W12,2025-08-14,2025-09-16,2025-09-15,20,18,1
PO009430,S012,P0400,W02,2026-03-18,2026-04-16,2026-04-14,90,84,3
PO009431,S037,P0208,W10,2026-05-22,2026-06-04,2026-06-03,1026,957,57
PO009432,S025,P0165,W15,2025-02-13,2025-03-06,2025-03-05,119,109,8
PO009433,S015,P0223,W10,2025-11-24,2025-12-09,2025-12-07,116,103,8
PO009434,S023,P0361,W14,2025-09-06,2025-09-09,2025-09-07,67,63,4
PO009435,S017,P0308,W12,2026-06-24,2026-07-30,2026-07-30,25,23,1
PO009436,S004,P0342,W06,2026-06-28,2026-07-15,2026-07-15,20,18,1
PO009437,S008,P0061,W14,2026-04-12,2026-04-27,2026-04-27,119,109,5
PO009438,S010,P0119,W10,2025-11-22,2025-12-20,2025-12-18,92,86,4
PO009439,S001,P0330,W09,2026-02-13,2026-02-28,2026-02-26,39,38,1
PO009440,S029,P0161,W10,2025-08-16,2025-08-19,2025-08-18,222,203,10
PO009441,S013,P0161,W03,2025-08-25,2025-09-21,2025-09-20,116,115,1
PO009442,S020,P0362,W04,2025-07-07,2025-07-11,2025-07-10,14,13,1
PO009443,S031,P0263,W11,2026-04-09,2026-04-28,2026-04-27,39,35,3
PO009444,S021,P0376,W02,2025-02-26,2025-03-12,2025-03-19,64,56,7
PO009445,S036,P0335,W13,2025-03-22,2025-04-25,2025-04-23,18,17,0
PO009446,S029,P0269,W07,2025-08-15,2025-08-23,2025-08-23,104,95,7
PO009447,S021,P0038,W07,2025-09-26,2025-09-29,2025-09-28,15,13,1
PO009448,S028,P0374,W09,2026-04-04,2026-05-01,2026-05-01,12,11,1
PO009449,S002,P0261,W08,2025-03-01,2025-03-30,2025-03-30,41,38,2
PO009450,S008,P0255,W03,2026-05-24,2026-06-09,2026-06-07,24,21,2
PO009451,S008,P0030,W12,2026-06-26,2026-07-14,2026-07-14,29,29,0
PO009452,S018,P0297,W13,2026-01-20,2026-02-13,2026-02-12,174,147,20
PO009453,S019,P0247,W08,2026-04-26,2026-05-20,2026-05-20,64,58,3
PO009454,S012,P0196,W05,2025-02-25,2025-03-31,2025-03-29,38,37,1
PO009455,S024,P0075,W13,2025-05-22,2025-06-30,2025-06-29,89,76,9
PO009456,S033,P0351,W09,2025-04-13,2025-05-18,2025-05-16,81,74,6
PO009457,S018,P0239,W13,2025-09-21,2025-10-06,2025-10-04,31,27,3
PO009458,S016,P0153,W02,2025-07-04,2025-07-21,2025-07-21,96,87,8
PO009459,S030,P0218,W08,2026-01-06,2026-01-26,2026-01-26,56,50,4
PO009460,S016,P0170,W09,2026-05-09,2026-05-29,2026-05-27,78,71,6
PO009461,S009,P0035,W01,2025-02-17,2025-03-11,2025-03-18,142,134,5
PO009462,S007,P0111,W02,2026-03-07,2026-03-28,2026-03-27,88,78,9
PO009463,S014,P0223,W10,2026-04-07,2026-04-20,2026-04-20,38,37,1
PO009464,S031,P0026,W06,2026-03-06,2026-03-23,2026-03-23,29,27,2
PO009465,S004,P0076,W01,2025-07-02,2025-07-12,2025-07-22,93,82,8
PO009466,S021,P0016,W07,2026-01-02,2026-01-05,2026-01-03,104,95,9
PO009467,S033,P0175,W08,2026-05-31,2026-07-07,2026-07-07,58,52,4
PO009468,S001,P0338,W01,2026-05-16,2026-05-19,2026-05-17,123,117,3
PO009469,S014,P0371,W01,2025-09-28,2025-10-08,2025-10-08,89,81,4
PO009470,S028,P0126,W15,2025-04-26,2025-05-19,2025-05-17,70,64,5
PO009471,S022,P0252,W13,2025-04-17,2025-05-07,2025-05-06,81,76,3
PO009472,S008,P0333,W13,2025-02-28,2025-03-19,2025-03-19,36,35,1
PO009473,S022,P0017,W04,2025-03-27,2025-04-10,2025-04-08,79,74,2
PO009474,S022,P0082,W11,2025-01-13,2025-01-24,2025-01-22,163,152,9
PO009475,S015,P0067,W08,2026-05-20,2026-06-08,2026-06-07,79,68,11
PO009476,S028,P0047,W13,2025-01-27,2025-02-17,2025-02-17,113,102,10
PO009477,S013,P0068,W09,2026-01-17,2026-02-21,2026-02-19,123,118,1
PO009478,S006,P0306,W08,2026-03-13,2026-03-25,2026-03-25,111,105,5
PO009479,S009,P0172,W09,2025-10-03,2025-10-21,2025-10-31,52,49,3
PO009480,S007,P0217,W11,2025-03-26,2025-05-03,2025-05-01,57,52,5
PO009481,S029,P0224,W01,2025-03-22,2025-03-25,2025-03-23,25,25,0
PO009482,S020,P0163,W03,2025-08-30,2025-09-10,2025-09-10,58,52,4
PO009483,S040,P0396,W07,2026-02-03,2026-02-08,2026-02-06,85,80,1
PO009484,S015,P0034,W01,2025-09-07,2025-09-27,2025-09-30,151,135,15
PO009485,S005,P0292,W05,2026-04-05,2026-05-01,2026-04-30,64,61,1
PO009486,S011,P0278,W10,2025-05-04,2025-05-26,2025-05-26,169,163,4
PO009487,S013,P0224,W08,2026-04-07,2026-05-07,2026-05-05,146,134,5
PO009488,S009,P0354,W13,2026-06-10,2026-06-30,2026-07-12,36,35,1
PO009489,S022,P0328,W09,2025-04-20,2025-04-28,2025-04-26,42,40,0
PO009490,S037,P0251,W14,2025-12-16,2025-12-19,2025-12-17,17,17,0
PO009491,S030,P0341,W02,2025-12-28,2026-01-07,2026-01-05,47,42,4
PO009492,S031,P0215,W06,2025-02-21,2025-03-07,2025-03-06,118,106,7
PO009493,S034,P0073,W09,2026-01-11,2026-01-20,2026-01-20,121,110,5
PO009494,S031,P0281,W08,2026-06-24,2026-07-13,2026-07-20,243,213,18
PO009495,S030,P0214,W15,2025-07-23,2025-08-17,2025-08-15,108,96,7
PO009496,S014,P0373,W11,2025-11-03,2025-11-18,2025-11-16,44,39,3
PO009497,S014,P0213,W02,2025-10-22,2025-11-05,2025-11-11,108,99,7
PO009498,S011,P0244,W09,2025-12-16,2026-01-01,2026-01-01,27,27,0
PO009499,S027,P0336,W13,2025-01-23,2025-02-22,2025-02-21,118,106,10
PO009500,S003,P0365,W12,2026-02-20,2026-03-15,2026-03-15,38,37,0
PO009501,S010,P0051,W13,2025-08-04,2025-08-31,2025-08-31,73,66,5
PO009502,S022,P0337,W15,2025-05-23,2025-06-02,2025-06-02,94,87,4
PO009503,S022,P0316,W12,2025-12-22,2026-01-04,2026-01-03,103,94,4
PO009504,S016,P0376,W07,2026-02-21,2026-03-12,2026-03-11,208,192,16
PO009505,S035,P0211,W11,2025-08-19,2025-09-09,2025-09-08,52,47,5
PO009506,S016,P0001,W11,2025-06-25,2025-07-16,2025-07-16,104,93,10
PO009507,S039,P0034,W11,2025-07-23,2025-08-10,2025-08-10,76,72,4
PO009508,S004,P0042,W03,2026-05-13,2026-06-09,2026-06-09,78,70,6
PO009509,S032,P0167,W13,2025-10-02,2025-10-16,2025-10-15,64,62,1
PO009510,S035,P0391,W07,2025-03-24,2025-04-08,2025-04-09,41,35,4
PO009511,S020,P0333,W07,2025-11-19,2025-11-27,2025-12-01,44,39,3
PO009512,S038,P0344,W11,2026-04-04,2026-04-30,2026-04-28,35,31,3
PO009513,S015,P0320,W13,2025-08-02,2025-08-26,2025-08-24,30,27,3
PO009514,S005,P0305,W07,2026-06-04,2026-06-16,2026-06-14,58,55,1
PO009515,S031,P0043,W15,2025-05-30,2025-06-23,2025-07-05,57,53,4
PO009516,S005,P0363,W12,2025-10-07,2025-10-26,2025-10-24,118,113,5
PO009517,S009,P0351,W01,2025-09-23,2025-10-25,2025-10-25,88,85,1
PO009518,S017,P0332,W12,2025-07-29,2025-08-19,2025-08-27,159,142,12
PO009519,S026,P0177,W12,2025-12-16,2025-12-27,2025-12-27,35,32,3
PO009520,S006,P0196,W06,2025-12-23,2025-12-26,2025-12-24,179,175,4
PO009521,S030,P0031,W07,2026-04-26,2026-05-12,2026-05-10,132,120,8
PO009522,S034,P0279,W07,2026-04-06,2026-04-09,2026-04-07,50,47,2
PO009523,S039,P0291,W12,2025-08-04,2025-08-07,2025-08-07,16,16,0
PO009524,S026,P0335,W04,2025-02-16,2025-03-03,2025-03-01,61,54,5
PO009525,S004,P0223,W06,2025-02-01,2025-02-27,2025-02-25,60,51,6
PO009526,S040,P0185,W11,2025-12-15,2025-12-27,2025-12-26,59,59,0
PO009527,S024,P0162,W07,2025-07-23,2025-08-16,2025-08-15,37,32,4
PO009528,S016,P0070,W03,2026-02-16,2026-03-05,2026-03-04,287,247,30
PO009529,S008,P0294,W15,2025-12-10,2025-12-27,2025-12-25,32,30,1
PO009530,S004,P0354,W15,2026-05-25,2026-06-13,2026-06-13,50,46,4
PO009531,S018,P0086,W08,2026-01-05,2026-01-29,2026-01-29,184,162,22
PO009532,S008,P0391,W14,2025-06-08,2025-06-18,2025-06-18,91,83,5
PO009533,S024,P0264,W05,2025-06-03,2025-07-04,2025-07-02,206,190,16
PO009534,S010,P0328,W07,2025-01-07,2025-01-31,2025-01-31,17,15,1
PO009535,S021,P0322,W10,2025-08-26,2025-08-29,2025-09-01,82,75,7
PO009536,S028,P0045,W07,2025-01-10,2025-02-04,2025-02-04,131,119,10
PO009537,S032,P0235,W04,2025-09-29,2025-10-16,2025-10-16,44,42,1
PO009538,S001,P0286,W10,2026-05-31,2026-06-09,2026-06-08,74,71,3
PO009539,S032,P0026,W13,2026-06-10,2026-06-26,2026-06-24,14,13,0
PO009540,S039,P0103,W02,2025-09-23,2025-10-06,2025-10-05,92,85,4
PO009541,S024,P0209,W09,2025-11-06,2025-12-13,2025-12-20,15,13,1
PO009542,S024,P0017,W05,2025-06-28,2025-08-05,2025-08-03,43,39,2
PO009543,S005,P0237,W07,2026-04-09,2026-04-24,2026-04-24,21,20,0
PO009544,S003,P0078,W07,2025-12-08,2025-12-28,2025-12-27,73,68,2
PO009545,S020,P0284,W04,2026-05-02,2026-05-12,2026-05-19,26,24,1
PO009546,S036,P0311,W08,2026-04-09,2026-05-07,2026-05-07,87,83,3
PO009547,S006,P0081,W10,2026-05-21,2026-06-03,2026-06-01,62,62,0
PO009548,S035,P0106,W14,2025-01-23,2025-02-01,2025-01-30,107,97,8
PO009549,S002,P0072,W04,2025-05-18,2025-06-28,2025-06-26,96,89,5
PO009550,S013,P0398,W15,2025-01-28,2025-03-07,2025-03-05,22,21,0
PO009551,S027,P0230,W04,2025-10-13,2025-11-15,2025-11-18,68,62,5
PO009552,S019,P0211,W06,2026-02-02,2026-02-19,2026-02-18,57,54,3
PO009553,S031,P0123,W15,2025-06-23,2025-07-13,2025-07-13,19,18,1
PO009554,S037,P0380,W05,2025-10-28,2025-11-07,2025-11-05,42,41,1
PO009555,S039,P0193,W11,2025-12-21,2026-01-09,2026-01-07,110,104,1
PO009556,S006,P0034,W11,2025-12-03,2025-12-15,2025-12-15,54,52,2
PO009557,S014,P0269,W05,2025-05-22,2025-05-31,2025-05-31,70,61,6
PO009558,S021,P0036,W13,2025-06-17,2025-06-23,2025-06-23,71,62,8
PO009559,S038,P0397,W01,2025-01-29,2025-02-19,2025-02-19,89,84,3
PO009560,S017,P0027,W07,2025-11-30,2025-12-23,2025-12-21,37,34,2
PO009561,S038,P0217,W03,2025-06-26,2025-07-11,2025-07-09,86,78,6
PO009562,S009,P0390,W06,2025-02-19,2025-03-07,2025-03-07,16,15,0
PO009563,S032,P0398,W12,2026-02-15,2026-03-03,2026-03-01,67,63,2
PO009564,S030,P0121,W03,2025-11-27,2025-12-19,2025-12-18,183,157,17
PO009565,S036,P0330,W07,2026-04-25,2026-05-29,2026-05-29,66,60,4
PO009566,S036,P0009,W04,2025-04-15,2025-05-26,2025-05-25,61,58,1
PO009567,S017,P0294,W14,2025-10-27,2025-11-24,2025-11-22,65,61,4
PO009568,S020,P0204,W10,2026-05-14,2026-05-29,2026-05-27,150,128,15
PO009569,S001,P0035,W04,2025-04-27,2025-05-02,2025-05-01,84,80,0
PO009570,S039,P0374,W03,2025-11-17,2025-11-29,2025-11-28,29,27,1
PO009571,S022,P0203,W12,2025-03-03,2025-03-12,2025-03-22,36,36,0
PO009572,S003,P0235,W15,2026-04-19,2026-05-13,2026-05-13,22,22,0
PO009573,S020,P0390,W09,2025-11-05,2025-11-19,2025-11-17,189,167,13
PO009574,S015,P0090,W14,2025-04-03,2025-04-27,2025-04-27,48,43,4
PO009575,S010,P0125,W09,2026-06-05,2026-07-05,2026-07-05,93,84,6
PO009576,S005,P0161,W04,2025-12-20,2026-01-14,2026-01-12,68,67,0
PO009577,S009,P0015,W12,2025-08-20,2025-09-12,2025-09-23,101,96,3
PO009578,S037,P0084,W11,2025-06-19,2025-06-25,2025-06-23,67,62,2
PO009579,S021,P0205,W06,2026-02-16,2026-02-20,2026-02-20,188,167,16
PO009580,S021,P0076,W13,2025-07-04,2025-07-18,2025-07-16,33,29,3
PO009581,S012,P0017,W04,2026-01-16,2026-02-17,2026-02-15,61,57,3
PO009582,S008,P0194,W11,2025-11-14,2025-12-03,2025-12-03,67,64,3
PO009583,S016,P0377,W15,2026-04-18,2026-05-02,2026-04-30,62,56,4
PO009584,S008,P0370,W12,2025-03-03,2025-03-18,2025-03-16,106,97,8
PO009585,S019,P0348,W13,2025-12-20,2026-01-09,2026-01-07,78,73,4
PO009586,S040,P0064,W01,2025-04-13,2025-04-25,2025-04-23,28,28,0
PO009587,S018,P0292,W05,2026-06-16,2026-07-13,2026-07-11,72,63,7
PO009588,S003,P0294,W05,2025-06-27,2025-07-25,2025-07-23,44,41,1
PO009589,S035,P0087,W15,2025-12-22,2025-12-30,2025-12-28,59,55,4
PO009590,S025,P0037,W10,2025-08-28,2025-09-18,2025-09-16,126,115,7
PO009591,S013,P0269,W05,2025-12-21,2026-01-16,2026-01-28,324,302,18
PO009592,S011,P0033,W01,2026-05-23,2026-06-10,2026-06-10,68,64,1
PO009593,S005,P0283,W11,2025-04-17,2025-04-27,2025-04-26,24,23,0
PO009594,S006,P0047,W09,2026-05-27,2026-05-31,2026-05-29,66,65,1
PO009595,S015,P0036,W05,2025-04-04,2025-04-27,2025-04-30,141,118,16
PO009596,S013,P0169,W03,2025-06-07,2025-07-14,2025-07-13,217,207,4
PO009597,S015,P0329,W02,2025-07-23,2025-08-10,2025-08-10,76,67,9
PO009598,S013,P0200,W05,2025-08-28,2025-10-01,2025-09-30,45,43,1
PO009599,S033,P0189,W13,2025-09-19,2025-10-20,2025-10-19,25,22,2
PO009600,S023,P0073,W07,2025-12-30,2026-01-14,2026-01-12,28,25,2
PO009601,S024,P0192,W11,2025-07-18,2025-08-20,2025-08-18,65,59,6
PO009602,S022,P0206,W08,2025-05-13,2025-05-29,2025-05-29,29,28,1
PO009603,S030,P0336,W03,2025-01-28,2025-02-11,2025-02-11,67,59,6
PO009604,S035,P0379,W09,2025-12-28,2026-01-09,2026-01-07,101,90,9
PO009605,S025,P0095,W05,2025-02-16,2025-03-16,2025-03-16,89,83,3
PO009606,S007,P0045,W01,2026-06-17,2026-07-14,2026-07-13,73,66,7
PO009607,S032,P0053,W14,2025-11-11,2025-11-30,2025-11-28,28,27,0
PO009608,S001,P0145,W14,2026-04-22,2026-04-25,2026-04-23,122,117,5
PO009609,S007,P0284,W05,2025-04-12,2025-05-15,2025-05-13,51,45,4
PO009610,S019,P0396,W11,2025-04-30,2025-05-03,2025-05-02,95,86,5
PO009611,S038,P0358,W07,2025-11-18,2025-12-05,2025-12-05,30,27,2
PO009612,S038,P0207,W10,2025-11-02,2025-11-29,2025-11-29,102,85,12
PO009613,S029,P0364,W10,2025-05-05,2025-05-12,2025-05-10,78,74,1
PO009614,S022,P0319,W15,2026-05-27,2026-06-08,2026-06-07,38,37,1
PO009615,S005,P0110,W14,2025-08-27,2025-09-07,2025-09-07,160,156,0
PO009616,S025,P0227,W14,2026-02-27,2026-03-22,2026-03-24,74,70,4
PO009617,S036,P0136,W05,2025-07-20,2025-08-26,2025-08-25,35,33,1
PO009618,S032,P0242,W07,2026-01-06,2026-01-27,2026-01-25,301,291,4
PO009619,S023,P0024,W10,2026-05-23,2026-06-04,2026-06-09,42,38,4
PO009620,S003,P0194,W11,2026-02-08,2026-02-27,2026-03-02,72,70,2
PO009621,S034,P0103,W10,2025-07-18,2025-07-28,2025-07-27,51,47,2
PO009622,S012,P0171,W13,2025-07-26,2025-08-28,2025-08-28,28,26,1
PO009623,S025,P0280,W03,2026-06-16,2026-07-08,2026-07-08,196,175,14
PO009624,S032,P0035,W06,2025-09-15,2025-09-29,2025-09-29,122,114,3
PO009625,S007,P0153,W05,2026-03-13,2026-04-08,2026-04-07,95,81,12
PO009626,S020,P0106,W04,2026-05-20,2026-06-01,2026-05-31,93,82,7
PO009627,S019,P0110,W11,2026-04-18,2026-05-09,2026-05-07,112,103,6
PO009628,S037,P0207,W03,2025-12-28,2026-01-09,2026-01-08,111,105,2
PO009629,S033,P0103,W11,2025-02-16,2025-03-19,2025-03-17,158,146,11
PO009630,S026,P0146,W02,2025-05-19,2025-05-27,2025-05-27,166,142,20
PO009631,S031,P0376,W15,2025-03-05,2025-03-27,2025-03-27,40,37,3
PO009632,S012,P0215,W14,2026-06-10,2026-07-06,2026-07-17,180,165,8
PO009633,S003,P0011,W01,2025-07-28,2025-08-27,2025-08-27,62,60,2
PO009634,S014,P0310,W15,2025-10-08,2025-10-25,2025-10-24,41,38,3
PO009635,S027,P0325,W07,2025-11-08,2025-12-18,2025-12-17,133,121,12
PO009636,S038,P0372,W10,2025-04-09,2025-05-06,2025-05-05,42,38,2
PO009637,S016,P0087,W14,2025-07-28,2025-08-11,2025-08-11,18,17,1
PO009638,S020,P0164,W12,2026-06-05,2026-06-19,2026-06-19,196,180,16
PO009639,S016,P0108,W03,2025-12-14,2025-12-29,2025-12-28,73,66,5
PO009640,S029,P0264,W11,2026-02-15,2026-02-18,2026-02-17,56,53,2
PO009641,S036,P0204,W12,2026-02-25,2026-03-26,2026-03-26,86,79,3
PO009642,S029,P0050,W05,2025-02-07,2025-02-13,2025-02-20,72,66,4
PO009643,S035,P0258,W10,2025-09-28,2025-10-01,2025-10-01,68,59,7
PO009644,S031,P0172,W06,2025-02-02,2025-02-17,2025-02-17,30,27,2
PO009645,S022,P0316,W11,2025-05-12,2025-05-28,2025-05-27,69,64,2
PO009646,S001,P0369,W06,2026-04-29,2026-05-02,2026-05-01,69,65,1
PO009647,S002,P0229,W11,2025-06-29,2025-07-19,2025-07-19,12,11,0
PO009648,S018,P0068,W08,2026-06-15,2026-07-14,2026-07-14,62,51,8
PO009649,S027,P0077,W07,2025-08-12,2025-09-08,2025-09-20,129,114,10
PO009650,S003,P0102,W09,2025-10-26,2025-11-21,2025-11-21,22,21,0
PO009651,S033,P0399,W02,2025-06-19,2025-07-14,2025-07-12,35,33,2
PO009652,S007,P0031,W14,2025-11-25,2025-12-25,2025-12-25,100,86,13
PO009653,S027,P0128,W12,2025-01-10,2025-02-09,2025-02-09,95,87,7
PO009654,S025,P0015,W10,2026-03-08,2026-04-02,2026-03-31,83,79,4
PO009655,S003,P0270,W10,2025-11-28,2025-12-27,2025-12-25,57,55,1
PO009656,S012,P0007,W11,2025-03-21,2025-04-25,2025-04-25,33,32,1
PO009657,S037,P0325,W08,2025-12-30,2026-01-02,2026-01-01,136,130,5
PO009658,S037,P0265,W08,2025-12-16,2025-12-28,2026-01-02,26,25,0
PO009659,S037,P0159,W09,2025-01-13,2025-01-18,2025-01-17,58,56,1
PO009660,S002,P0291,W12,2025-05-17,2025-06-13,2025-06-11,41,37,2
PO009661,S033,P0220,W04,2025-05-04,2025-06-05,2025-06-04,32,30,1
PO009662,S017,P0096,W07,2026-05-23,2026-06-20,2026-06-18,48,43,3
PO009663,S007,P0324,W05,2026-04-17,2026-05-27,2026-05-26,74,64,10
PO009664,S003,P0024,W04,2025-08-02,2025-08-18,2025-08-17,92,92,0
PO009665,S031,P0391,W09,2025-10-22,2025-11-08,2025-11-12,226,208,13
PO009666,S031,P0047,W02,2025-03-01,2025-03-22,2025-03-22,47,43,4
PO009667,S008,P0101,W06,2026-05-10,2026-05-21,2026-05-19,30,29,0
PO009668,S031,P0347,W02,2025-10-09,2025-10-20,2025-10-18,129,121,8
PO009669,S021,P0111,W09,2025-05-02,2025-05-05,2025-05-03,132,115,16
PO009670,S032,P0179,W05,2025-07-16,2025-08-05,2025-08-04,74,72,2
PO009671,S006,P0182,W10,2025-03-12,2025-03-19,2025-03-18,69,64,3
PO009672,S019,P0352,W06,2025-01-27,2025-02-02,2025-02-02,42,40,2
PO009673,S017,P0249,W05,2026-02-26,2026-03-25,2026-03-25,17,17,0
PO009674,S003,P0082,W13,2026-01-16,2026-02-03,2026-02-03,25,24,0
PO009675,S011,P0102,W05,2025-11-22,2025-12-05,2025-12-08,11,10,0
PO009676,S010,P0289,W07,2026-03-03,2026-03-31,2026-03-29,33,30,2
PO009677,S033,P0325,W03,2026-01-12,2026-02-22,2026-02-20,132,116,10
PO009678,S031,P0247,W13,2026-06-18,2026-07-05,2026-07-08,38,36,2
PO009679,S006,P0237,W05,2026-05-09,2026-05-20,2026-05-18,102,97,4
PO009680,S029,P0038,W03,2025-10-16,2025-10-24,2025-10-22,52,51,1
PO009681,S011,P0385,W04,2025-06-12,2025-06-30,2025-06-28,45,45,0
PO009682,S010,P0153,W06,2025-01-13,2025-02-01,2025-02-10,22,20,1
PO009683,S035,P0055,W06,2026-03-23,2026-04-08,2026-04-08,66,57,8
PO009684,S006,P0128,W06,2025-07-27,2025-07-30,2025-07-28,64,59,3
PO009685,S026,P0040,W11,2025-12-08,2025-12-23,2025-12-22,159,136,16
PO009686,S022,P0190,W12,2025-10-07,2025-10-23,2025-10-23,72,69,3
PO009687,S032,P0168,W13,2025-12-31,2026-01-21,2026-01-19,142,135,4
PO009688,S026,P0175,W03,2025-12-17,2025-12-28,2025-12-27,10,9,1
PO009689,S020,P0097,W12,2025-03-19,2025-04-01,2025-03-31,210,190,19
PO009690,S020,P0368,W11,2025-02-09,2025-02-23,2025-02-22,87,77,9
PO009691,S008,P0025,W05,2026-01-11,2026-01-25,2026-01-23,107,97,5
PO009692,S023,P0302,W09,2025-02-26,2025-03-16,2025-03-26,241,224,17
PO009693,S033,P0167,W03,2025-02-28,2025-04-05,2025-04-05,40,36,3
PO009694,S003,P0322,W08,2025-09-12,2025-10-07,2025-10-07,108,102,6
PO009695,S025,P0342,W07,2025-08-09,2025-09-05,2025-09-07,22,21,0
PO009696,S034,P0048,W06,2025-04-13,2025-04-18,2025-04-17,68,65,2
PO009697,S009,P0321,W02,2026-05-21,2026-06-04,2026-06-03,45,43,1
PO009698,S012,P0137,W03,2025-09-24,2025-10-26,2025-10-24,111,108,3
PO009699,S002,P0071,W06,2026-01-27,2026-02-22,2026-02-21,68,62,4
PO009700,S010,P0186,W12,2026-06-22,2026-07-23,2026-07-28,59,53,5
PO009701,S030,P0090,W06,2025-08-29,2025-09-07,2025-09-13,51,45,5
PO009702,S037,P0146,W13,2025-12-25,2026-01-01,2025-12-30,49,48,1
PO009703,S009,P0371,W01,2025-06-18,2025-07-08,2025-07-08,243,221,16
PO009704,S026,P0116,W01,2025-02-21,2025-03-06,2025-03-06,79,68,9
PO009705,S022,P0111,W10,2026-03-28,2026-04-18,2026-04-16,75,72,3
PO009706,S025,P0140,W12,2025-03-23,2025-04-16,2025-04-15,62,58,3
PO009707,S013,P0358,W01,2025-01-29,2025-02-24,2025-02-24,29,27,2
PO009708,S039,P0177,W15,2025-03-21,2025-04-11,2025-04-09,186,176,8
PO009709,S006,P0203,W08,2026-05-11,2026-05-14,2026-05-12,44,41,2
PO009710,S022,P0334,W11,2025-01-31,2025-02-24,2025-02-23,239,226,12
PO009711,S014,P0240,W15,2025-06-22,2025-07-02,2025-07-01,81,73,5
PO009712,S010,P0296,W04,2025-04-15,2025-05-11,2025-05-11,177,160,9
PO009713,S029,P0097,W10,2026-04-13,2026-04-23,2026-04-23,53,52,0
PO009714,S014,P0012,W06,2026-03-23,2026-04-08,2026-04-06,46,42,3
PO009715,S009,P0197,W15,2026-04-09,2026-04-30,2026-04-30,144,133,8
PO009716,S003,P0201,W07,2025-07-09,2025-08-02,2025-08-01,99,94,4
PO009717,S001,P0119,W01,2025-02-22,2025-02-25,2025-02-23,40,38,0
PO009718,S024,P0287,W08,2025-11-15,2025-12-19,2025-12-18,80,73,7
PO009719,S033,P0281,W11,2025-04-30,2025-05-27,2025-05-25,48,44,3
PO009720,S021,P0297,W01,2025-10-02,2025-10-07,2025-10-05,72,65,7
PO009721,S025,P0330,W14,2025-01-09,2025-02-08,2025-02-07,26,24,2
PO009722,S011,P0110,W06,2025-08-16,2025-08-31,2025-08-29,149,144,3
PO009723,S017,P0188,W05,2026-04-09,2026-04-25,2026-04-24,160,140,13
PO009724,S038,P0065,W15,2026-02-16,2026-03-23,2026-03-22,122,108,9
PO009725,S003,P0010,W14,2025-01-04,2025-01-16,2025-01-15,117,107,6
PO009726,S014,P0137,W04,2026-03-21,2026-03-28,2026-03-28,75,69,5
PO009727,S025,P0013,W04,2025-03-22,2025-04-16,2025-04-15,163,145,12
PO009728,S022,P0136,W06,2025-03-28,2025-04-21,2025-04-20,58,54,2
PO009729,S015,P0368,W07,2025-02-07,2025-02-21,2025-02-19,158,128,23
PO009730,S002,P0074,W13,2025-03-26,2025-04-22,2025-04-21,68,60,5
PO009731,S022,P0181,W03,2025-03-31,2025-04-13,2025-04-13,33,31,1
PO009732,S026,P0188,W06,2025-07-08,2025-07-28,2025-07-27,74,66,7
PO009733,S017,P0362,W06,2025-02-12,2025-03-15,2025-03-15,15,14,0
PO009734,S007,P0296,W10,2025-12-14,2026-01-18,2026-01-16,35,31,3
PO009735,S025,P0122,W13,2026-01-24,2026-02-25,2026-02-24,33,31,1
PO009736,S005,P0355,W14,2025-02-03,2025-02-17,2025-02-17,70,64,3
PO009737,S033,P0395,W05,2025-12-09,2026-01-05,2026-01-03,49,44,3
PO009738,S026,P0242,W04,2025-01-03,2025-01-22,2025-01-22,77,72,5
PO009739,S031,P0153,W02,2025-04-13,2025-05-05,2025-05-04,71,67,4
PO009740,S027,P0281,W06,2025-09-08,2025-10-02,2025-10-10,26,24,2
PO009741,S022,P0294,W11,2025-02-01,2025-02-26,2025-03-10,226,209,13
PO009742,S018,P0178,W11,2025-11-22,2025-12-17,2025-12-16,46,40,5
PO009743,S006,P0386,W11,2025-07-03,2025-07-14,2025-07-14,38,37,1
PO009744,S028,P0017,W06,2026-02-15,2026-03-06,2026-03-04,25,22,2
PO009745,S039,P0109,W11,2025-09-01,2025-09-18,2025-09-18,51,48,3
PO009746,S021,P0148,W11,2025-01-09,2025-01-15,2025-01-14,173,158,13
PO009747,S039,P0125,W11,2025-11-13,2025-11-26,2025-11-26,44,41,2
PO009748,S012,P0011,W09,2025-09-21,2025-10-24,2025-10-22,80,74,5
PO009749,S025,P0228,W10,2025-07-22,2025-08-14,2025-08-14,42,38,2
PO009750,S022,P0061,W06,2025-08-24,2025-09-04,2025-09-02,49,47,2
PO009751,S020,P0309,W01,2026-05-23,2026-06-01,2026-05-31,168,146,15
PO009752,S032,P0035,W04,2025-01-16,2025-01-25,2025-01-23,23,23,0
PO009753,S019,P0380,W14,2025-10-19,2025-11-03,2025-11-06,19,17,1
PO009754,S038,P0174,W04,2025-07-25,2025-08-13,2025-08-13,12,10,1
PO009755,S001,P0229,W07,2025-10-16,2025-10-31,2025-10-29,153,144,5
PO009756,S010,P0315,W07,2026-02-23,2026-03-28,2026-03-26,164,145,18
PO009757,S024,P0194,W03,2025-03-21,2025-04-20,2025-04-20,56,50,4
PO009758,S034,P0077,W05,2025-11-01,2025-11-05,2025-11-04,21,19,1
PO009759,S001,P0017,W02,2026-02-09,2026-02-22,2026-02-22,80,78,2
PO009760,S023,P0184,W11,2025-08-05,2025-08-12,2025-08-11,76,70,5
PO009761,S037,P0175,W15,2025-02-23,2025-02-26,2025-02-25,116,111,4
PO009762,S003,P0288,W13,2025-03-22,2025-04-10,2025-04-09,16,16,0
PO009763,S028,P0046,W02,2026-03-17,2026-04-16,2026-04-14,30,27,2
PO009764,S040,P0320,W07,2025-04-23,2025-05-10,2025-05-10,72,70,2
PO009765,S022,P0124,W09,2025-07-29,2025-08-18,2025-08-17,289,263,12
PO009766,S031,P0293,W03,2026-03-15,2026-03-30,2026-03-30,75,67,7
PO009767,S015,P0285,W14,2025-08-11,2025-09-01,2025-08-31,139,125,14
PO009768,S025,P0253,W04,2026-04-05,2026-05-07,2026-05-05,120,115,3
PO009769,S026,P0012,W12,2025-02-24,2025-03-03,2025-03-13,53,46,6
PO009770,S006,P0200,W06,2025-10-08,2025-10-19,2025-10-28,45,42,1
PO009771,S029,P0028,W01,2025-09-02,2025-09-08,2025-09-07,95,92,1
PO009772,S038,P0070,W06,2025-05-17,2025-06-06,2025-06-11,81,74,7
PO009773,S026,P0168,W06,2025-07-21,2025-08-08,2025-08-08,88,80,8
PO009774,S009,P0170,W02,2026-03-11,2026-03-25,2026-03-24,91,87,3
PO009775,S010,P0241,W13,2026-04-21,2026-05-16,2026-05-16,41,38,3
PO009776,S014,P0037,W06,2025-07-02,2025-07-14,2025-07-12,107,101,6
PO009777,S036,P0320,W01,2025-10-03,2025-11-07,2025-11-07,35,33,2
PO009778,S004,P0260,W09,2025-12-24,2026-01-14,2026-01-14,99,83,12
PO009779,S010,P0324,W12,2025-10-19,2025-11-13,2025-11-11,73,67,6
PO009780,S007,P0132,W13,2026-01-03,2026-01-29,2026-01-27,145,127,15
PO009781,S028,P0247,W11,2025-08-12,2025-09-08,2025-09-10,17,17,0
PO009782,S034,P0334,W07,2025-02-11,2025-02-20,2025-02-20,141,133,6
PO009783,S007,P0253,W10,2025-01-23,2025-02-25,2025-02-25,63,58,5
PO009784,S026,P0335,W02,2025-02-02,2025-02-17,2025-02-16,480,430,42
PO009785,S021,P0370,W06,2025-04-28,2025-05-21,2025-05-21,79,70,8
PO009786,S038,P0400,W11,2026-03-21,2026-04-07,2026-04-15,48,44,3
PO009787,S030,P0312,W09,2025-08-03,2025-08-19,2025-08-19,103,95,8
PO009788,S032,P0269,W15,2026-04-10,2026-04-24,2026-04-24,44,42,1
PO009789,S010,P0372,W04,2025-07-12,2025-08-13,2025-08-17,40,37,3
PO009790,S007,P0370,W07,2025-02-24,2025-03-23,2025-04-02,20,18,2
PO009791,S002,P0317,W08,2025-04-08,2025-05-09,2025-05-14,69,64,5
PO009792,S011,P0128,W01,2025-07-31,2025-08-16,2025-08-14,16,15,0
PO009793,S039,P0130,W12,2025-07-11,2025-08-02,2025-08-01,107,101,5
PO009794,S023,P0127,W15,2026-05-10,2026-05-18,2026-05-16,50,44,4
PO009795,S022,P0033,W10,2025-10-16,2025-10-31,2025-10-30,70,69,1
PO009796,S022,P0359,W03,2026-04-08,2026-04-24,2026-04-23,30,30,0
PO009797,S033,P0030,W07,2026-04-08,2026-05-16,2026-05-16,36,33,3
PO009798,S040,P0009,W03,2026-01-30,2026-02-07,2026-02-06,94,89,1
PO009799,S028,P0115,W14,2026-01-15,2026-02-19,2026-02-19,81,72,7
PO009800,S018,P0145,W07,2026-01-17,2026-02-09,2026-02-08,81,74,7
PO009801,S009,P0062,W12,2026-03-18,2026-04-06,2026-04-10,101,92,5
PO009802,S032,P0346,W01,2025-10-14,2025-11-02,2025-10-31,90,83,3
PO009803,S022,P0319,W03,2025-02-03,2025-02-15,2025-02-21,68,66,2
PO009804,S025,P0033,W05,2026-03-20,2026-04-12,2026-04-11,35,34,1
PO009805,S039,P0130,W15,2025-02-12,2025-03-05,2025-03-03,38,37,1
PO009806,S032,P0114,W10,2026-02-15,2026-03-02,2026-02-28,42,39,2
PO009807,S007,P0158,W10,2025-07-23,2025-08-29,2025-08-27,30,26,3
PO009808,S031,P0363,W08,2025-10-25,2025-11-08,2025-11-07,69,61,5
PO009809,S026,P0159,W03,2025-12-18,2026-01-05,2026-01-04,31,29,2
PO009810,S014,P0343,W12,2025-04-13,2025-04-16,2025-04-16,39,36,3
PO009811,S023,P0199,W08,2026-02-15,2026-02-24,2026-02-23,62,55,4
PO009812,S029,P0086,W05,2025-02-11,2025-02-15,2025-02-15,22,21,0
PO009813,S039,P0017,W04,2026-05-20,2026-06-05,2026-06-05,269,246,15
PO009814,S033,P0124,W07,2025-11-15,2025-12-29,2025-12-28,111,98,10
PO009815,S027,P0168,W08,2026-06-08,2026-07-08,2026-07-07,43,38,4
PO009816,S025,P0367,W15,2026-04-19,2026-05-04,2026-05-03,96,93,3
PO009817,S039,P0014,W12,2025-01-31,2025-02-21,2025-02-21,143,134,6
PO009818,S021,P0323,W04,2026-05-07,2026-05-13,2026-05-13,17,15,1
PO009819,S013,P0132,W10,2025-10-29,2025-11-24,2025-11-22,31,30,0
PO009820,S027,P0209,W07,2025-11-26,2025-12-29,2025-12-28,56,53,3
PO009821,S023,P0172,W08,2026-04-23,2026-05-10,2026-05-08,164,146,12
PO009822,S010,P0171,W08,2025-07-31,2025-08-22,2025-08-21,114,101,8
PO009823,S004,P0171,W11,2025-04-27,2025-05-21,2025-05-19,22,21,1
PO009824,S010,P0076,W10,2025-02-23,2025-03-20,2025-03-20,77,69,5
PO009825,S034,P0193,W03,2025-11-27,2025-12-13,2025-12-11,142,129,12
PO009826,S025,P0235,W12,2026-05-04,2026-06-02,2026-06-07,128,119,6
PO009827,S031,P0394,W05,2026-04-03,2026-04-22,2026-04-28,44,39,3
PO009828,S001,P0317,W08,2025-08-20,2025-09-02,2025-09-01,21,20,0
PO009829,S019,P0105,W04,2025-09-11,2025-09-26,2025-09-29,36,35,1
PO009830,S021,P0108,W10,2026-01-31,2026-02-07,2026-02-07,53,47,5
PO009831,S035,P0342,W01,2025-04-23,2025-05-10,2025-05-08,109,96,10
PO009832,S032,P0277,W02,2025-05-19,2025-06-06,2025-06-05,52,49,1
PO009833,S030,P0117,W13,2026-01-18,2026-02-04,2026-02-04,28,26,1
PO009834,S037,P0224,W07,2026-03-23,2026-03-28,2026-03-27,113,111,0
PO009835,S006,P0335,W11,2026-04-27,2026-05-01,2026-04-30,79,75,3
PO009836,S032,P0314,W08,2025-05-09,2025-05-19,2025-05-18,82,80,2
PO009837,S022,P0335,W03,2025-08-30,2025-09-09,2025-09-15,84,76,5
PO009838,S021,P0362,W03,2025-10-14,2025-10-17,2025-10-17,170,146,17
PO009839,S031,P0237,W14,2025-12-25,2026-01-04,2026-01-04,94,87,6
PO009840,S037,P0151,W08,2025-11-17,2025-11-20,2025-11-20,41,40,1
PO009841,S024,P0150,W10,2025-07-17,2025-08-15,2025-08-13,109,100,7
PO009842,S031,P0184,W03,2025-08-15,2025-09-05,2025-09-05,37,34,2
PO009843,S035,P0275,W12,2025-03-10,2025-03-21,2025-03-20,46,42,4
PO009844,S005,P0390,W15,2025-09-21,2025-10-06,2025-10-06,59,56,1
PO009845,S011,P0389,W06,2026-01-28,2026-02-07,2026-02-05,134,130,4
PO009846,S033,P0069,W04,2026-04-20,2026-05-20,2026-05-18,47,42,3
PO009847,S040,P0146,W14,2026-05-04,2026-05-08,2026-05-07,105,100,0
PO009848,S008,P0069,W04,2025-09-24,2025-10-10,2025-10-09,123,118,4
PO009849,S001,P0304,W04,2026-05-22,2026-05-25,2026-05-23,109,101,5
PO009850,S015,P0061,W14,2025-07-09,2025-08-02,2025-07-31,77,67,7
PO009851,S016,P0196,W02,2026-01-26,2026-02-13,2026-02-11,29,26,2
PO009852,S013,P0342,W01,2025-01-12,2025-02-12,2025-02-12,142,136,2
PO009853,S022,P0257,W11,2026-04-27,2026-05-17,2026-05-15,43,40,3
PO009854,S027,P0009,W15,2025-02-14,2025-03-12,2025-03-16,114,103,8
PO009855,S018,P0074,W08,2026-01-17,2026-02-18,2026-02-16,72,62,9
PO009856,S032,P0343,W02,2025-02-28,2025-03-10,2025-03-08,32,31,0
PO009857,S038,P0380,W03,2026-04-14,2026-05-08,2026-05-13,34,31,3
PO009858,S033,P0172,W03,2025-05-02,2025-06-02,2025-05-31,39,36,2
PO009859,S006,P0282,W09,2026-03-29,2026-04-03,2026-04-05,19,18,0
PO009860,S033,P0091,W11,2026-06-14,2026-07-15,2026-07-14,74,68,5
PO009861,S012,P0219,W13,2025-12-15,2026-01-22,2026-01-20,21,19,1
PO009862,S037,P0392,W01,2025-04-06,2025-04-11,2025-04-10,43,42,0
PO009863,S012,P0022,W07,2025-03-19,2025-04-20,2025-04-18,47,43,2
PO009864,S008,P0135,W12,2025-03-13,2025-03-27,2025-03-26,113,108,5
PO009865,S015,P0186,W01,2025-05-17,2025-05-30,2025-06-06,72,63,8
PO009866,S024,P0295,W02,2025-02-06,2025-03-13,2025-03-11,35,31,3
PO009867,S007,P0304,W08,2025-11-21,2025-12-22,2025-12-23,39,34,4
PO009868,S020,P0122,W12,2025-06-03,2025-06-06,2025-06-05,82,73,8
PO009869,S003,P0040,W13,2025-03-02,2025-03-31,2025-03-29,20,20,0
PO009870,S011,P0119,W06,2025-11-22,2025-12-09,2025-12-16,110,105,0
PO009871,S020,P0243,W07,2025-03-01,2025-03-23,2025-03-22,28,26,2
PO009872,S025,P0370,W11,2025-08-14,2025-09-07,2025-09-06,30,28,2
PO009873,S022,P0010,W10,2025-01-12,2025-01-27,2025-01-26,146,132,7
PO009874,S031,P0393,W05,2025-08-27,2025-09-17,2025-09-15,49,46,3
PO009875,S003,P0231,W05,2025-08-21,2025-09-11,2025-09-16,74,70,2
PO009876,S002,P0216,W11,2025-01-13,2025-02-15,2025-02-18,123,112,6
PO009877,S004,P0311,W08,2025-10-06,2025-10-26,2025-10-26,81,74,7
PO009878,S020,P0254,W10,2025-07-30,2025-08-03,2025-08-02,84,76,8
PO009879,S012,P0325,W04,2025-09-05,2025-10-14,2025-10-12,35,34,0
PO009880,S012,P0095,W01,2026-05-28,2026-07-02,2026-07-02,57,53,4
PO009881,S018,P0184,W02,2025-10-16,2025-11-06,2025-11-04,65,56,7
PO009882,S019,P0378,W09,2025-07-29,2025-08-12,2025-08-16,176,164,9
PO009883,S011,P0051,W08,2026-05-22,2026-06-08,2026-06-18,105,100,0
PO009884,S008,P0163,W07,2025-09-02,2025-09-20,2025-09-20,59,56,1
PO009885,S002,P0254,W03,2025-02-06,2025-03-05,2025-03-03,45,43,2
PO009886,S028,P0194,W03,2025-02-16,2025-03-10,2025-03-10,58,52,5
PO009887,S024,P0193,W06,2026-05-17,2026-06-22,2026-06-21,67,59,5
PO009888,S034,P0090,W15,2026-05-17,2026-06-06,2026-06-06,61,54,4
PO009889,S024,P0099,W07,2026-04-22,2026-06-03,2026-06-08,99,90,9
PO009890,S015,P0397,W03,2025-04-14,2025-05-01,2025-04-30,207,175,26
PO009891,S038,P0058,W04,2025-05-28,2025-06-19,2025-06-19,51,45,5
PO009892,S002,P0117,W08,2025-10-08,2025-11-02,2025-11-12,87,79,6
PO009893,S040,P0264,W09,2026-01-25,2026-01-28,2026-01-27,108,104,2
PO009894,S005,P0201,W08,2025-11-29,2025-12-15,2025-12-14,166,153,6
PO009895,S026,P0138,W10,2025-02-26,2025-03-07,2025-03-09,80,70,7
PO009896,S005,P0076,W02,2025-03-26,2025-04-11,2025-04-10,81,77,3
PO009897,S033,P0223,W13,2025-02-09,2025-03-10,2025-03-08,69,64,5
PO009898,S011,P0161,W12,2025-12-13,2025-12-25,2025-12-25,57,54,1
PO009899,S011,P0014,W13,2025-07-27,2025-08-05,2025-08-04,98,96,1
PO009900,S015,P0031,W07,2025-09-10,2025-09-21,2025-10-02,54,48,6
PO009901,S038,P0034,W15,2025-11-21,2025-12-10,2025-12-09,122,113,9
PO009902,S012,P0129,W15,2025-04-30,2025-05-26,2025-05-24,41,39,1
PO009903,S026,P0241,W01,2025-03-01,2025-03-15,2025-03-26,34,31,3
PO009904,S008,P0344,W03,2025-08-04,2025-08-17,2025-08-17,142,131,8
PO009905,S030,P0274,W15,2026-01-17,2026-01-29,2026-01-27,79,73,5
PO009906,S012,P0132,W14,2025-05-11,2025-06-08,2025-06-10,124,114,5
PO009907,S037,P0016,W01,2025-09-07,2025-09-17,2025-09-17,58,57,1
PO009908,S040,P0163,W06,2025-07-22,2025-08-02,2025-08-01,78,74,1
PO009909,S028,P0004,W11,2025-02-08,2025-03-05,2025-03-17,20,18,2
PO009910,S007,P0134,W08,2026-03-10,2026-04-19,2026-04-18,90,75,11
PO009911,S002,P0177,W08,2025-05-31,2025-06-28,2025-06-27,46,42,3
PO009912,S038,P0175,W08,2025-05-26,2025-06-19,2025-06-19,41,38,3
PO009913,S005,P0162,W14,2025-10-02,2025-10-17,2025-10-16,63,60,1
PO009914,S024,P0233,W12,2026-01-01,2026-02-04,2026-02-04,285,245,28
PO009915,S013,P0340,W15,2025-12-20,2026-01-13,2026-01-11,47,46,0
PO009916,S038,P0068,W06,2025-03-25,2025-04-09,2025-04-09,125,107,13
PO009917,S019,P0300,W10,2025-05-27,2025-06-20,2025-06-19,66,62,3
PO009918,S021,P0221,W09,2025-01-20,2025-01-26,2025-02-04,37,33,3
PO009919,S015,P0181,W02,2025-03-30,2025-04-04,2025-04-04,10,9,0
PO009920,S019,P0395,W11,2025-01-04,2025-01-29,2025-01-27,29,28,1
PO009921,S015,P0059,W12,2026-05-02,2026-05-26,2026-05-26,102,84,14
PO009922,S007,P0385,W11,2025-03-14,2025-04-14,2025-04-12,72,66,6
PO009923,S004,P0291,W11,2025-02-12,2025-03-05,2025-03-05,71,62,7
PO009924,S040,P0027,W06,2026-03-05,2026-03-16,2026-03-16,41,40,0
PO009925,S031,P0343,W07,2025-12-21,2026-01-05,2026-01-03,108,99,8
PO009926,S022,P0061,W07,2025-06-30,2025-07-19,2025-07-18,61,56,2
PO009927,S040,P0383,W05,2025-11-28,2025-12-09,2025-12-08,36,36,0
PO009928,S023,P0151,W15,2026-06-13,2026-06-25,2026-06-24,43,40,3
PO009929,S034,P0355,W14,2026-04-28,2026-05-14,2026-05-24,104,95,5
PO009930,S014,P0392,W09,2025-12-28,2026-01-12,2026-01-23,45,42,2
PO009931,S034,P0035,W12,2026-03-19,2026-03-27,2026-03-25,125,115,6
PO009932,S028,P0055,W13,2025-09-28,2025-10-23,2025-10-21,72,66,4
PO009933,S014,P0385,W05,2026-04-18,2026-04-23,2026-04-21,49,44,3
PO009934,S036,P0127,W09,2025-12-23,2026-01-30,2026-02-03,45,43,2
PO009935,S009,P0226,W04,2026-01-25,2026-02-15,2026-02-20,87,80,4
PO009936,S034,P0244,W07,2025-05-27,2025-06-18,2025-06-18,133,120,9
PO009937,S018,P0068,W13,2025-10-08,2025-10-25,2025-10-25,86,77,8
PO009938,S040,P0234,W02,2025-05-06,2025-05-20,2025-05-18,92,87,2
PO009939,S034,P0003,W09,2025-08-17,2025-09-03,2025-09-01,72,67,4
PO009940,S033,P0375,W05,2025-07-11,2025-08-10,2025-08-09,25,22,2
PO009941,S007,P0116,W10,2026-01-03,2026-02-05,2026-02-04,54,48,6
PO009942,S032,P0332,W04,2025-09-22,2025-10-08,2025-10-08,85,82,3
PO009943,S029,P0123,W01,2025-10-17,2025-10-26,2025-10-26,60,57,2
PO009944,S020,P0234,W15,2025-07-23,2025-08-01,2025-08-01,29,27,1
PO009945,S027,P0117,W03,2026-06-28,2026-07-26,2026-07-26,36,33,2
PO009946,S022,P0203,W05,2025-01-31,2025-02-17,2025-02-16,57,55,1
PO009947,S037,P0372,W13,2025-04-20,2025-05-04,2025-05-04,156,145,4
PO009948,S038,P0126,W08,2025-09-28,2025-10-15,2025-10-15,99,87,8
PO009949,S010,P0272,W11,2026-02-06,2026-02-26,2026-02-26,59,53,4
PO009950,S026,P0214,W03,2026-06-25,2026-07-13,2026-07-22,68,60,8
PO009951,S017,P0398,W05,2025-11-04,2025-11-30,2025-11-28,66,60,4
PO009952,S007,P0325,W04,2025-09-25,2025-10-27,2025-10-27,59,50,7
PO009953,S022,P0130,W01,2025-04-07,2025-04-19,2025-04-18,54,52,2
PO009954,S007,P0397,W06,2026-03-30,2026-05-01,2026-04-30,118,101,14
PO009955,S011,P0120,W14,2025-11-01,2025-11-12,2025-11-10,35,35,0
PO009956,S036,P0125,W02,2025-08-20,2025-09-21,2025-09-21,108,102,5
PO009957,S028,P0350,W11,2025-01-30,2025-02-17,2025-02-15,45,40,3
PO009958,S007,P0258,W15,2025-10-11,2025-11-12,2025-11-11,25,21,3
PO009959,S039,P0027,W02,2025-09-30,2025-10-18,2025-10-16,184,172,10
PO009960,S010,P0184,W07,2025-08-23,2025-09-14,2025-09-12,259,225,27
PO009961,S001,P0019,W11,2026-04-05,2026-04-09,2026-04-08,16,15,0
PO009962,S020,P0288,W13,2025-09-28,2025-10-12,2025-10-10,57,52,4
PO009963,S028,P0191,W02,2025-07-29,2025-08-26,2025-08-26,50,47,3
PO009964,S027,P0368,W10,2025-07-16,2025-08-11,2025-08-11,215,189,17
PO009965,S012,P0342,W04,2025-03-17,2025-04-15,2025-04-14,42,39,1
PO009966,S023,P0240,W02,2025-11-03,2025-11-22,2025-11-25,45,42,3
PO009967,S032,P0025,W03,2026-02-25,2026-03-12,2026-03-11,104,100,0
PO009968,S005,P0128,W15,2025-11-16,2025-12-06,2025-12-15,71,67,2
PO009969,S036,P0012,W07,2026-05-13,2026-06-15,2026-06-14,86,78,5
PO009970,S030,P0040,W15,2025-02-05,2025-02-21,2025-02-21,35,33,2
PO009971,S023,P0042,W12,2026-01-09,2026-01-18,2026-01-26,18,17,1
PO009972,S012,P0262,W12,2025-08-24,2025-09-27,2025-09-27,58,55,2
PO009973,S039,P0376,W06,2026-05-31,2026-06-16,2026-06-16,48,44,2
PO009974,S005,P0257,W03,2026-05-29,2026-06-17,2026-06-17,50,49,0
PO009975,S018,P0094,W13,2025-03-23,2025-04-11,2025-04-10,48,43,5
PO009976,S025,P0237,W06,2026-04-18,2026-05-14,2026-05-13,82,80,1
PO009977,S026,P0069,W11,2025-03-28,2025-04-08,2025-04-07,163,139,16
PO009978,S020,P0269,W12,2025-07-15,2025-08-02,2025-08-02,24,23,1
PO009979,S025,P0252,W08,2025-07-24,2025-08-11,2025-08-09,78,73,4
PO009980,S009,P0379,W10,2025-07-07,2025-07-28,2025-07-27,26,24,1
PO009981,S030,P0053,W12,2025-10-13,2025-11-04,2025-11-04,54,49,3
PO009982,S024,P0114,W02,2026-06-10,2026-07-19,2026-07-17,54,48,4
PO009983,S001,P0062,W11,2026-03-11,2026-03-14,2026-03-14,35,33,1
PO009984,S030,P0010,W13,2025-11-29,2025-12-10,2025-12-08,122,109,13
PO009985,S026,P0010,W15,2025-07-23,2025-08-16,2025-08-14,28,25,2
PO009986,S005,P0325,W08,2025-10-25,2025-11-14,2025-11-12,191,183,6
PO009987,S036,P0030,W04,2026-03-26,2026-05-07,2026-05-06,182,167,10
PO009988,S008,P0286,W13,2026-04-05,2026-04-21,2026-04-25,87,83,3
PO009989,S037,P0279,W08,2026-02-22,2026-02-25,2026-03-04,71,67,2
PO009990,S008,P0205,W11,2026-02-16,2026-02-28,2026-02-28,264,250,14
PO009991,S027,P0131,W02,2025-09-26,2025-10-26,2025-10-24,71,66,5
PO009992,S030,P0083,W02,2025-07-12,2025-07-16,2025-07-16,66,57,7
PO009993,S025,P0111,W10,2025-03-28,2025-04-08,2025-04-07,24,24,0
PO009994,S011,P0001,W01,2025-09-19,2025-09-28,2025-09-27,66,63,2
PO009995,S023,P0039,W14,2026-03-16,2026-03-25,2026-04-04,31,28,2
PO009996,S019,P0319,W07,2025-10-16,2025-11-02,2025-11-02,64,60,2
PO009997,S037,P0241,W14,2026-03-31,2026-04-20,2026-04-22,106,99,4
PO009998,S019,P0129,W08,2025-02-23,2025-03-10,2025-03-09,114,107,5
PO009999,S027,P0102,W06,2025-10-08,2025-11-04,2025-11-03,31,29,2
PO010000,S008,P0046,W04,2026-01-02,2026-01-11,2026-01-09,39,37,2
PO010001,S005,P0165,W03,2025-01-17,2025-02-02,2025-01-31,46,44,0
PO010002,S015,P0375,W10,2025-01-12,2025-02-03,2025-02-14,25,21,3
PO010003,S013,P0161,W10,2026-01-31,2026-02-20,2026-02-19,47,44,1
PO010004,S036,P0190,W11,2025-09-08,2025-10-05,2025-10-05,110,101,6
PO010005,S026,P0174,W05,2025-01-16,2025-01-26,2025-01-24,96,86,8
PO010006,S011,P0103,W08,2025-07-16,2025-07-25,2025-07-23,16,16,0
PO010007,S024,P0019,W06,2026-03-30,2026-05-06,2026-05-06,30,27,3
PO010008,S018,P0292,W08,2026-05-23,2026-06-22,2026-06-27,40,36,4
PO010009,S011,P0282,W12,2025-12-11,2026-01-02,2026-01-01,23,22,0
PO010010,S037,P0293,W09,2025-03-09,2025-03-20,2025-03-19,22,21,0
PO010011,S026,P0229,W10,2025-11-11,2025-11-30,2025-11-30,29,25,3
PO010012,S027,P0272,W14,2026-02-28,2026-03-26,2026-03-26,62,55,4
PO010013,S015,P0059,W10,2025-10-04,2025-10-26,2025-10-26,121,105,14
PO010014,S019,P0341,W03,2025-05-29,2025-06-08,2025-06-08,61,56,3
PO010015,S036,P0164,W11,2026-05-16,2026-06-12,2026-06-10,208,187,12
PO010016,S027,P0332,W10,2026-01-11,2026-02-10,2026-02-08,162,146,15
PO010017,S034,P0316,W13,2025-04-02,2025-04-10,2025-04-10,88,84,4
PO010018,S006,P0172,W06,2026-05-27,2026-06-08,2026-06-06,110,106,3
PO010019,S009,P0111,W12,2025-10-17,2025-10-31,2025-10-31,35,33,1
PO010020,S022,P0326,W05,2026-06-06,2026-06-27,2026-06-28,48,44,2
PO010021,S010,P0021,W05,2025-05-08,2025-06-04,2025-06-03,22,20,1
PO010022,S023,P0004,W04,2026-05-08,2026-05-20,2026-05-18,21,19,1
PO010023,S030,P0035,W09,2025-09-29,2025-10-09,2025-10-08,66,60,5
PO010024,S012,P0220,W06,2026-01-24,2026-03-06,2026-03-05,124,115,6
PO010025,S017,P0044,W13,2026-06-23,2026-07-22,2026-07-22,20,19,1
PO010026,S004,P0359,W11,2025-04-19,2025-05-02,2025-05-01,49,44,4
PO010027,S033,P0090,W10,2025-11-03,2025-12-09,2025-12-07,161,149,8
PO010028,S021,P0385,W11,2026-01-31,2026-02-03,2026-02-14,148,131,16
PO010029,S029,P0258,W07,2025-10-31,2025-11-17,2025-11-16,153,143,8
PO010030,S037,P0022,W05,2025-10-20,2025-10-27,2025-10-28,72,70,2
PO010031,S013,P0055,W11,2026-03-23,2026-04-26,2026-04-24,42,41,0
PO010032,S035,P0120,W06,2025-01-23,2025-02-05,2025-02-03,26,24,2
PO010033,S020,P0009,W15,2025-07-16,2025-08-02,2025-07-31,82,76,4
PO010034,S027,P0081,W09,2026-06-02,2026-07-02,2026-07-01,16,14,1
PO010035,S033,P0178,W06,2025-12-30,2026-02-04,2026-02-03,107,98,8
PO010036,S009,P0340,W15,2025-11-24,2025-12-14,2025-12-13,71,69,1
PO010037,S017,P0041,W14,2025-08-26,2025-09-22,2025-09-20,97,85,8
PO010038,S018,P0331,W12,2026-06-06,2026-07-04,2026-07-07,20,17,2
PO010039,S015,P0305,W05,2025-05-18,2025-06-09,2025-06-08,59,51,7
PO010040,S020,P0346,W12,2026-04-12,2026-04-27,2026-04-25,54,48,5
PO010041,S028,P0205,W07,2025-03-26,2025-04-20,2025-04-18,81,73,5
PO010042,S014,P0378,W15,2026-05-02,2026-05-15,2026-05-15,69,64,4
PO010043,S013,P0270,W09,2025-12-09,2026-01-07,2026-01-06,70,68,2
PO010044,S014,P0207,W05,2025-05-27,2025-06-07,2025-06-09,61,54,4
PO010045,S033,P0117,W12,2025-03-12,2025-04-07,2025-04-07,55,48,5
PO010046,S012,P0300,W05,2025-07-28,2025-08-29,2025-08-29,32,31,1
PO010047,S028,P0060,W13,2025-03-18,2025-04-15,2025-04-13,40,39,1
PO010048,S040,P0109,W07,2026-02-24,2026-03-04,2026-03-14,45,45,0
PO010049,S039,P0346,W14,2025-08-30,2025-09-11,2025-09-09,51,46,3
PO010050,S014,P0129,W11,2025-09-12,2025-09-26,2025-09-25,65,58,4
PO010051,S012,P0141,W12,2025-12-20,2026-01-21,2026-01-21,40,39,1
PO010052,S005,P0373,W06,2025-06-07,2025-06-22,2025-06-20,119,114,5
PO010053,S022,P0062,W06,2026-01-01,2026-01-21,2026-01-19,54,53,1
PO010054,S006,P0345,W15,2025-06-29,2025-07-03,2025-07-02,129,123,6
PO010055,S006,P0057,W15,2026-05-30,2026-06-17,2026-06-15,68,67,1
PO010056,S006,P0380,W07,2025-03-02,2025-03-12,2025-03-11,171,161,5
PO010057,S038,P0299,W08,2025-10-23,2025-11-16,2025-11-15,131,115,16
PO010058,S034,P0019,W01,2025-03-15,2025-04-06,2025-04-06,65,62,2
PO010059,S001,P0330,W08,2026-06-17,2026-06-20,2026-06-18,66,65,1
PO010060,S039,P0114,W11,2025-03-17,2025-03-31,2025-03-29,34,32,2
PO010061,S029,P0175,W10,2025-08-22,2025-09-06,2025-09-04,225,216,6
PO010062,S024,P0013,W02,2026-03-06,2026-04-09,2026-04-08,76,69,6
PO010063,S023,P0135,W13,2025-07-20,2025-08-03,2025-08-01,27,24,2
PO010064,S037,P0204,W12,2025-08-03,2025-08-16,2025-08-28,121,115,4
PO010065,S021,P0145,W02,2026-02-21,2026-03-02,2026-03-08,186,165,20
PO010066,S025,P0235,W13,2026-02-09,2026-03-08,2026-03-07,44,39,3
PO010067,S035,P0102,W15,2025-02-06,2025-02-23,2025-02-24,69,63,6
PO010068,S034,P0157,W12,2026-04-19,2026-05-01,2026-05-01,87,82,4
PO010069,S038,P0039,W14,2025-11-13,2025-12-08,2025-12-08,78,72,6
PO010070,S018,P0051,W07,2026-05-14,2026-06-11,2026-06-09,52,45,5
PO010071,S010,P0372,W10,2026-01-17,2026-02-12,2026-02-10,234,208,16
PO010072,S013,P0268,W10,2025-12-26,2026-01-27,2026-01-26,45,43,1
PO010073,S017,P0138,W02,2025-06-03,2025-06-28,2025-06-26,55,54,1
PO010074,S017,P0240,W05,2026-04-30,2026-06-01,2026-06-05,76,71,2
PO010075,S040,P0311,W03,2025-08-31,2025-09-07,2025-09-11,35,33,1
PO010076,S023,P0176,W06,2025-04-10,2025-04-22,2025-04-30,69,63,6
PO010077,S015,P0037,W12,2026-05-31,2026-06-15,2026-06-15,227,205,21
PO010078,S032,P0166,W11,2026-05-19,2026-06-09,2026-06-09,129,126,3
PO010079,S033,P0208,W06,2026-03-14,2026-04-16,2026-04-23,57,55,2
PO010080,S004,P0212,W03,2025-11-05,2025-12-02,2025-12-02,70,61,6
PO010081,S023,P0126,W09,2026-02-17,2026-02-21,2026-03-01,60,53,4
PO010082,S029,P0224,W11,2026-04-17,2026-04-21,2026-04-20,101,93,3
PO010083,S036,P0153,W13,2026-01-26,2026-02-22,2026-02-22,20,20,0
PO010084,S036,P0379,W13,2026-01-16,2026-02-16,2026-02-16,94,88,4
PO010085,S007,P0377,W09,2026-01-13,2026-02-13,2026-02-12,67,61,6
PO010086,S015,P0299,W05,2025-06-08,2025-06-25,2025-06-24,198,169,23
PO010087,S013,P0354,W03,2025-01-29,2025-03-01,2025-03-13,71,68,2
PO010088,S011,P0318,W02,2026-02-28,2026-03-12,2026-03-10,29,28,0
PO010089,S018,P0235,W10,2025-03-15,2025-04-08,2025-04-08,22,20,2
PO010090,S040,P0156,W11,2025-01-15,2025-01-25,2025-01-24,28,27,1
PO010091,S026,P0075,W04,2026-05-01,2026-05-06,2026-05-11,90,83,7
PO010092,S031,P0286,W09,2026-04-01,2026-04-15,2026-04-26,82,75,5
PO010093,S039,P0352,W10,2025-05-22,2025-06-24,2025-06-22,46,43,2
PO010094,S030,P0230,W03,2026-02-11,2026-03-07,2026-03-05,125,111,12
PO010095,S035,P0295,W04,2025-08-26,2025-09-16,2025-09-15,48,42,5
PO010096,S015,P0335,W14,2025-01-01,2025-01-28,2025-01-27,15,12,2
PO010097,S031,P0180,W02,2025-01-25,2025-02-07,2025-02-06,66,59,5
PO010098,S012,P0125,W08,2025-07-16,2025-08-20,2025-08-20,58,54,3
PO010099,S029,P0248,W07,2025-08-24,2025-08-27,2025-08-25,84,82,2
PO010100,S027,P0293,W15,2025-12-15,2026-01-15,2026-01-15,158,147,11
PO010101,S030,P0365,W01,2025-10-24,2025-11-08,2025-11-08,81,72,8
PO010102,S021,P0127,W08,2025-04-13,2025-04-23,2025-04-22,135,123,12
PO010103,S022,P0325,W12,2026-04-30,2026-05-23,2026-05-23,112,105,6
PO010104,S003,P0085,W12,2026-02-02,2026-02-26,2026-02-26,51,48,1
PO010105,S019,P0282,W03,2025-09-17,2025-09-30,2025-09-30,59,57,2
PO010106,S025,P0295,W08,2026-05-04,2026-06-01,2026-05-30,127,118,7
PO010107,S014,P0161,W14,2026-05-13,2026-05-23,2026-05-21,77,68,6
PO010108,S033,P0068,W03,2025-09-15,2025-10-07,2025-10-07,23,21,1
PO010109,S040,P0158,W01,2026-06-02,2026-06-08,2026-06-06,43,41,0
PO010110,S027,P0009,W02,2025-10-05,2025-11-14,2025-11-14,34,30,3
PO010111,S008,P0070,W10,2025-04-08,2025-04-12,2025-04-11,63,60,2
PO010112,S001,P0124,W02,2026-03-17,2026-03-26,2026-03-24,117,112,1
PO010113,S013,P0129,W13,2025-07-14,2025-08-09,2025-08-07,91,89,2
PO010114,S037,P0308,W05,2025-11-21,2025-11-27,2025-11-25,89,83,5
PO010115,S019,P0328,W07,2025-08-31,2025-09-12,2025-09-11,69,62,4
PO010116,S019,P0254,W02,2025-10-27,2025-11-17,2025-11-16,80,73,6
PO010117,S004,P0277,W07,2025-08-25,2025-09-11,2025-09-11,107,98,8
PO010118,S031,P0179,W02,2025-12-22,2026-01-10,2026-01-15,80,70,6
PO010119,S029,P0094,W02,2025-07-24,2025-07-27,2025-07-28,29,28,1
PO010120,S012,P0272,W15,2025-01-11,2025-02-10,2025-02-10,100,95,3
PO010121,S034,P0061,W15,2025-03-03,2025-03-09,2025-03-09,161,142,12
PO010122,S018,P0141,W01,2026-06-24,2026-07-17,2026-07-15,42,37,4
PO010123,S014,P0084,W01,2025-08-28,2025-09-04,2025-09-04,107,98,7
PO010124,S035,P0365,W07,2026-03-17,2026-03-31,2026-04-07,83,71,10
PO010125,S002,P0261,W12,2025-05-12,2025-06-04,2025-06-04,41,37,3
PO010126,S032,P0041,W14,2025-09-05,2025-09-21,2025-09-19,465,444,14
PO010127,S014,P0054,W02,2025-04-16,2025-04-19,2025-04-18,108,95,9
PO010128,S040,P0262,W11,2025-10-20,2025-10-28,2025-10-27,53,50,1
PO010129,S007,P0065,W11,2025-02-20,2025-03-23,2025-03-22,31,28,2
PO010130,S005,P0157,W13,2026-01-10,2026-01-24,2026-01-24,85,83,1
PO010131,S002,P0311,W01,2026-04-17,2026-05-14,2026-05-13,100,89,9
PO010132,S029,P0109,W09,2025-08-03,2025-08-16,2025-08-16,36,34,2
PO010133,S036,P0138,W09,2025-02-23,2025-03-26,2025-03-25,73,67,3
PO010134,S025,P0080,W10,2025-07-22,2025-08-19,2025-08-17,108,99,6
PO010135,S017,P0395,W10,2026-04-19,2026-05-15,2026-05-14,37,36,1
PO010136,S031,P0254,W03,2025-11-30,2025-12-13,2025-12-12,38,36,2
PO010137,S022,P0199,W09,2025-04-01,2025-04-13,2025-04-13,14,13,0
PO010138,S012,P0326,W14,2025-09-20,2025-10-18,2025-10-16,152,147,3
PO010139,S006,P0262,W13,2026-04-17,2026-04-27,2026-04-27,239,227,7
PO010140,S036,P0252,W05,2025-07-22,2025-08-23,2025-08-21,72,68,3
PO010141,S036,P0143,W01,2025-10-18,2025-11-17,2025-11-17,60,59,1
PO010142,S027,P0325,W15,2025-01-13,2025-02-15,2025-02-15,22,20,1
PO010143,S032,P0098,W12,2025-11-13,2025-11-26,2025-11-25,216,204,8
PO010144,S037,P0317,W14,2025-10-23,2025-11-01,2025-11-01,25,24,1
PO010145,S029,P0224,W05,2025-03-24,2025-04-03,2025-04-03,63,58,2
PO010146,S006,P0149,W05,2025-05-03,2025-05-17,2025-05-16,57,55,1
PO010147,S035,P0334,W07,2025-10-02,2025-10-11,2025-10-09,65,55,8
PO010148,S016,P0208,W14,2025-07-11,2025-08-03,2025-08-01,95,89,5
PO010149,S027,P0264,W05,2026-06-25,2026-07-19,2026-07-19,25,22,2
PO010150,S009,P0314,W10,2025-07-01,2025-07-18,2025-07-26,23,22,1
PO010151,S020,P0095,W03,2025-08-13,2025-09-05,2025-09-03,108,97,9
PO010152,S018,P0384,W10,2026-01-20,2026-02-16,2026-02-14,140,121,17
PO010153,S030,P0070,W03,2025-04-21,2025-05-08,2025-05-07,76,69,6
PO010154,S026,P0397,W06,2026-06-15,2026-07-01,2026-07-01,25,23,2
PO010155,S023,P0248,W05,2025-03-24,2025-04-07,2025-04-06,79,71,7
PO010156,S035,P0095,W01,2026-03-18,2026-03-25,2026-03-24,89,80,9
PO010157,S026,P0179,W15,2025-09-09,2025-09-18,2025-09-16,59,51,6
PO010158,S022,P0376,W08,2026-01-20,2026-02-04,2026-02-02,14,13,0
PO010159,S036,P0339,W13,2025-12-19,2026-01-23,2026-01-22,71,69,2
PO010160,S026,P0278,W05,2025-04-08,2025-04-28,2025-04-27,94,81,10
PO010161,S010,P0343,W07,2025-11-07,2025-12-06,2025-12-06,120,110,7
PO010162,S011,P0341,W13,2026-05-25,2026-06-16,2026-06-14,30,28,1
PO010163,S028,P0400,W15,2025-08-31,2025-09-21,2025-09-20,80,75,4
PO010164,S008,P0199,W14,2026-01-04,2026-01-20,2026-01-28,32,30,1
PO010165,S015,P0158,W09,2026-04-05,2026-04-22,2026-04-22,140,121,17
PO010166,S008,P0039,W03,2025-06-28,2025-07-07,2025-07-05,62,58,4
PO010167,S024,P0340,W11,2026-05-04,2026-06-12,2026-06-12,176,160,14
PO010168,S016,P0128,W13,2026-06-28,2026-07-12,2026-07-12,53,48,4
PO010169,S009,P0176,W01,2025-01-06,2025-01-23,2025-01-22,36,33,2
PO010170,S002,P0160,W03,2025-12-12,2026-01-13,2026-01-12,15,14,0
PO010171,S028,P0131,W07,2025-05-26,2025-06-17,2025-06-26,91,82,8
PO010172,S034,P0247,W03,2026-02-08,2026-02-22,2026-02-21,88,79,5
PO010173,S023,P0221,W15,2025-07-09,2025-07-20,2025-07-19,73,64,6
PO010174,S023,P0338,W11,2025-07-31,2025-08-13,2025-08-11,117,107,9
PO010175,S011,P0210,W02,2026-05-12,2026-06-01,2026-06-01,52,49,1
PO010176,S039,P0096,W09,2025-05-21,2025-06-10,2025-06-09,52,49,2
PO010177,S021,P0320,W11,2025-02-17,2025-02-25,2025-03-03,17,16,1
PO010178,S013,P0132,W05,2025-02-28,2025-04-03,2025-04-08,95,88,3
PO010179,S032,P0178,W02,2025-09-25,2025-10-05,2025-10-05,67,64,1
PO010180,S011,P0078,W08,2025-02-05,2025-02-22,2025-02-21,46,46,0
PO010181,S013,P0347,W05,2025-08-23,2025-09-21,2025-09-19,49,49,0
PO010182,S006,P0257,W14,2026-03-17,2026-03-25,2026-03-25,123,111,6
PO010183,S037,P0384,W13,2026-01-22,2026-01-30,2026-01-29,50,47,2
PO010184,S024,P0072,W05,2025-06-03,2025-07-05,2025-07-05,212,194,16
PO010185,S038,P0145,W01,2026-06-11,2026-07-02,2026-07-02,67,61,5
PO010186,S010,P0154,W03,2025-03-14,2025-04-09,2025-04-07,25,22,2
PO010187,S032,P0217,W14,2026-06-18,2026-07-12,2026-07-12,46,44,0
PO010188,S017,P0291,W10,2025-10-13,2025-11-13,2025-11-14,92,83,5
PO010189,S030,P0042,W04,2025-09-23,2025-10-15,2025-10-17,30,28,1
PO010190,S029,P0046,W10,2025-04-08,2025-04-12,2025-04-10,48,47,1
PO010191,S018,P0242,W12,2025-10-24,2025-11-16,2025-11-19,54,47,5
PO010192,S027,P0186,W13,2025-06-06,2025-06-30,2025-06-29,138,125,12
PO010193,S021,P0105,W05,2026-05-02,2026-05-08,2026-05-08,58,52,5
PO010194,S033,P0266,W12,2025-06-23,2025-07-17,2025-07-15,65,57,5
PO010195,S038,P0231,W01,2025-05-01,2025-05-16,2025-05-15,31,29,1
PO010196,S006,P0027,W15,2025-05-06,2025-05-15,2025-05-15,30,30,0
PO010197,S022,P0172,W06,2026-03-02,2026-03-17,2026-03-18,132,122,7
PO010198,S036,P0299,W10,2026-01-14,2026-02-14,2026-02-12,60,55,2
PO010199,S016,P0063,W01,2026-04-08,2026-04-24,2026-04-22,95,87,7
PO010200,S020,P0266,W14,2025-05-18,2025-06-01,2025-05-30,36,34,1
PO010201,S010,P0291,W14,2026-03-30,2026-04-24,2026-04-22,58,51,5
PO010202,S008,P0265,W02,2025-06-10,2025-06-21,2025-06-20,14,14,0
PO010203,S002,P0205,W14,2025-06-22,2025-07-28,2025-07-27,41,37,3
PO010204,S011,P0012,W12,2025-04-13,2025-04-16,2025-04-14,56,55,0
PO010205,S001,P0374,W10,2026-04-25,2026-04-28,2026-04-26,68,65,1
PO010206,S009,P0246,W12,2025-01-15,2025-02-08,2025-02-07,65,61,3
PO010207,S017,P0176,W04,2026-05-11,2026-06-15,2026-06-23,54,51,3
PO010208,S029,P0129,W09,2026-01-26,2026-02-02,2026-01-31,82,80,2
PO010209,S002,P0268,W05,2026-03-05,2026-03-26,2026-03-25,47,44,3
PO010210,S014,P0006,W10,2025-07-22,2025-07-28,2025-07-26,181,160,16
PO010211,S035,P0131,W05,2026-01-13,2026-01-26,2026-01-25,203,185,15
PO010212,S006,P0082,W04,2026-06-19,2026-06-23,2026-06-22,108,100,5
PO010213,S008,P0127,W08,2025-02-19,2025-03-08,2025-03-13,39,37,1
PO010214,S034,P0252,W12,2026-01-22,2026-01-29,2026-01-29,113,104,9
PO010215,S039,P0017,W05,2026-01-18,2026-02-16,2026-02-16,55,53,2
PO010216,S014,P0061,W12,2025-12-23,2026-01-05,2026-01-05,25,23,1
PO010217,S012,P0286,W15,2025-08-24,2025-09-25,2025-09-25,76,71,3
PO010218,S001,P0367,W07,2025-07-03,2025-07-12,2025-07-12,59,57,0
PO010219,S027,P0126,W09,2026-03-04,2026-04-08,2026-04-08,40,36,2
PO010220,S009,P0249,W13,2025-12-20,2026-01-17,2026-01-17,65,59,4
PO010221,S009,P0017,W06,2025-11-16,2025-12-05,2025-12-05,73,69,2
PO010222,S032,P0170,W12,2026-05-09,2026-05-18,2026-05-18,68,66,1
PO010223,S036,P0397,W08,2025-04-18,2025-05-26,2025-05-25,126,116,7
PO010224,S035,P0120,W06,2025-03-28,2025-04-05,2025-04-03,14,13,1
PO010225,S005,P0244,W06,2026-02-28,2026-03-14,2026-03-12,55,54,1
PO010226,S030,P0159,W02,2025-02-01,2025-02-13,2025-02-12,10,9,0
PO010227,S028,P0077,W11,2026-03-03,2026-03-24,2026-03-23,72,64,6
PO010228,S023,P0328,W13,2026-01-27,2026-02-08,2026-02-06,40,36,3
PO010229,S015,P0309,W04,2026-01-21,2026-02-15,2026-02-14,107,94,13
PO010230,S018,P0036,W12,2025-09-03,2025-09-24,2025-09-22,52,47,4
PO010231,S016,P0032,W07,2026-03-02,2026-03-25,2026-03-23,119,104,10
PO010232,S033,P0391,W06,2026-01-08,2026-02-15,2026-02-14,17,16,1
PO010233,S017,P0347,W14,2025-01-23,2025-02-12,2025-02-11,28,26,2
PO010234,S011,P0129,W02,2025-09-29,2025-10-14,2025-10-14,19,18,0
PO010235,S010,P0292,W04,2025-10-27,2025-11-21,2025-11-19,60,52,5
PO010236,S017,P0182,W12,2025-06-09,2025-07-05,2025-07-15,35,32,2
PO010237,S032,P0101,W02,2025-08-07,2025-08-24,2025-08-22,73,70,3
PO010238,S028,P0132,W05,2025-10-12,2025-11-08,2025-11-07,79,71,5
PO010239,S030,P0039,W05,2025-03-11,2025-03-25,2025-03-23,98,90,7
PO010240,S024,P0358,W01,2025-04-19,2025-05-26,2025-05-26,100,88,8
PO010241,S023,P0347,W10,2026-05-11,2026-05-20,2026-05-20,111,102,8
PO010242,S024,P0238,W01,2025-01-27,2025-03-12,2025-03-12,62,56,3
PO010243,S023,P0069,W15,2025-12-29,2026-01-04,2026-01-03,113,108,5
PO010244,S029,P0324,W02,2025-08-26,2025-09-10,2025-09-10,37,36,1
PO010245,S006,P0285,W10,2025-04-21,2025-04-24,2025-04-23,66,63,1
PO010246,S001,P0363,W07,2026-03-19,2026-03-26,2026-03-24,109,109,0
PO010247,S016,P0200,W09,2025-06-15,2025-07-04,2025-07-02,98,86,10
PO010248,S015,P0219,W05,2025-01-19,2025-02-14,2025-02-13,110,96,13
PO010249,S017,P0303,W09,2025-12-11,2026-01-03,2026-01-03,79,75,3
PO010250,S020,P0121,W15,2025-07-22,2025-08-05,2025-08-05,202,182,15
PO010251,S037,P0376,W03,2026-04-28,2026-05-08,2026-05-07,266,253,13
PO010252,S022,P0177,W04,2026-02-04,2026-02-16,2026-02-16,308,282,21
PO010253,S009,P0179,W07,2026-04-09,2026-04-27,2026-04-27,27,25,1
PO010254,S033,P0381,W04,2026-05-29,2026-07-05,2026-07-05,93,81,8
PO010255,S037,P0015,W11,2026-02-13,2026-02-28,2026-02-28,31,29,1
PO010256,S018,P0004,W14,2026-02-16,2026-03-03,2026-03-09,83,71,11
PO010257,S017,P0243,W01,2025-10-05,2025-11-01,2025-10-30,102,94,5
PO010258,S009,P0353,W15,2026-02-11,2026-03-02,2026-03-02,47,45,2
PO010259,S036,P0057,W13,2026-04-30,2026-05-30,2026-05-28,97,92,5
PO010260,S021,P0140,W14,2026-02-27,2026-03-06,2026-03-13,67,62,5
PO010261,S007,P0077,W07,2025-08-29,2025-09-29,2025-09-29,73,63,7
PO010262,S016,P0137,W12,2025-01-14,2025-01-19,2025-01-17,80,69,7
PO010263,S038,P0343,W03,2026-04-13,2026-05-12,2026-05-10,26,23,2
PO010264,S031,P0257,W03,2025-02-02,2025-02-22,2025-02-21,33,31,2
PO010265,S016,P0293,W10,2025-02-15,2025-03-06,2025-03-16,445,401,33
PO010266,S021,P0083,W05,2025-11-09,2025-11-12,2025-11-12,48,42,4
PO010267,S009,P0029,W12,2025-11-08,2025-11-24,2025-11-23,158,153,4
PO010268,S006,P0299,W15,2025-02-21,2025-02-24,,44,42,2
PO010269,S022,P0175,W15,2026-01-14,2026-01-26,2026-01-24,92,89,2
PO010270,S025,P0112,W14,2026-05-27,2026-06-21,2026-06-20,35,33,2
PO010271,S034,P0324,W14,2025-10-26,2025-11-09,2025-11-08,63,55,5
PO010272,S020,P0325,W08,2025-01-05,2025-01-08,2025-01-08,253,227,23
PO010273,S037,P0022,W12,2026-02-11,2026-02-19,2026-02-19,133,125,2
PO010274,S012,P0373,W02,2025-07-17,2025-08-13,2025-08-14,53,52,1
PO010275,S004,P0150,W15,2026-03-04,2026-03-29,2026-03-27,116,101,10
PO010276,S023,P0332,W06,2025-07-21,2025-08-07,2025-08-07,94,84,7
PO010277,S033,P0048,W08,2026-05-14,2026-06-18,2026-06-18,84,77,7
PO010278,S009,P0280,W12,2026-05-04,2026-05-24,2026-05-24,277,248,16
PO010279,S005,P0084,W01,2025-12-02,2025-12-23,2025-12-21,21,21,0
PO010280,S024,P0069,W13,2025-02-16,2025-03-30,2025-03-28,56,53,3
PO010281,S010,P0310,W03,2025-04-11,2025-04-23,2025-04-26,14,13,1
PO010282,S005,P0266,W13,2026-05-25,2026-06-07,2026-06-07,161,149,8
PO010283,S024,P0022,W15,2026-02-10,2026-03-13,2026-03-19,39,34,4
PO010284,S001,P0161,W07,2025-06-13,2025-06-16,2025-06-14,46,44,1
PO010285,S002,P0020,W01,2025-08-28,2025-09-23,2025-09-21,64,61,2
PO010286,S007,P0361,W11,2025-10-07,2025-11-07,2025-11-10,67,59,8
PO010287,S027,P0010,W01,2025-08-12,2025-09-17,2025-09-15,33,30,2
PO010288,S010,P0371,W08,2026-04-25,2026-05-17,2026-05-15,86,79,7
PO010289,S029,P0089,W14,2026-01-02,2026-01-11,2026-01-10,34,32,1
PO010290,S016,P0032,W01,2025-05-11,2025-05-27,2025-05-25,52,47,3
PO010291,S024,P0400,W04,2025-04-09,2025-05-24,2025-05-24,120,105,10
PO010292,S011,P0002,W15,2025-11-26,2025-12-02,2025-12-02,59,57,2
PO010293,S029,P0072,W13,2026-03-07,2026-03-14,2026-03-16,28,27,1
PO010294,S024,P0167,W09,2025-02-17,2025-03-25,2025-03-23,107,93,9
PO010295,S012,P0009,W14,2026-04-02,2026-05-01,2026-05-01,136,132,2
PO010296,S024,P0121,W08,2026-01-31,2026-03-15,2026-03-15,10,8,1
PO010297,S012,P0020,W06,2026-05-27,2026-06-30,2026-06-30,58,54,2
PO010298,S036,P0187,W01,2025-06-05,2025-07-04,2025-07-04,47,46,1
PO010299,S026,P0359,W13,2025-12-12,2026-01-03,2026-01-03,128,115,10
PO010300,S009,P0190,W05,2025-04-01,2025-04-24,2025-04-24,93,84,5
PO010301,S010,P0240,W14,2025-06-03,2025-06-27,2025-07-09,53,47,5
PO010302,S017,P0218,W11,2025-07-06,2025-07-25,2025-07-25,41,39,2
PO010303,S010,P0183,W11,2026-01-02,2026-01-29,2026-01-28,83,72,7
PO010304,S015,P0170,W02,2026-01-11,2026-01-30,2026-01-28,170,145,20
PO010305,S024,P0347,W05,2026-01-21,2026-03-02,2026-03-02,77,70,5
PO010306,S032,P0023,W01,2025-11-25,2025-12-10,2025-12-09,172,157,8
PO010307,S025,P0215,W12,2026-02-13,2026-03-07,2026-03-05,38,35,2
PO010308,S026,P0005,W08,2026-02-06,2026-02-24,2026-02-22,88,78,9
PO010309,S004,P0064,W15,2025-12-20,2026-01-11,2026-01-10,94,84,10
PO010310,S038,P0080,W15,2025-12-19,2026-01-14,2026-01-14,18,16,1
PO010311,S008,P0387,W14,2026-01-16,2026-01-20,2026-01-20,33,31,1
PO010312,S035,P0164,W11,2025-02-21,2025-03-07,2025-03-07,52,46,5
PO010313,S004,P0062,W05,2025-03-24,2025-04-21,2025-04-21,71,64,7
PO010314,S013,P0304,W01,2026-03-26,2026-04-24,2026-04-23,30,29,0
PO010315,S024,P0145,W02,2026-06-27,2026-07-31,2026-07-29,27,24,2
PO010316,S024,P0175,W05,2025-06-08,2025-07-10,2025-07-08,65,62,3
PO010317,S001,P0046,W03,2025-03-15,2025-03-22,2025-03-22,83,82,1
PO010318,S026,P0228,W02,2025-12-30,2026-01-17,2026-01-26,58,53,5
PO010319,S008,P0040,W10,2026-03-13,2026-03-22,2026-03-22,102,95,5
PO010320,S035,P0067,W15,2025-12-18,2026-01-02,2025-12-31,90,81,9
PO010321,S017,P0352,W05,2026-03-02,2026-04-03,2026-04-09,58,56,2
PO010322,S010,P0255,W14,2025-11-14,2025-12-16,2025-12-16,60,54,5
PO010323,S030,P0161,W09,2025-03-28,2025-04-14,2025-04-12,34,30,3
PO010324,S031,P0279,W06,2025-01-27,2025-02-19,2025-02-19,81,74,7
PO010325,S010,P0311,W12,2025-05-27,2025-06-30,2025-06-30,66,60,5
PO010326,S031,P0367,W05,2025-05-19,2025-06-01,2025-05-31,106,93,9
PO010327,S006,P0135,W06,2026-01-08,2026-01-22,2026-01-20,60,55,2
PO010328,S011,P0048,W12,2025-10-22,2025-11-09,2025-11-07,28,27,0
PO010329,S005,P0360,W08,2025-01-18,2025-02-06,2025-02-06,22,21,0
PO010330,S003,P0290,W13,2025-02-10,2025-03-01,2025-03-10,24,24,0
PO010331,S035,P0314,W07,2026-05-04,2026-05-18,2026-05-17,23,20,2
PO010332,S021,P0286,W01,2026-03-05,2026-03-08,2026-03-08,65,57,6
PO010333,S037,P0199,W11,2025-07-30,2025-08-08,2025-08-06,107,103,2
PO010334,S032,P0317,W10,2025-03-31,2025-04-22,2025-04-22,33,32,1
PO010335,S023,P0084,W13,2025-09-18,2025-09-27,2025-09-26,101,90,8
PO010336,S022,P0022,W08,2026-05-17,2026-05-25,2026-05-24,16,15,1
PO010337,S003,P0303,W13,2025-12-13,2026-01-03,2026-01-02,71,68,0
PO010338,S039,P0188,W01,2026-06-26,2026-07-13,2026-07-11,73,68,5
PO010339,S026,P0296,W14,2026-05-03,2026-05-16,2026-05-15,100,85,10
PO010340,S038,P0097,W02,2025-09-29,2025-10-18,2025-10-17,57,53,4
PO010341,S021,P0008,W02,2026-03-11,2026-03-14,2026-03-14,122,110,12
PO010342,S015,P0042,W09,2026-06-13,2026-06-21,2026-06-19,38,33,5
PO010343,S039,P0059,W04,2025-03-12,2025-03-30,2025-03-30,76,69,4
PO010344,S029,P0275,W10,2025-03-13,2025-03-22,2025-03-21,114,110,4
PO010345,S021,P0308,W06,2025-11-02,2025-11-06,2025-11-05,66,59,7
PO010346,S013,P0281,W13,2025-09-19,2025-10-20,2025-10-19,43,42,1
PO010347,S037,P0004,W02,2025-09-08,2025-09-18,2025-09-17,64,61,1
PO010348,S025,P0353,W08,2026-06-07,2026-07-02,2026-07-01,23,22,1
PO010349,S014,P0152,W04,2025-09-12,2025-09-22,2025-09-20,50,46,4
PO010350,S018,P0223,W13,2025-08-17,2025-09-06,2025-09-16,34,31,3
PO010351,S030,P0088,W03,2025-04-17,2025-04-26,2025-04-26,41,37,3
PO010352,S016,P0048,W03,2025-11-02,2025-11-17,2025-11-23,21,19,1
PO010353,S005,P0237,W09,2026-04-09,2026-04-26,2026-04-24,36,35,1
PO010354,S029,P0034,W11,2025-09-05,2025-09-17,2025-09-17,83,79,0
PO010355,S014,P0230,W14,2026-06-17,2026-06-24,2026-07-03,168,148,12
PO010356,S011,P0130,W10,2025-12-16,2025-12-26,2025-12-26,24,24,0
PO010357,S021,P0128,W09,2025-06-29,2025-07-02,2025-07-01,93,83,9
PO010358,S012,P0355,W11,2025-08-19,2025-09-24,2025-09-22,34,32,2
PO010359,S011,P0270,W09,2025-12-29,2026-01-09,2026-01-09,67,67,0
PO010360,S021,P0004,W14,2025-03-27,2025-03-30,2025-03-30,102,87,11
PO010361,S003,P0277,W14,2025-05-09,2025-05-25,2025-05-24,71,66,3
PO010362,S037,P0138,W04,2026-04-05,2026-04-14,2026-04-12,113,106,5
PO010363,S023,P0114,W07,2025-06-25,2025-07-06,2025-07-04,36,33,2
PO010364,S010,P0270,W02,2025-07-21,2025-08-16,2025-08-14,139,121,12
PO010365,S010,P0311,W14,2025-07-21,2025-08-20,2025-08-19,122,113,9
PO010366,S007,P0266,W08,2025-07-24,2025-08-13,2025-08-13,31,28,3
PO010367,S030,P0369,W05,2025-03-09,2025-03-12,2025-03-10,118,102,11
PO010368,S038,P0119,W02,2025-11-28,2025-12-21,2025-12-26,41,39,2
PO010369,S038,P0237,W07,2025-12-23,2026-01-19,2026-01-19,83,76,5
PO010370,S015,P0223,W14,2025-04-15,2025-05-13,2025-05-13,39,35,4
PO010371,S008,P0175,W03,2025-06-09,2025-06-20,2025-06-20,68,68,0
PO010372,S012,P0259,W07,2025-06-03,2025-07-06,2025-07-04,65,60,3
PO010373,S019,P0154,W05,2025-06-19,2025-07-18,2025-07-18,204,185,10
PO010374,S007,P0194,W03,2026-01-13,2026-02-07,2026-02-05,89,76,9
PO010375,S010,P0314,W10,2025-12-22,2026-01-07,2026-01-05,75,69,4
PO010376,S026,P0370,W02,2025-04-04,2025-04-20,2025-05-01,21,20,1
PO010377,S038,P0348,W05,2026-06-02,2026-06-25,2026-06-25,149,132,13
PO010378,S029,P0395,W03,2026-04-05,2026-04-10,2026-04-08,82,78,2
PO010379,S033,P0377,W10,2025-08-01,2025-09-08,2025-09-06,14,13,1
PO010380,S007,P0388,W09,2025-10-28,2025-11-20,2025-11-20,78,67,8
PO010381,S030,P0103,W06,2025-07-16,2025-07-29,2025-07-27,55,50,4
PO010382,S014,P0046,W10,2026-02-22,2026-03-06,2026-03-06,73,66,4
PO010383,S009,P0124,W05,2026-04-05,2026-05-01,2026-04-30,40,38,1
PO010384,S022,P0319,W04,2025-04-05,2025-04-10,2025-04-16,216,197,10
PO010385,S023,P0273,W10,2025-12-22,2026-01-03,2026-01-01,133,119,10
PO010386,S016,P0064,W14,2025-03-30,2025-04-15,2025-04-19,40,35,3
PO010387,S034,P0301,W12,2025-08-15,2025-08-20,2025-08-20,54,50,3
PO010388,S029,P0142,W12,2025-01-12,2025-01-16,2025-01-28,107,104,3
PO010389,S020,P0184,W09,2025-04-25,2025-05-09,2025-05-07,93,84,8
PO010390,S009,P0133,W09,2025-06-22,2025-06-30,2025-06-29,29,27,1
PO010391,S022,P0325,W12,2026-01-16,2026-02-09,2026-02-07,98,95,3
PO010392,S032,P0329,W07,2026-05-12,2026-06-05,2026-06-05,68,65,3
PO010393,S006,P0332,W06,2025-01-25,2025-02-04,2025-02-02,37,34,2
PO010394,S026,P0153,W14,2025-01-16,2025-01-29,2025-01-27,109,97,12
PO010395,S008,P0095,W15,2025-11-16,2025-11-30,2025-12-02,46,45,1
PO010396,S018,P0275,W14,2025-08-27,2025-09-25,2025-09-23,34,30,3
PO010397,S012,P0343,W03,2025-11-11,2025-12-11,2025-12-10,69,65,2
PO010398,S026,P0023,W13,2025-08-10,2025-08-31,2025-09-06,142,123,16
PO010399,S015,P0254,W13,2025-11-22,2025-11-30,2025-11-30,57,49,7
PO010400,S031,P0085,W11,2025-01-06,2025-01-20,2025-01-18,62,56,5
PO010401,S001,P0303,W01,2026-06-29,2026-07-09,2026-07-09,85,85,0
PO010402,S017,P0335,W08,2026-04-06,2026-04-25,2026-04-24,40,37,2
PO010403,S016,P0372,W06,2026-03-08,2026-03-19,2026-03-19,58,53,4
PO010404,S036,P0135,W15,2025-12-20,2026-01-25,2026-01-23,266,254,11
PO010405,S025,P0390,W08,2025-02-01,2025-03-01,2025-02-27,99,92,7
PO010406,S038,P0069,W15,2025-11-14,2025-11-26,2025-11-25,36,32,3
PO010407,S009,P0059,W09,2026-05-11,2026-06-02,2026-06-04,104,95,6
PO010408,S014,P0069,W15,2025-12-16,2025-12-29,2026-01-08,65,59,3
PO010409,S035,P0116,W13,2026-02-18,2026-03-10,2026-03-18,42,38,3
PO010410,S005,P0191,W08,2025-07-21,2025-08-08,2025-08-07,70,64,3
PO010411,S007,P0177,W03,2026-04-22,2026-05-23,2026-05-27,26,24,2
PO010412,S030,P0022,W08,2025-06-29,2025-07-13,2025-07-11,426,377,41
PO010413,S037,P0084,W11,2025-07-15,2025-07-18,2025-07-17,60,60,0
PO010414,S019,P0221,W06,2025-04-24,2025-05-07,2025-05-07,71,64,4
PO010415,S030,P0154,W03,2026-05-24,2026-05-31,2026-05-29,248,217,24
PO010416,S030,P0341,W08,2026-06-18,2026-07-08,2026-07-06,131,114,13
PO010417,S014,P0198,W01,2025-04-08,2025-04-13,2025-04-11,72,68,1
PO010418,S013,P0110,W09,2025-10-16,2025-11-08,2025-11-08,82,80,2
PO010419,S034,P0319,W08,2025-05-04,2025-05-22,2025-05-22,34,33,1
PO010420,S033,P0206,W08,2025-07-13,2025-08-08,2025-08-15,122,103,13
PO010421,S018,P0234,W05,2025-09-26,2025-10-17,2025-10-16,42,36,4
PO010422,S001,P0105,W08,2025-08-01,2025-08-07,2025-08-06,24,23,0
PO010423,S022,P0053,W10,2025-03-18,2025-04-03,2025-04-01,75,72,3
PO010424,S024,P0256,W08,2025-01-12,2025-02-17,2025-02-15,98,90,7
PO010425,S017,P0279,W08,2025-01-16,2025-02-18,2025-02-16,115,107,8
PO010426,S007,P0180,W08,2026-03-14,2026-04-01,2026-03-31,130,110,14
PO010427,S022,P0231,W15,2025-05-18,2025-06-07,2025-06-06,101,96,5
PO010428,S025,P0357,W14,2025-12-09,2026-01-02,2025-12-31,51,48,2
PO010429,S012,P0280,W06,2025-01-26,2025-02-23,2025-02-23,136,132,4
PO010430,S021,P0388,W10,2025-10-29,2025-11-03,2025-11-12,47,41,4
PO010431,S014,P0019,W09,2025-11-22,2025-11-28,2025-11-28,48,44,3
PO010432,S001,P0315,W09,2026-02-21,2026-03-11,2026-03-11,147,143,1
PO010433,S027,P0170,W10,2025-11-01,2025-11-29,2025-11-27,75,68,4
PO010434,S032,P0076,W13,2026-02-12,2026-03-02,2026-03-02,35,33,1
PO010435,S010,P0047,W15,2026-05-04,2026-06-02,2026-06-01,80,73,5
PO010436,S036,P0351,W06,2025-07-13,2025-08-22,2025-08-22,49,45,2
PO010437,S020,P0021,W08,2025-01-06,2025-01-29,2025-01-29,95,89,6
PO010438,S030,P0339,W12,2025-08-04,2025-08-16,2025-08-15,58,51,5
PO010439,S005,P0309,W09,2025-11-08,2025-11-25,2025-11-25,130,119,5
PO010440,S030,P0288,W14,2026-01-28,2026-02-12,2026-02-10,61,56,5
PO010441,S039,P0200,W07,2026-03-17,2026-04-08,2026-04-08,151,142,8
PO010442,S016,P0355,W01,2025-07-30,2025-08-12,2025-08-10,97,85,8
PO010443,S020,P0293,W03,2025-06-19,2025-07-02,2025-06-30,108,94,10
PO010444,S016,P0393,W07,2026-03-07,2026-03-21,2026-03-30,57,53,4
PO010445,S023,P0015,W13,2025-12-04,2025-12-20,2025-12-18,41,36,4
PO010446,S018,P0357,W07,2026-03-25,2026-04-10,2026-04-09,23,22,1
PO010447,S007,P0186,W13,2025-07-13,2025-08-12,2025-08-11,86,78,8
PO010448,S004,P0050,W11,2026-06-20,2026-07-11,2026-07-10,47,43,3
PO010449,S029,P0356,W09,2026-03-30,2026-04-13,2026-04-11,48,45,1
PO010450,S016,P0376,W13,2025-01-16,2025-02-06,2025-02-06,96,85,7
PO010451,S028,P0199,W08,2025-12-26,2026-01-18,2026-01-17,29,26,2
PO010452,S031,P0184,W13,2025-05-31,2025-06-11,2025-06-11,154,141,10
PO010453,S036,P0294,W06,2025-06-13,2025-07-20,2025-07-18,132,122,4
PO010454,S005,P0300,W12,2025-04-30,2025-05-24,2025-05-24,80,79,1
PO010455,S028,P0272,W08,2025-03-19,2025-04-13,2025-04-15,48,44,2
PO010456,S040,P0351,W14,2025-08-05,2025-08-18,2025-08-18,80,73,3
PO010457,S037,P0206,W12,2025-05-15,2025-05-30,2025-05-28,67,64,1
PO010458,S035,P0230,W13,2025-05-07,2025-05-17,2025-05-17,74,67,6
PO010459,S032,P0127,W10,2025-02-15,2025-03-01,2025-03-01,73,70,0
PO010460,S039,P0293,W12,2025-06-08,2025-07-05,2025-07-05,71,67,2
PO010461,S014,P0207,W03,2025-08-18,2025-08-28,2025-08-28,56,50,4
PO010462,S037,P0080,W10,2025-06-07,2025-06-16,2025-06-18,84,80,0
PO010463,S029,P0060,W07,2026-06-27,2026-06-30,2026-06-30,73,69,2
PO010464,S034,P0236,W13,2025-04-08,2025-04-18,2025-04-17,57,54,2
PO010465,S004,P0350,W04,2025-04-08,2025-04-27,2025-05-04,39,36,3
PO010466,S026,P0228,W09,2025-02-23,2025-03-09,2025-03-09,136,117,13
PO010467,S003,P0253,W12,2025-05-02,2025-05-23,2025-05-21,43,40,2
PO010468,S036,P0349,W04,2026-04-02,2026-04-27,2026-05-04,79,72,4
PO010469,S033,P0324,W04,2026-01-15,2026-02-19,2026-02-18,33,31,2
PO010470,S001,P0118,W05,2026-01-30,2026-02-06,2026-02-11,29,29,0
PO010471,S029,P0238,W06,2025-08-05,2025-08-15,2025-08-14,77,72,3
PO010472,S022,P0238,W09,2025-08-12,2025-08-29,2025-08-28,64,62,2
PO010473,S038,P0043,W11,2025-08-03,2025-08-22,2025-08-21,259,240,19
PO010474,S005,P0090,W12,2026-01-27,2026-02-18,2026-02-16,52,49,1
PO010475,S039,P0299,W10,2025-09-22,2025-10-08,2025-10-06,60,55,2
PO010476,S006,P0028,W15,2025-12-29,2026-01-01,2025-12-30,256,241,10
PO010477,S030,P0030,W09,2025-05-04,2025-05-16,2025-05-15,51,47,4
PO010478,S036,P0338,W05,2025-12-11,2026-01-11,2026-01-20,23,21,1
PO010479,S013,P0175,W03,2026-06-11,2026-07-14,2026-07-24,19,19,0
PO010480,S004,P0152,W06,2026-02-17,2026-03-15,2026-03-13,124,107,11
PO010481,S009,P0135,W09,2025-01-17,2025-02-05,,34,32,2
PO010482,S011,P0037,W15,2025-01-19,2025-02-02,2025-01-31,30,29,1
PO010483,S038,P0356,W03,2025-02-03,2025-02-21,2025-03-04,152,134,13
PO010484,S004,P0210,W12,2025-10-09,2025-10-27,2025-10-26,41,35,4
PO010485,S020,P0015,W13,2025-03-30,2025-04-18,2025-04-18,50,45,5
PO010486,S030,P0231,W11,2026-02-07,2026-02-20,2026-03-02,202,177,20
PO010487,S037,P0280,W11,2025-06-25,2025-07-06,2025-07-14,68,65,0
PO010488,S014,P0258,W08,2026-01-10,2026-01-25,2026-01-23,29,28,1
PO010489,S027,P0276,W08,2025-08-06,2025-09-11,2025-09-11,118,102,13
PO010490,S005,P0141,W10,2025-08-07,2025-08-17,2025-08-17,22,22,0
PO010491,S017,P0096,W08,2025-01-06,2025-02-05,2025-02-03,93,88,5
PO010492,S017,P0129,W04,2025-06-26,2025-07-11,2025-07-12,26,24,1
PO010493,S007,P0084,W14,2025-08-27,2025-09-28,2025-09-27,61,52,7
PO010494,S034,P0175,W15,2025-05-30,2025-06-09,2025-06-09,34,33,1
PO010495,S019,P0074,W06,2025-11-17,2025-12-06,2025-12-04,136,127,6
PO010496,S030,P0172,W01,2025-10-02,2025-10-16,2025-10-23,84,74,7
PO010497,S018,P0044,W09,2025-03-03,2025-03-28,2025-03-26,172,149,20
PO010498,S031,P0092,W15,2026-03-06,2026-04-01,2026-04-01,83,73,6
PO010499,S020,P0121,W03,2025-03-11,2025-03-27,2025-04-01,23,21,1
PO010500,S036,P0080,W15,2026-03-09,2026-03-30,2026-04-06,119,108,9
PO010501,S031,P0273,W04,2025-04-29,2025-05-20,2025-05-19,134,115,14
PO010502,S011,P0104,W13,2025-03-11,2025-03-16,2025-03-15,64,62,0
PO010503,S024,P0056,W14,2025-04-08,2025-05-22,2025-05-22,51,45,4
PO010504,S009,P0120,W02,2025-03-20,2025-04-12,2025-04-11,50,48,1
PO010505,S038,P0117,W02,2025-06-28,2025-07-26,2025-07-24,28,26,1
PO010506,S031,P0022,W13,2026-06-29,2026-07-20,2026-07-18,145,131,11
PO010507,S023,P0041,W03,2025-06-04,2025-06-21,2025-06-26,33,30,2
PO010508,S008,P0308,W02,2025-01-29,2025-02-10,2025-02-08,36,34,1
PO010509,S018,P0157,W11,2025-07-18,2025-08-13,2025-08-13,15,13,1
PO010510,S005,P0154,W14,2025-06-02,2025-06-26,2025-06-25,147,145,2
PO010511,S001,P0034,W01,2025-01-04,2025-01-13,2025-01-12,69,66,2
PO010512,S030,P0287,W01,2025-06-06,2025-06-29,2025-06-29,59,53,5
PO010513,S027,P0189,W02,2025-09-16,2025-10-19,2025-10-20,11,10,1
PO010514,S023,P0283,W06,2025-05-07,2025-05-19,2025-05-25,87,76,7
PO010515,S001,P0022,W11,2025-12-19,2025-12-28,2025-12-29,77,72,2
PO010516,S023,P0342,W02,2025-11-15,2025-11-22,2025-11-24,144,125,12
PO010517,S019,P0211,W03,2025-03-03,2025-03-19,2025-03-18,33,31,1
PO010518,S026,P0170,W06,2025-09-04,2025-09-18,2025-09-16,82,71,9
PO010519,S006,P0374,W14,2025-10-04,2025-10-07,2025-10-06,27,26,1
PO010520,S023,P0143,W02,2025-05-28,2025-06-08,2025-06-08,99,86,9
PO010521,S033,P0286,W09,2025-06-15,2025-07-21,2025-07-31,40,37,3
PO010522,S016,P0033,W04,2025-04-05,2025-04-19,2025-04-18,58,53,3
PO010523,S017,P0339,W03,2026-03-01,2026-03-27,2026-03-25,55,51,4
PO010524,S001,P0377,W12,2025-06-20,2025-06-23,2025-07-05,40,38,1
PO010525,S029,P0186,W01,2025-11-16,2025-11-22,2025-11-22,219,215,4
PO010526,S033,P0309,W10,2025-05-06,2025-06-17,2025-06-16,46,41,3
PO010527,S002,P0371,W13,2026-06-08,2026-07-07,2026-07-06,17,15,1
PO010528,S002,P0258,W01,2025-10-19,2025-11-14,2025-11-12,104,94,5
PO010529,S032,P0133,W12,2026-06-02,2026-06-20,2026-06-19,69,66,2
PO010530,S026,P0287,W10,2025-12-12,2025-12-22,2025-12-22,77,68,7
PO010531,S029,P0398,W03,2025-03-17,2025-03-26,2025-03-26,20,20,0
PO010532,S009,P0016,W14,2025-09-22,2025-10-05,2025-10-03,23,23,0
PO010533,S016,P0366,W13,2026-01-02,2026-01-16,2026-01-16,34,32,2
PO010534,S006,P0085,W06,2026-02-24,2026-03-02,2026-03-01,24,23,0
PO010535,S033,P0163,W15,2025-06-20,2025-07-28,2025-07-27,57,50,5
PO010536,S034,P0203,W09,2025-12-14,2025-12-30,2025-12-29,37,35,2
PO010537,S012,P0128,W06,2025-01-22,2025-02-17,2025-02-16,163,152,10
PO010538,S008,P0130,W09,2026-06-30,2026-07-04,2026-07-03,42,40,2
PO010539,S007,P0114,W05,2026-02-01,2026-03-03,2026-03-01,80,70,8
PO010540,S010,P0175,W14,2026-06-08,2026-07-14,2026-07-14,119,108,7
PO010541,S018,P0337,W04,2025-09-09,2025-09-29,2025-09-29,39,35,4
PO010542,S011,P0292,W13,2025-05-14,2025-05-28,2025-05-26,67,63,1
PO010543,S036,P0251,W04,2025-04-29,2025-05-24,2025-05-29,167,150,11
PO010544,S035,P0092,W10,2026-06-03,2026-06-29,2026-06-27,126,112,12
PO010545,S035,P0171,W13,2025-12-03,2025-12-14,2025-12-14,50,47,3
PO010546,S010,P0040,W10,2025-06-18,2025-07-16,2025-07-14,22,20,2
PO010547,S030,P0199,W03,2026-03-10,2026-03-29,2026-04-02,123,112,9
PO010548,S012,P0209,W05,2026-01-27,2026-02-28,2026-02-27,215,208,6
PO010549,S037,P0158,W02,2025-02-11,2025-02-18,2025-02-17,41,39,2
PO010550,S032,P0199,W11,2025-01-14,2025-02-05,2025-02-12,93,88,2
PO010551,S017,P0215,W15,2025-03-17,2025-04-11,2025-04-11,73,67,3
PO010552,S037,P0066,W01,2026-03-13,2026-03-16,2026-03-15,96,92,2
PO010553,S035,P0331,W08,2026-01-01,2026-01-09,2026-01-09,37,34,3
PO010554,S038,P0207,W04,2025-01-31,2025-02-20,2025-03-02,70,64,4
PO010555,S001,P0045,W03,2026-02-16,2026-02-19,2026-02-18,65,63,1
PO010556,S005,P0382,W11,2025-05-04,2025-05-14,2025-05-13,15,14,0
PO010557,S016,P0395,W05,2026-03-03,2026-03-24,2026-03-22,49,45,3
PO010558,S040,P0288,W06,2026-04-21,2026-04-25,2026-04-25,22,22,0
PO010559,S023,P0070,W13,2025-10-21,2025-11-02,2025-10-31,87,81,5
PO010560,S031,P0267,W15,2025-06-18,2025-07-06,2025-07-04,68,63,5
PO010561,S038,P0130,W08,2026-04-25,2026-05-16,2026-05-15,55,52,3
PO010562,S022,P0210,W10,2025-05-25,2025-06-13,2025-06-13,38,36,1
PO010563,S008,P0288,W15,2025-10-03,2025-10-25,2025-10-24,69,66,2
PO010564,S038,P0194,W07,2026-02-24,2026-03-21,2026-03-21,35,33,2
PO010565,S016,P0043,W01,2025-02-11,2025-03-03,2025-03-01,65,59,5
PO010566,S039,P0186,W12,2026-01-01,2026-01-20,2026-01-18,27,26,1
PO010567,S034,P0295,W12,2025-04-09,2025-04-21,2025-04-21,82,76,4
PO010568,S001,P0131,W01,2025-12-22,2025-12-25,2025-12-24,135,132,0
PO010569,S032,P0287,W07,2025-02-03,2025-02-18,2025-02-17,211,201,4
PO010570,S026,P0334,W04,2025-01-01,2025-01-19,2025-01-21,54,48,6
PO010571,S037,P0233,W15,2026-06-23,2026-06-27,2026-06-26,145,135,4
PO010572,S021,P0099,W09,2025-03-08,2025-03-19,2025-03-17,109,97,10
PO010573,S032,P0165,W15,2025-04-17,2025-05-08,2025-05-09,76,72,1
PO010574,S010,P0195,W13,2026-01-21,2026-02-17,2026-02-15,32,30,2
PO010575,S010,P0337,W15,2025-03-09,2025-03-31,2025-03-31,65,58,5
PO010576,S018,P0069,W15,2026-01-16,2026-02-08,2026-02-07,70,61,7
PO010577,S036,P0322,W07,2025-04-01,2025-05-07,2025-05-06,144,137,3
PO010578,S037,P0332,W03,2026-03-12,2026-03-21,2026-03-20,81,77,0
PO010579,S015,P0013,W04,2025-06-23,2025-06-28,2025-06-26,11,9,1
PO010580,S017,P0400,W04,2025-07-11,2025-08-09,2025-08-08,65,58,4
PO010581,S010,P0033,W01,2025-04-23,2025-05-22,2025-05-21,44,38,4
PO010582,S037,P0353,W09,2026-03-24,2026-03-27,2026-03-25,68,63,2
PO010583,S035,P0114,W04,2025-03-15,2025-03-27,2025-03-25,121,106,13
PO010584,S019,P0145,W12,2025-05-29,2025-06-16,2025-06-14,70,67,2
PO010585,S022,P0125,W14,2025-06-01,2025-06-10,2025-06-14,74,69,3
PO010586,S014,P0265,W13,2025-07-30,2025-08-10,2025-08-09,29,27,1
PO010587,S003,P0104,W08,2025-05-15,2025-06-11,2025-06-22,97,92,4
PO010588,S002,P0364,W10,2026-06-02,2026-06-26,2026-07-02,60,56,3
PO010589,S037,P0371,W09,2026-03-19,2026-04-02,2026-04-07,112,104,3
PO010590,S019,P0071,W15,2025-07-04,2025-07-16,2025-07-16,116,104,8
PO010591,S011,P0124,W10,2026-05-26,2026-06-10,2026-06-09,37,37,0
PO010592,S001,P0219,W15,2025-01-09,2025-01-14,2025-01-13,23,23,0
PO010593,S017,P0056,W02,2026-01-30,2026-02-28,2026-03-05,419,380,30
PO010594,S032,P0278,W10,2026-06-14,2026-06-29,2026-06-27,83,79,3
PO010595,S025,P0103,W05,2025-08-15,2025-09-06,2025-09-06,27,26,1
PO010596,S021,P0352,W15,2025-11-14,2025-11-30,2025-11-29,66,60,3
PO010597,S008,P0146,W12,2026-02-25,2026-03-09,2026-03-21,77,70,4
PO010598,S037,P0223,W02,2026-02-02,2026-02-07,2026-02-07,67,63,2
PO010599,S007,P0124,W05,2025-05-21,2025-06-22,2025-06-22,29,25,3
PO010600,S008,P0316,W15,2025-10-30,2025-11-15,2025-11-26,74,71,2
PO010601,S005,P0170,W13,2026-03-26,2026-04-09,2026-04-08,21,21,0
PO010602,S009,P0357,W11,2026-02-01,2026-02-19,2026-02-19,73,66,4
PO010603,S027,P0351,W10,2025-11-10,2025-12-21,2025-12-20,75,69,6
PO010604,S027,P0284,W01,2026-01-30,2026-03-02,2026-03-01,50,45,4
PO010605,S014,P0240,W12,2025-05-19,2025-05-28,2025-06-03,51,47,4
PO010606,S027,P0292,W05,2025-12-22,2026-01-28,2026-01-30,72,65,5
PO010607,S029,P0016,W02,2025-12-04,2025-12-07,2025-12-06,89,84,3
PO010608,S018,P0227,W10,2025-09-08,2025-10-08,2025-10-08,43,37,4
PO010609,S010,P0123,W13,2025-01-14,2025-02-14,2025-02-16,26,25,1
PO010610,S036,P0124,W13,2026-06-30,2026-08-01,2026-07-31,113,107,5
PO010611,S015,P0082,W12,2026-02-03,2026-02-21,2026-02-20,141,127,13
PO010612,S011,P0252,W08,2025-05-22,2025-06-06,2025-06-04,60,57,0
PO010613,S011,P0290,W08,2025-11-26,2025-12-12,2025-12-12,118,116,2
PO010614,S024,P0066,W14,2025-09-07,2025-10-15,2025-10-15,126,110,10
PO010615,S010,P0384,W12,2026-04-10,2026-05-11,2026-05-11,18,17,1
PO010616,S006,P0269,W04,2025-02-24,2025-02-27,2025-02-27,113,104,6
PO010617,S012,P0146,W04,2026-01-13,2026-02-12,2026-02-10,43,39,2
PO010618,S002,P0088,W11,2025-05-16,2025-06-08,2025-06-11,114,102,8
PO010619,S036,P0094,W02,2025-10-14,2025-11-21,2025-11-19,51,49,2
PO010620,S007,P0360,W12,2025-08-05,2025-09-01,2025-09-07,47,40,5
PO010621,S029,P0326,W06,2026-04-12,2026-04-15,2026-04-23,196,187,5
PO010622,S027,P0347,W06,2025-04-22,2025-05-29,2025-05-27,31,28,2
PO010623,S013,P0024,W13,2026-03-13,2026-04-10,2026-04-10,67,65,1
PO010624,S038,P0399,W10,2026-04-05,2026-04-27,2026-04-29,90,85,4
PO010625,S001,P0216,W03,2025-08-30,2025-09-02,2025-09-07,44,42,1
PO010626,S022,P0291,W02,2025-02-22,2025-03-09,2025-03-11,127,117,7
PO010627,S023,P0234,W02,2025-01-17,2025-01-20,2025-01-19,129,116,11
PO010628,S018,P0054,W08,2026-01-10,2026-02-11,2026-02-10,30,27,2
PO010629,S001,P0277,W11,2026-03-08,2026-03-15,2026-03-13,55,54,0
PO010630,S009,P0064,W13,2026-05-31,2026-06-28,2026-06-27,89,83,4
PO010631,S014,P0356,W01,2025-02-01,2025-02-08,2025-02-08,129,122,7
PO010632,S040,P0060,W12,2026-05-18,2026-05-30,2026-05-29,82,77,2
PO010633,S008,P0189,W12,2025-02-08,2025-02-23,2025-02-27,49,47,1
PO010634,S026,P0224,W10,2025-08-21,2025-09-04,2025-09-04,70,61,7
PO010635,S019,P0396,W08,2025-01-26,2025-02-10,2025-02-17,75,70,3
PO010636,S016,P0001,W11,2025-02-20,2025-02-28,2025-02-26,46,40,5
PO010637,S014,P0114,W14,2025-10-05,2025-10-12,2025-10-11,40,36,3
PO010638,S012,P0354,W13,2026-01-26,2026-03-01,2026-03-01,56,52,3
PO010639,S037,P0212,W07,2025-12-17,2025-12-27,2026-01-08,72,68,2
PO010640,S017,P0291,W10,2026-01-24,2026-02-24,2026-02-23,51,47,3
PO010641,S014,P0230,W10,2025-04-21,2025-04-29,2025-04-28,29,28,1
PO010642,S006,P0075,W11,2025-02-11,2025-02-14,2025-02-13,80,74,3
PO010643,S038,P0277,W01,2026-04-27,2026-05-14,2026-05-24,41,36,3
PO010644,S040,P0326,W12,2026-05-12,2026-05-24,2026-05-22,81,79,1
PO010645,S009,P0109,W02,2025-07-29,2025-08-15,2025-08-13,81,75,5
PO010646,S026,P0034,W10,2026-03-12,2026-04-01,2026-04-04,70,62,5
PO010647,S019,P0159,W13,2026-04-12,2026-05-08,2026-05-06,164,150,10
PO010648,S016,P0103,W15,2025-05-23,2025-06-15,2025-06-14,276,247,20
PO010649,S003,P0147,W10,2025-09-15,2025-10-14,2025-10-12,32,30,1
PO010650,S010,P0091,W05,2025-08-22,2025-09-21,2025-09-19,38,35,2
PO010651,S012,P0116,W11,2025-03-27,2025-04-29,2025-05-02,97,92,5
PO010652,S023,P0098,W14,2025-06-03,2025-06-08,2025-06-09,123,110,9
PO010653,S008,P0380,W04,2026-02-15,2026-02-24,2026-02-22,160,148,9
PO010654,S032,P0258,W10,2025-04-06,2025-04-18,2025-04-18,82,77,3
PO010655,S014,P0381,W01,2026-05-14,2026-06-03,2026-06-05,103,97,6
PO010656,S023,P0051,W07,2025-02-26,2025-03-09,2025-03-09,51,47,4
PO010657,S022,P0140,W05,2026-06-13,2026-06-21,2026-06-20,41,40,0
PO010658,S036,P0331,W12,2025-07-26,2025-08-26,2025-08-26,52,48,3
PO010659,S018,P0097,W01,2026-03-20,2026-04-11,2026-04-10,92,79,10
PO010660,S031,P0047,W09,2025-06-08,2025-06-24,2025-06-22,90,82,7
PO010661,S023,P0038,W13,2025-01-22,2025-02-07,2025-02-05,84,77,5
PO010662,S030,P0316,W08,2026-04-25,2026-05-13,2026-05-15,168,151,12
PO010663,S002,P0293,W06,2026-05-15,2026-06-14,2026-06-14,107,97,7
PO010664,S006,P0261,W14,2025-09-09,2025-09-17,2025-09-15,94,88,6
PO010665,S037,P0045,W15,2025-10-21,2025-10-24,2025-10-23,114,106,3
PO010666,S028,P0321,W12,2025-01-19,2025-02-19,2025-02-18,82,74,7
PO010667,S021,P0102,W09,2026-04-27,2026-04-30,2026-04-29,71,61,7
PO010668,S035,P0208,W14,2025-12-04,2025-12-17,2025-12-15,88,78,8
PO010669,S025,P0244,W10,2025-12-18,2026-01-13,2026-01-19,97,88,5
PO010670,S032,P0391,W09,2025-07-25,2025-08-18,2025-08-16,124,120,1
PO010671,S038,P0048,W06,2025-11-15,2025-12-04,2025-12-03,20,19,1
PO010672,S036,P0092,W14,2025-11-12,2025-12-15,2025-12-26,80,76,4
PO010673,S013,P0187,W10,2025-01-20,2025-02-17,2025-02-17,85,79,3
PO010674,S038,P0094,W12,2025-04-26,2025-05-24,2025-05-23,218,198,20
PO010675,S034,P0289,W14,2025-02-24,2025-02-28,2025-02-28,234,219,12
PO010676,S010,P0086,W05,2026-06-14,2026-07-11,2026-07-09,25,23,2
PO010677,S014,P0332,W08,2025-01-24,2025-02-07,2025-02-07,118,110,6
PO010678,S023,P0129,W11,2026-02-28,2026-03-14,,160,140,12
PO010679,S026,P0286,W03,2026-05-21,2026-06-06,2026-06-12,153,135,18
PO010680,S032,P0317,W07,2025-06-12,2025-06-27,2025-06-26,41,39,1
PO010681,S032,P0186,W11,2026-03-20,2026-04-10,2026-04-08,66,65,1
PO010682,S031,P0327,W07,2025-01-29,2025-02-13,2025-02-11,168,159,8
PO010683,S030,P0108,W08,2025-01-06,2025-01-17,2025-01-29,40,38,2
PO010684,S014,P0366,W03,2025-12-15,2025-12-25,2026-01-04,82,77,4
PO010685,S023,P0278,W14,2025-11-03,2025-11-17,2025-11-17,24,22,1
PO010686,S034,P0335,W12,2026-06-09,2026-06-12,2026-06-23,49,46,2
PO010687,S033,P0277,W11,2025-04-28,2025-05-26,2025-06-02,64,58,5
PO010688,S024,P0256,W10,2026-01-30,2026-03-03,2026-03-02,122,112,7
PO010689,S010,P0146,W01,2026-05-19,2026-06-12,2026-06-10,90,80,7
PO010690,S033,P0109,W05,2026-02-06,2026-03-19,2026-03-18,38,35,2
PO010691,S028,P0391,W03,2025-10-01,2025-11-02,2025-10-31,55,51,4
PO010692,S019,P0106,W03,2025-11-09,2025-12-02,2025-12-01,87,81,3
PO010693,S005,P0164,W08,2025-05-04,2025-05-27,2025-05-26,52,51,1
PO010694,S001,P0206,W13,2025-12-26,2025-12-30,2025-12-28,37,36,1
PO010695,S019,P0290,W05,2025-07-25,2025-08-18,2025-08-17,69,64,4
PO010696,S034,P0050,W04,2025-01-16,2025-01-26,2025-01-29,97,89,5
PO010697,S006,P0076,W08,2025-12-05,2025-12-08,2025-12-07,90,88,1
PO010698,S026,P0394,W05,2026-04-20,2026-05-03,2026-05-13,85,77,7
PO010699,S001,P0097,W12,2025-06-19,2025-06-30,2025-06-28,27,27,0
PO010700,S004,P0254,W04,2025-12-19,2026-01-02,2026-01-04,157,137,13
PO010701,S030,P0320,W04,2025-09-01,2025-09-15,2025-09-15,29,27,2
PO010702,S031,P0025,W10,2025-11-02,2025-12-05,2025-12-08,53,49,2
PO010703,S029,P0102,W01,2025-04-11,2025-04-15,2025-04-14,77,72,3
PO010704,S001,P0273,W13,2025-10-16,2025-10-19,2025-10-22,43,40,1
PO010705,S029,P0010,W13,2025-01-19,2025-02-03,2025-02-02,187,186,1
PO010706,S010,P0259,W14,2025-08-11,2025-09-09,2025-09-07,103,91,9
PO010707,S027,P0106,W14,2025-01-20,2025-02-20,2025-02-20,95,85,6
PO010708,S038,P0295,W04,2026-01-31,2026-02-25,2026-02-25,148,132,15
PO010709,S010,P0060,W01,2025-11-01,2025-11-24,2025-12-01,62,54,5
PO010710,S035,P0156,W12,2025-07-05,2025-07-22,2025-07-21,206,186,19
PO010711,S010,P0252,W10,2026-02-19,2026-03-12,2026-03-14,29,26,2
PO010712,S039,P0302,W13,2025-03-07,2025-03-29,2025-04-07,55,52,1
PO010713,S022,P0333,W13,2026-02-09,2026-03-04,2026-03-04,17,17,0
PO010714,S014,P0239,W01,2026-05-16,2026-05-19,2026-05-17,118,108,5
PO010715,S003,P0050,W14,2025-08-07,2025-09-12,2025-09-10,212,203,7
PO010716,S010,P0340,W05,2025-01-09,2025-02-09,2025-02-07,33,30,3
PO010717,S008,P0281,W02,2025-01-27,2025-02-05,2025-02-05,149,139,7
PO010718,S002,P0153,W02,2025-02-13,2025-03-08,2025-03-06,48,45,3
PO010719,S021,P0369,W04,2025-12-07,2025-12-13,2025-12-12,57,49,6
PO010720,S039,P0156,W08,2025-04-12,2025-05-06,2025-05-04,88,84,3
PO010721,S018,P0113,W13,2025-08-20,2025-09-05,2025-09-07,67,58,7
PO010722,S017,P0127,W03,2025-05-08,2025-05-31,2025-05-29,66,61,3
PO010723,S018,P0332,W04,2026-06-25,2026-07-18,2026-07-18,80,75,5
PO010724,S038,P0184,W02,2026-02-12,2026-03-05,2026-03-04,51,47,4
PO010725,S022,P0213,W02,2025-10-03,2025-10-13,2025-10-13,259,246,11
PO010726,S013,P0145,W15,2026-05-02,2026-05-20,2026-05-20,61,56,2
PO010727,S039,P0158,W11,2025-10-20,2025-11-12,2025-11-11,40,37,1
PO010728,S006,P0376,W09,2025-08-31,2025-09-15,2025-09-13,47,45,1
PO010729,S024,P0226,W02,2025-11-29,2025-12-28,2025-12-28,157,144,12
PO010730,S002,P0347,W07,2025-09-29,2025-10-31,2025-10-31,83,78,5
PO010731,S024,P0218,W04,2026-03-12,2026-04-20,2026-04-19,99,88,7
PO010732,S016,P0096,W09,2026-04-23,2026-05-12,2026-05-11,48,45,3
PO010733,S020,P0151,W02,2025-08-24,2025-09-02,2025-09-08,130,115,13
PO010734,S004,P0286,W01,2025-01-15,2025-02-03,2025-02-02,96,82,10
PO010735,S008,P0381,W02,2025-07-21,2025-08-06,2025-08-05,101,91,5
PO010736,S010,P0156,W14,2025-05-31,2025-06-17,2025-06-17,285,256,18
PO010737,S033,P0144,W07,2025-12-31,2026-01-24,2026-01-24,51,47,3
PO010738,S017,P0339,W14,2025-12-07,2026-01-02,2026-01-02,29,28,1
PO010739,S027,P0022,W12,2025-02-20,2025-03-27,2025-03-30,17,16,1
PO010740,S039,P0246,W02,2026-04-25,2026-05-17,2026-05-15,32,29,2
PO010741,S013,P0158,W02,2025-12-12,2026-01-19,2026-01-18,20,19,0
PO010742,S008,P0099,W05,2025-05-10,2025-05-13,2025-05-22,140,130,5
PO010743,S018,P0313,W12,2026-03-19,2026-04-15,2026-04-15,41,37,4
PO010744,S024,P0204,W13,2026-01-14,2026-02-10,2026-02-17,133,115,12
PO010745,S009,P0099,W08,2026-04-14,2026-05-06,2026-05-04,30,28,2
PO010746,S015,P0376,W06,2025-09-06,2025-09-26,2025-10-05,161,137,20
PO010747,S014,P0062,W06,2026-03-07,2026-03-22,2026-04-01,19,18,1
PO010748,S013,P0070,W02,2025-01-11,2025-02-08,2025-02-08,20,20,0
PO010749,S014,P0107,W15,2025-08-20,2025-08-23,2025-08-22,62,58,4
PO010750,S031,P0106,W12,2025-07-02,2025-07-21,2025-07-20,52,49,3
PO010751,S037,P0078,W14,2025-04-22,2025-04-25,2025-04-27,100,95,2
PO010752,S028,P0181,W10,2025-07-10,2025-07-23,2025-07-23,49,47,2
PO010753,S034,P0262,W02,2026-04-05,2026-04-18,2026-04-18,110,98,7
PO010754,S005,P0356,W07,2025-05-21,2025-06-21,2025-06-20,67,63,3
PO010755,S039,P0259,W01,2026-05-02,2026-05-24,2026-05-23,29,28,1
PO010756,S029,P0306,W04,2026-04-25,2026-05-03,2026-05-03,37,34,2
PO010757,S039,P0200,W10,2025-12-07,2025-12-30,2025-12-28,18,18,0
PO010758,S010,P0064,W06,2026-01-27,2026-02-28,2026-02-28,101,90,9
PO010759,S003,P0167,W04,2026-05-15,2026-06-02,2026-06-01,72,67,2
PO010760,S034,P0344,W15,2026-01-30,2026-02-06,2026-02-14,24,22,1
PO010761,S026,P0009,W15,2026-03-19,2026-04-13,2026-04-13,75,67,8
PO010762,S011,P0048,W03,2026-04-15,2026-05-06,2026-05-04,11,11,0
PO010763,S014,P0252,W10,2026-06-03,2026-06-06,2026-06-04,116,109,7
PO010764,S030,P0328,W15,2025-09-20,2025-10-07,2025-10-07,61,55,5
PO010765,S015,P0132,W15,2025-10-24,2025-11-17,2025-11-15,80,69,8
PO010766,S017,P0188,W15,2025-09-19,2025-10-01,2025-10-10,142,130,6
PO010767,S008,P0277,W06,2025-01-01,2025-01-11,2025-01-09,82,76,3
PO010768,S035,P0383,W10,2025-09-06,2025-09-27,2025-09-26,154,141,13
PO010769,S025,P0294,W10,2025-08-04,2025-09-02,2025-09-02,34,33,1
PO010770,S021,P0278,W08,2026-05-19,2026-05-22,2026-05-22,70,61,7
PO010771,S019,P0257,W08,2025-12-24,2026-01-10,2026-01-10,19,19,0
PO010772,S036,P0028,W12,2025-04-01,2025-05-09,2025-05-20,55,54,1
PO010773,S021,P0374,W04,2025-02-14,2025-02-18,2025-02-22,157,134,16
PO010774,S026,P0287,W06,2025-02-25,2025-03-21,2025-03-21,131,112,13
PO010775,S008,P0132,W14,2025-11-19,2025-12-01,2025-11-30,32,30,1
PO010776,S015,P0223,W14,2025-11-28,2025-12-10,2025-12-10,33,29,3
PO010777,S038,P0396,W08,2025-06-10,2025-07-04,2025-07-02,100,90,8
PO010778,S027,P0016,W10,2025-04-17,2025-05-19,2025-05-19,264,233,23
PO010779,S024,P0254,W04,2025-06-03,2025-07-15,2025-07-15,39,35,3
PO010780,S023,P0363,W07,2025-12-21,2026-01-08,2026-01-18,256,226,21
PO010781,S029,P0387,W07,2026-04-03,2026-04-17,2026-04-16,47,45,2
PO010782,S032,P0308,W13,2025-01-23,2025-02-07,2025-02-05,64,60,2
PO010783,S019,P0099,W09,2025-06-17,2025-06-29,2025-06-27,86,78,5
PO010784,S016,P0316,W06,2026-01-18,2026-02-06,2026-02-05,135,127,8
PO010785,S040,P0080,W07,2025-01-17,2025-02-04,2025-02-02,48,46,0
PO010786,S013,P0359,W11,2025-05-26,2025-06-25,2025-07-04,70,67,2
PO010787,S035,P0283,W10,2025-07-31,2025-08-13,2025-08-13,27,23,3
PO010788,S040,P0020,W13,2025-03-28,2025-04-07,2025-04-07,71,68,2
PO010789,S006,P0161,W12,2025-04-23,2025-04-26,2025-04-26,41,40,1
PO010790,S015,P0295,W05,2025-07-21,2025-08-08,2025-08-09,92,80,11
PO010791,S008,P0319,W04,2025-01-31,2025-02-17,2025-02-17,70,66,3
PO010792,S027,P0014,W14,2026-02-08,2026-03-08,2026-03-08,57,50,5
PO010793,S038,P0156,W03,2026-01-11,2026-01-29,2026-01-27,130,111,13
PO010794,S032,P0172,W15,2025-08-25,2025-09-06,2025-09-04,54,51,2
PO010795,S039,P0176,W02,2025-01-22,2025-02-14,2025-02-13,599,566,21
PO010796,S022,P0192,W11,2026-02-02,2026-02-05,2026-02-04,25,25,0
PO010797,S032,P0033,W13,2025-03-17,2025-03-27,2025-03-27,31,29,1
PO010798,S030,P0033,W11,2025-02-21,2025-03-12,2025-03-10,61,53,5
PO010799,S017,P0215,W09,2025-09-14,2025-10-17,2025-10-15,105,95,8
PO010800,S036,P0344,W12,2025-05-07,2025-06-11,2025-06-09,44,42,2
PO010801,S029,P0223,W11,2025-01-20,2025-01-23,2025-01-28,116,109,2
PO010802,S016,P0382,W08,2026-05-26,2026-06-09,2026-06-16,220,199,14
PO010803,S018,P0301,W04,2026-06-24,2026-07-13,2026-07-11,35,32,3
PO010804,S017,P0328,W12,2025-03-04,2025-03-15,2025-03-13,41,37,2
PO010805,S035,P0318,W06,2025-08-08,2025-08-25,2025-08-24,64,56,5
PO010806,S021,P0195,W03,2025-05-19,2025-06-03,2025-06-02,34,30,3
PO010807,S031,P0181,W01,2025-12-06,2025-12-26,2025-12-24,53,49,4
PO010808,S006,P0355,W09,2025-05-16,2025-05-28,2025-05-27,140,136,4
PO010809,S013,P0233,W08,2025-01-20,2025-02-24,2025-02-23,25,25,0
PO010810,S001,P0092,W14,2026-01-12,2026-01-22,2026-01-29,40,38,1
PO010811,S013,P0318,W15,2026-06-18,2026-07-17,2026-07-15,34,34,0
PO010812,S024,P0294,W08,2025-04-26,2025-05-31,2025-05-29,99,88,9
PO010813,S002,P0268,W06,2025-08-10,2025-09-01,2025-09-01,133,121,11
PO010814,S006,P0231,W07,2025-11-22,2025-12-02,2025-12-02,54,53,1
PO010815,S007,P0088,W15,2025-05-19,2025-06-18,2025-06-16,53,48,3
PO010816,S029,P0382,W14,2025-06-27,2025-07-09,2025-07-08,68,66,2
PO010817,S021,P0093,W08,2026-06-04,2026-06-12,2026-06-10,76,67,7
PO010818,S029,P0275,W14,2025-11-13,2025-11-18,2025-11-17,75,74,0
PO010819,S030,P0182,W02,2025-01-19,2025-01-29,2025-01-28,162,150,12
PO010820,S017,P0258,W14,2025-08-31,2025-09-23,2025-09-22,27,25,1
PO010821,S018,P0088,W09,2025-10-17,2025-11-12,2025-11-10,65,57,7
PO010822,S014,P0320,W08,2025-11-10,2025-11-24,2025-12-03,80,76,4
PO010823,S010,P0363,W08,2026-01-31,2026-02-27,2026-02-27,183,162,17
PO010824,S018,P0215,W06,2025-05-19,2025-06-19,2025-06-17,101,87,9
PO010825,S039,P0308,W03,2026-04-29,2026-05-11,2026-05-09,31,29,1
PO010826,S030,P0033,W07,2025-09-16,2025-09-30,2025-09-28,173,151,18
PO010827,S011,P0372,W07,2026-04-21,2026-05-02,2026-04-30,49,49,0
PO010828,S017,P0233,W10,2025-01-25,2025-02-22,2025-02-21,65,61,3
PO010829,S035,P0223,W03,2025-10-10,2025-10-28,2025-10-28,74,66,6
PO010830,S027,P0063,W05,2025-06-09,2025-07-13,2025-07-11,88,77,9
PO010831,S009,P0024,W13,2026-06-25,2026-07-09,2026-07-09,134,125,6
PO010832,S007,P0203,W04,2025-03-13,2025-04-14,2025-04-12,42,37,3
PO010833,S024,P0273,W11,2025-07-11,2025-08-08,2025-08-06,148,132,13
PO010834,S033,P0148,W02,2025-06-30,2025-08-16,2025-08-14,37,35,2
PO010835,S035,P0042,W10,2025-02-19,2025-02-28,2025-02-26,63,56,7
PO010836,S039,P0082,W01,2026-01-27,2026-02-12,2026-02-12,166,157,9
PO010837,S014,P0320,W14,2025-07-05,2025-07-15,2025-07-14,92,83,7
PO010838,S022,P0055,W01,2025-03-27,2025-04-13,2025-04-11,92,89,2
PO010839,S002,P0196,W15,2025-07-09,2025-08-15,2025-08-19,119,104,11
PO010840,S022,P0390,W13,2026-01-09,2026-01-27,2026-01-26,94,89,1
PO010841,S016,P0241,W05,2025-08-05,2025-08-20,2025-08-18,33,31,1
PO010842,S002,P0241,W10,2025-07-15,2025-08-11,2025-08-11,80,69,7
PO010843,S030,P0357,W15,2026-05-24,2026-06-14,2026-06-12,44,39,4
PO010844,S018,P0079,W09,2025-06-04,2025-06-29,2025-06-28,101,87,13
PO010845,S007,P0387,W10,2025-11-16,2025-12-18,2025-12-18,17,16,1
PO010846,S032,P0182,W02,2025-12-24,2026-01-12,2026-01-12,28,26,1
PO010847,S022,P0235,W09,2025-09-27,2025-10-16,2025-10-14,36,34,1
PO010848,S040,P0284,W07,2025-12-19,2026-01-01,2025-12-30,64,63,1
PO010849,S003,P0266,W14,2026-04-27,2026-05-18,2026-05-17,53,51,0
PO010850,S010,P0086,W02,2025-04-28,2025-05-26,2025-05-26,75,68,4
PO010851,S026,P0116,W15,2026-01-26,2026-02-09,2026-02-09,118,103,11
PO010852,S008,P0355,W05,2025-06-12,2025-07-02,2025-07-02,60,59,1
PO010853,S029,P0062,W08,2025-11-24,2025-11-27,2025-11-27,12,12,0
PO010854,S020,P0048,W07,2025-01-18,2025-01-29,2025-02-03,38,35,3
PO010855,S001,P0072,W09,2025-06-28,2025-07-09,2025-07-09,38,37,1
PO010856,S020,P0028,W12,2025-07-02,2025-07-15,2025-07-13,90,82,8
PO010857,S037,P0364,W11,2026-01-22,2026-02-08,2026-02-12,96,92,2
PO010858,S010,P0181,W12,2026-05-17,2026-06-15,2026-06-13,28,25,2
PO010859,S039,P0230,W05,2025-12-29,2026-01-17,2026-01-16,187,175,9
PO010860,S022,P0349,W12,2025-11-30,2025-12-19,2025-12-19,41,39,2
PO010861,S025,P0066,W03,2025-07-20,2025-08-07,2025-08-05,29,27,1
PO010862,S012,P0126,W09,2026-05-03,2026-05-24,2026-05-31,165,156,4
PO010863,S040,P0382,W12,2025-09-14,2025-10-07,2025-10-07,91,89,0
PO010864,S027,P0332,W01,2025-12-19,2026-01-11,2026-01-09,142,127,13
PO010865,S004,P0157,W15,2026-04-16,2026-05-08,2026-05-06,180,163,16
PO010866,S027,P0150,W01,2025-10-14,2025-11-18,2025-11-18,53,47,4
PO010867,S016,P0245,W14,2025-11-09,2025-11-24,2025-11-24,73,67,3
PO010868,S017,P0165,W11,2026-04-13,2026-05-18,2026-05-17,28,26,1
PO010869,S013,P0187,W13,2026-05-01,2026-05-23,2026-05-21,151,141,4
PO010870,S038,P0221,W03,2025-01-24,2025-02-14,2025-02-12,45,41,4
PO010871,S016,P0307,W05,2026-01-26,2026-02-14,2026-02-13,52,50,2
PO010872,S028,P0141,W03,2026-01-20,2026-02-07,2026-02-05,71,67,4
PO010873,S026,P0357,W04,2026-06-29,2026-07-18,2026-07-17,74,63,8
PO010874,S027,P0376,W15,2025-02-12,2025-03-18,2025-03-18,94,87,5
PO010875,S024,P0317,W07,2026-05-31,2026-07-03,,51,48,3
PO010876,S027,P0069,W13,2025-02-01,2025-02-25,2025-02-27,85,78,6
PO010877,S005,P0307,W05,2025-12-11,2026-01-02,2026-01-06,34,33,0
PO010878,S037,P0323,W07,2025-11-24,2025-12-07,2025-12-06,82,77,2
PO010879,S009,P0038,W13,2025-05-06,2025-05-24,2025-05-23,32,31,0
PO010880,S008,P0390,W04,2025-05-02,2025-05-08,2025-05-07,113,106,5
PO010881,S007,P0019,W06,2026-04-21,2026-06-01,2026-05-31,234,203,26
PO010882,S017,P0190,W10,2025-11-09,2025-11-28,2025-11-26,26,25,1
PO010883,S002,P0210,W06,2026-06-17,2026-07-15,2026-07-13,38,36,2
PO010884,S031,P0166,W01,2025-02-05,2025-02-25,2025-02-25,80,74,5
PO010885,S035,P0239,W04,2025-11-26,2025-12-08,2025-12-08,44,39,4
PO010886,S016,P0224,W15,2025-04-01,2025-04-21,2025-04-21,37,34,2
PO010887,S019,P0027,W05,2025-05-05,2025-05-19,2025-05-17,74,68,3
PO010888,S002,P0172,W04,2026-02-10,2026-03-01,2026-03-07,62,58,4
PO010889,S019,P0249,W11,2026-04-25,2026-05-07,2026-05-05,79,75,3
PO010890,S032,P0126,W11,2025-02-19,2025-03-06,2025-03-04,14,14,0
PO010891,S012,P0103,W03,2025-04-17,2025-05-26,2025-05-24,38,35,2
PO010892,S036,P0104,W12,2026-06-30,2026-08-03,2026-08-01,73,68,3
PO010893,S009,P0296,W07,2026-06-05,2026-06-24,2026-07-05,68,64,4
PO010894,S037,P0264,W03,2025-04-02,2025-04-16,2025-04-16,98,95,3
PO010895,S022,P0226,W12,2025-03-15,2025-03-31,2025-03-30,34,33,1
PO010896,S008,P0334,W15,2025-08-23,2025-08-30,2025-08-28,33,31,1
PO010897,S021,P0042,W01,2026-01-23,2026-02-02,2026-02-07,70,61,7
PO010898,S031,P0163,W11,2025-08-09,2025-08-23,2025-08-21,78,72,6
PO010899,S016,P0107,W06,2025-08-05,2025-08-28,2025-08-26,200,180,14
PO010900,S026,P0381,W09,2025-04-27,2025-05-11,2025-05-09,58,52,5
PO010901,S040,P0088,W07,2025-11-29,2025-12-06,2025-12-04,88,86,2
PO010902,S039,P0361,W12,2025-10-03,2025-10-19,2025-10-17,28,27,1
PO010903,S004,P0100,W01,2025-12-27,2026-01-24,2026-01-23,158,142,14
PO010904,S037,P0287,W02,2025-05-18,2025-05-21,2025-05-19,74,71,0
PO010905,S021,P0184,W06,2026-01-21,2026-01-27,2026-01-27,82,73,6
PO010906,S018,P0211,W05,2026-04-30,2026-05-17,2026-05-15,56,51,4
PO010907,S019,P0096,W03,2026-03-05,2026-03-21,2026-03-19,50,46,3
PO010908,S035,P0220,W11,2025-02-25,2025-03-16,2025-03-15,36,32,3
PO010909,S021,P0041,W13,2025-06-12,2025-06-25,2025-07-04,41,36,4
PO010910,S002,P0245,W09,2025-09-17,2025-10-11,2025-10-09,136,128,6
PO010911,S027,P0114,W15,2025-07-19,2025-08-23,2025-08-26,77,67,7
PO010912,S036,P0132,W15,2025-04-01,2025-05-02,2025-04-30,23,21,1
PO010913,S034,P0114,W14,2026-06-26,2026-07-07,2026-07-07,52,49,3
PO010914,S022,P0035,W01,2025-06-08,2025-06-23,2025-06-23,117,113,3
PO010915,S015,P0324,W12,2025-11-29,2025-12-18,2025-12-16,139,122,15
PO010916,S008,P0026,W09,2025-12-25,2026-01-12,2026-01-16,32,30,1
PO010917,S038,P0015,W10,2025-06-26,2025-07-17,2025-07-19,86,80,6
PO010918,S019,P0208,W03,2025-03-01,2025-03-20,2025-03-25,120,112,8
PO010919,S019,P0144,W03,2025-09-24,2025-10-07,2025-10-06,67,61,3
PO010920,S032,P0314,W12,2025-12-14,2026-01-07,2026-01-07,98,91,3
PO010921,S023,P0043,W13,2025-07-11,2025-07-26,2025-07-24,31,28,2
PO010922,S033,P0079,W13,2025-09-18,2025-10-26,2025-10-26,61,53,5
PO010923,S029,P0188,W08,2026-02-03,2026-02-06,2026-02-05,49,46,2
PO010924,S023,P0139,W14,2026-04-23,2026-04-26,2026-04-26,188,165,14
PO010925,S028,P0005,W06,2025-06-16,2025-07-11,2025-07-11,63,55,5
PO010926,S021,P0126,W08,2025-02-04,2025-02-08,2025-02-08,209,183,19
PO010927,S040,P0069,W02,2025-11-04,2025-11-11,2025-11-10,59,58,1
PO010928,S025,P0009,W01,2025-03-13,2025-04-10,2025-04-15,94,91,2
PO010929,S016,P0160,W08,2026-01-31,2026-02-17,2026-02-16,27,25,1
PO010930,S018,P0123,W12,2026-01-03,2026-01-31,2026-01-30,178,158,18
PO010931,S034,P0151,W02,2026-01-21,2026-02-01,2026-02-09,311,296,10
PO010932,S003,P0338,W11,2025-05-05,2025-05-30,2025-05-30,112,106,3
PO010933,S006,P0300,W13,2025-10-08,2025-10-17,2025-10-21,47,44,2
PO010934,S017,P0177,W04,2026-02-23,2026-03-16,2026-03-14,61,56,3
PO010935,S030,P0051,W07,2025-03-17,2025-04-02,2025-04-01,245,228,17
PO010936,S021,P0065,W10,2026-06-13,2026-06-19,2026-06-29,18,16,1
PO010937,S038,P0177,W13,2025-09-16,2025-09-30,2025-09-28,47,43,4
PO010938,S035,P0361,W05,2026-01-07,2026-01-24,2026-01-22,44,36,6
PO010939,S037,P0184,W08,2026-01-02,2026-01-07,2026-01-05,75,71,1
PO010940,S004,P0097,W01,2025-06-16,2025-07-08,2025-07-06,23,22,1
PO010941,S025,P0034,W06,2025-04-14,2025-05-11,2025-05-14,129,120,5
PO010942,S019,P0038,W14,2025-02-05,2025-02-23,2025-02-21,101,94,5
PO010943,S036,P0354,W08,2025-05-26,2025-06-29,2025-06-30,67,65,2
PO010944,S024,P0297,W15,2025-10-10,2025-11-19,2025-11-18,80,74,6
PO010945,S036,P0190,W12,2025-05-11,2025-06-08,2025-06-08,71,65,4
PO010946,S019,P0082,W06,2025-06-06,2025-06-22,2025-06-24,109,101,5
PO010947,S031,P0177,W15,2025-05-04,2025-05-16,2025-05-19,86,78,6
PO010948,S029,P0309,W06,2025-09-30,2025-10-03,2025-10-03,41,39,1
PO010949,S036,P0154,W12,2025-11-22,2025-12-20,2025-12-20,58,55,2
PO010950,S021,P0170,W04,2026-02-20,2026-02-26,2026-03-08,45,39,4
PO010951,S014,P0313,W05,2026-02-16,2026-02-21,2026-02-20,113,100,9
PO010952,S017,P0183,W11,2025-01-13,2025-02-13,2025-02-13,22,20,1
PO010953,S036,P0258,W15,2026-01-21,2026-02-26,2026-02-24,19,18,0
PO010954,S033,P0249,W03,2025-04-28,2025-06-06,2025-06-04,43,40,3
PO010955,S024,P0280,W10,2025-12-29,2026-02-01,2026-02-01,73,67,6
PO010956,S039,P0382,W04,2025-12-28,2026-01-19,2026-01-18,99,94,3
PO010957,S017,P0221,W06,2025-12-17,2026-01-16,2026-01-26,383,354,12
PO010958,S001,P0268,W14,2025-02-26,2025-03-01,2025-02-28,53,52,1
PO010959,S002,P0232,W03,2025-07-22,2025-08-12,2025-08-18,76,71,3
PO010960,S031,P0166,W03,2025-11-17,2025-11-26,2025-11-24,43,39,3
PO010961,S007,P0333,W14,2026-05-20,2026-06-18,2026-06-19,72,62,9
PO010962,S017,P0135,W08,2025-08-18,2025-09-15,2025-09-13,47,42,3
PO010963,S006,P0126,W09,2026-04-07,2026-04-10,2026-04-09,102,96,5
PO010964,S032,P0392,W09,2026-04-19,2026-04-27,2026-04-25,44,43,0
PO010965,S038,P0168,W08,2026-01-17,2026-01-30,2026-02-03,101,91,10
PO010966,S038,P0203,W11,2025-06-30,2025-07-28,2025-07-28,97,85,10
PO010967,S003,P0303,W12,2025-07-24,2025-08-17,2025-08-16,37,36,0
PO010968,S036,P0056,W04,2025-09-07,2025-10-17,2025-10-17,70,69,1
PO010969,S015,P0343,W12,2025-03-01,2025-03-19,2025-03-18,48,41,5
PO010970,S023,P0278,W08,2026-01-03,2026-01-17,2026-01-15,149,137,10
PO010971,S017,P0331,W05,2026-06-14,2026-06-28,2026-07-07,36,35,0
PO010972,S040,P0146,W09,2026-02-15,2026-03-01,2026-03-07,15,15,0
PO010973,S011,P0133,W04,2025-04-24,2025-05-12,2025-05-18,133,128,3
PO010974,S013,P0101,W01,2025-02-17,2025-03-23,2025-03-22,69,65,2
PO010975,S020,P0300,W08,2026-01-02,2026-01-25,2026-01-24,96,83,11
PO010976,S030,P0016,W02,2026-02-11,2026-03-03,2026-03-03,90,79,8
PO010977,S020,P0077,W11,2026-02-08,2026-02-19,2026-02-18,148,134,13
PO010978,S039,P0195,W12,2026-03-04,2026-03-22,2026-03-22,32,30,1
PO010979,S004,P0196,W11,2025-08-28,2025-09-17,2025-09-17,35,32,3
PO010980,S034,P0152,W10,2025-06-27,2025-07-12,2025-07-11,43,41,2
PO010981,S015,P0093,W05,2026-04-01,2026-04-19,2026-04-18,54,47,6
PO010982,S032,P0234,W12,2026-01-12,2026-02-07,2026-02-06,105,97,3
PO010983,S001,P0066,W11,2026-03-06,2026-03-18,2026-03-18,43,42,0
PO010984,S014,P0249,W08,2025-05-04,2025-05-12,2025-05-18,31,29,2
PO010985,S030,P0267,W05,2026-02-22,2026-03-18,2026-03-17,71,64,7
PO010986,S038,P0038,W11,2026-06-14,2026-07-11,2026-07-14,46,42,3
PO010987,S016,P0256,W01,2025-08-15,2025-08-26,2025-08-24,36,33,3
PO010988,S030,P0019,W03,2025-08-02,2025-08-08,2025-08-08,52,49,3
PO010989,S016,P0259,W15,2025-07-19,2025-08-08,2025-08-10,107,102,5
PO010990,S035,P0180,W06,2025-08-19,2025-09-04,2025-09-15,139,122,13
PO010991,S007,P0271,W13,2026-02-14,2026-03-26,2026-03-26,140,122,14
PO010992,S038,P0294,W13,2025-01-05,2025-02-02,2025-02-07,83,77,6
PO010993,S018,P0142,W09,2026-03-06,2026-03-21,2026-03-21,162,142,18
PO010994,S001,P0269,W08,2025-06-08,2025-06-15,2025-06-14,47,47,0
PO010995,S011,P0071,W06,2025-10-03,2025-10-25,2025-10-25,98,95,1
PO010996,S012,P0313,W10,2025-08-30,2025-10-04,2025-10-03,64,62,2
PO010997,S015,P0356,W15,2026-02-19,2026-03-12,2026-03-10,150,135,15
PO010998,S036,P0148,W08,2025-06-13,2025-07-05,2025-07-04,116,109,5
PO010999,S031,P0046,W13,2026-05-08,2026-05-25,2026-05-24,29,26,2
PO011000,S008,P0307,W10,2025-03-17,2025-03-28,2025-03-28,39,36,2
PO011001,S009,P0031,W09,2025-04-18,2025-05-12,2025-05-12,74,68,3
PO011002,S013,P0097,W11,2025-08-20,2025-09-20,2025-09-21,90,89,1
PO011003,S024,P0009,W09,2026-01-18,2026-02-23,2026-02-21,182,166,16
PO011004,S028,P0124,W01,2025-02-09,2025-02-28,2025-02-28,79,74,5
PO011005,S027,P0101,W02,2025-01-17,2025-02-24,2025-02-23,206,184,12
PO011006,S014,P0161,W11,2025-05-27,2025-06-08,2025-06-12,39,36,3
PO011007,S008,P0386,W10,2025-08-20,2025-09-10,2025-09-08,77,76,1
PO011008,S020,P0206,W11,2025-07-19,2025-07-27,2025-07-26,57,52,4
PO011009,S027,P0384,W04,2025-08-22,2025-09-17,2025-09-16,59,53,4
PO011010,S038,P0048,W14,2026-05-30,2026-06-16,2026-06-20,66,57,7
PO011011,S016,P0391,W04,2025-05-28,2025-06-14,2025-06-12,148,132,14
PO011012,S038,P0372,W08,2026-05-08,2026-05-24,2026-05-23,39,34,4
PO011013,S014,P0007,W14,2026-02-02,2026-02-17,2026-02-16,78,73,4
PO011014,S034,P0279,W15,2025-11-19,2025-11-27,2025-11-25,79,72,7
PO011015,S007,P0238,W07,2025-04-20,2025-05-23,2025-05-23,42,37,4
PO011016,S040,P0015,W02,2026-01-07,2026-01-19,2026-01-17,153,150,1
PO011017,S037,P0330,W01,2025-09-19,2025-09-27,2025-09-26,32,30,1
PO011018,S019,P0163,W15,2026-05-18,2026-06-14,2026-06-14,37,34,2
PO011019,S032,P0395,W15,2025-10-21,2025-10-30,2025-10-30,80,80,0
PO011020,S027,P0113,W11,2025-03-17,2025-04-19,2025-04-17,56,52,3
PO011021,S006,P0399,W04,2025-02-27,2025-03-15,2025-03-14,55,54,1
PO011022,S006,P0112,W12,2025-05-28,2025-06-06,2025-06-05,103,94,4
PO011023,S031,P0302,W15,2025-08-02,2025-08-26,2025-08-26,178,164,11
PO011024,S002,P0067,W03,2025-12-09,2026-01-04,2026-01-14,44,42,2
PO011025,S016,P0184,W09,2025-07-18,2025-08-04,2025-08-02,53,48,3
PO011026,S013,P0328,W06,2025-01-05,2025-02-04,2025-02-04,136,128,7
PO011027,S022,P0071,W12,2025-03-04,2025-03-28,2025-03-28,27,26,1
PO011028,S027,P0065,W15,2025-06-12,2025-07-15,2025-07-14,30,27,2
PO011029,S010,P0282,W10,2026-03-16,2026-04-19,2026-04-17,90,79,7
PO011030,S019,P0192,W13,2026-06-11,2026-07-01,2026-07-01,49,46,2
PO011031,S003,P0183,W02,2025-05-26,2025-06-17,2025-06-15,77,75,1
PO011032,S003,P0188,W11,2025-01-02,2025-01-17,2025-01-16,139,134,3
PO011033,S026,P0039,W04,2025-07-27,2025-08-13,2025-08-14,67,58,7
PO011034,S030,P0387,W09,2025-02-02,2025-02-16,2025-02-26,56,50,5
PO011035,S030,P0304,W09,2026-05-02,2026-05-19,2026-05-17,56,49,5
PO011036,S004,P0270,W13,2026-03-25,2026-04-13,2026-04-12,166,151,15
PO011037,S036,P0310,W13,2025-11-09,2025-12-07,2025-12-05,81,76,1
PO011038,S001,P0128,W08,2026-06-13,2026-06-22,2026-06-21,179,176,2
PO011039,S004,P0357,W11,2026-06-27,2026-07-12,2026-07-11,25,23,1
PO011040,S004,P0300,W01,2025-07-04,2025-07-26,2025-08-07,41,36,3
PO011041,S034,P0275,W05,2026-01-11,2026-01-15,2026-01-14,204,182,12
PO011042,S010,P0186,W10,2026-04-16,2026-05-18,2026-05-16,64,58,5
PO011043,S013,P0131,W12,2026-06-02,2026-07-05,2026-07-04,29,29,0
PO011044,S010,P0344,W13,2025-07-15,2025-08-18,2025-08-21,137,123,13
PO011045,S008,P0109,W11,2025-10-28,2025-11-12,2025-11-11,86,82,4
PO011046,S020,P0091,W06,2025-11-25,2025-11-28,2025-11-30,63,57,6
PO011047,S008,P0360,W15,2025-04-11,2025-05-04,2025-05-03,187,168,10
PO011048,S039,P0291,W13,2026-05-09,2026-06-02,2026-06-02,42,40,2
PO011049,S030,P0363,W04,2025-04-30,2025-05-11,2025-05-11,71,64,4
PO011050,S001,P0314,W05,2026-04-01,2026-04-04,2026-04-04,73,69,1
PO011051,S037,P0395,W07,2025-02-25,2025-02-28,2025-02-28,128,117,5
PO011052,S037,P0070,W10,2026-03-20,2026-03-23,2026-03-21,77,75,2
PO011053,S023,P0166,W09,2025-02-12,2025-02-17,2025-02-17,77,70,7
PO011054,S024,P0303,W06,2025-02-05,2025-03-17,2025-03-16,37,33,3
PO011055,S023,P0060,W05,2025-08-24,2025-09-05,2025-09-05,55,49,5
PO011056,S024,P0349,W02,2026-06-02,2026-07-09,2026-07-07,113,103,8
PO011057,S021,P0012,W10,2026-03-19,2026-03-22,2026-03-22,89,81,6
PO011058,S032,P0360,W08,2025-04-08,2025-04-19,2025-04-22,53,49,2
PO011059,S020,P0176,W10,2025-01-01,2025-01-20,2025-01-18,40,35,4
PO011060,S007,P0138,W13,2025-09-26,2025-10-24,2025-10-22,87,75,10
PO011061,S010,P0167,W13,2025-04-23,2025-05-25,2025-05-24,65,58,5
PO011062,S025,P0319,W08,2025-07-03,2025-07-30,2025-07-30,64,60,4
PO011063,S040,P0016,W08,2026-05-21,2026-05-24,,21,20,0
PO011064,S031,P0046,W05,2025-03-06,2025-03-24,2025-03-22,57,52,4
PO011065,S009,P0016,W13,2025-09-01,2025-09-17,2025-09-17,107,102,4
PO011066,S015,P0300,W12,2025-10-07,2025-10-18,2025-10-16,36,33,3
PO011067,S023,P0368,W01,2025-05-03,2025-05-21,2025-05-21,38,36,2
PO011068,S035,P0367,W02,2025-11-08,2025-11-29,2025-11-27,23,21,2
PO011069,S002,P0338,W15,2025-12-06,2025-12-30,2025-12-29,126,118,8
PO011070,S001,P0216,W01,2026-06-01,2026-06-12,2026-06-11,50,49,0
PO011071,S031,P0219,W01,2025-03-25,2025-04-08,2025-04-06,67,61,3
PO011072,S001,P0028,W06,2025-09-25,2025-09-28,2025-09-27,127,127,0
PO011073,S034,P0210,W11,2025-02-16,2025-02-26,2025-02-26,33,30,2
PO011074,S027,P0021,W04,2026-05-18,2026-06-16,,75,68,4
PO011075,S022,P0011,W10,2026-01-16,2026-02-06,2026-02-04,98,91,4
PO011076,S001,P0386,W07,2025-03-19,2025-03-22,2025-03-22,132,127,3
PO011077,S005,P0259,W10,2025-09-23,2025-10-10,2025-10-09,63,59,1
PO011078,S009,P0210,W11,2026-01-08,2026-01-19,2026-01-18,120,108,6
PO011079,S013,P0095,W02,2025-07-18,2025-08-12,2025-08-12,126,120,6
PO011080,S040,P0283,W13,2026-03-10,2026-03-15,2026-03-15,75,73,0
PO011081,S003,P0356,W11,2026-03-25,2026-04-15,2026-04-26,301,288,10
PO011082,S002,P0213,W05,2025-04-26,2025-05-21,2025-05-30,43,41,2
PO011083,S008,P0235,W07,2026-06-22,2026-07-03,2026-07-03,56,51,3
PO011084,S021,P0252,W08,2025-05-23,2025-06-06,2025-06-04,77,69,5
PO011085,S022,P0331,W12,2025-10-31,2025-11-12,2025-11-10,133,124,7
PO011086,S038,P0057,W03,2025-06-10,2025-06-23,2025-06-22,67,60,5
PO011087,S036,P0288,W10,2026-05-21,2026-06-22,2026-06-22,17,17,0
PO011088,S031,P0050,W05,2025-06-10,2025-06-16,2025-06-15,77,69,6
PO011089,S034,P0201,W05,2025-09-09,2025-09-21,2025-09-20,38,35,3
PO011090,S024,P0176,W04,2026-05-05,2026-06-01,2026-06-01,39,35,3
PO011091,S008,P0312,W09,2025-06-18,2025-06-28,2025-07-02,50,46,2
PO011092,S033,P0101,W11,2026-03-26,2026-04-30,2026-04-28,36,32,3
PO011093,S033,P0215,W14,2025-07-15,2025-08-22,2025-08-21,68,58,7
PO011094,S030,P0034,W12,2025-11-12,2025-11-20,2025-11-19,160,146,10
PO011095,S023,P0086,W06,2025-02-24,2025-03-07,2025-03-05,23,21,2
PO011096,S011,P0163,W13,2025-01-10,2025-01-17,2025-01-15,64,62,2
PO011097,S021,P0359,W15,2025-07-01,2025-07-06,2025-07-04,88,82,6
PO011098,S014,P0399,W05,2025-05-23,2025-05-27,2025-05-25,19,17,1
PO011099,S033,P0379,W01,2026-06-15,2026-07-15,2026-07-14,98,91,6
PO011100,S032,P0292,W11,2025-01-29,2025-02-09,2025-02-08,60,56,1
PO011101,S024,P0077,W02,2025-04-18,2025-05-21,2025-05-20,91,85,5
PO011102,S036,P0369,W02,2026-01-22,2026-02-21,2026-02-19,177,164,8
PO011103,S040,P0020,W07,2025-07-19,2025-07-27,2025-07-26,40,39,0
PO011104,S009,P0255,W09,2026-01-18,2026-02-08,2026-02-07,29,27,1
PO011105,S022,P0381,W03,2025-10-10,2025-10-22,2025-10-22,42,39,1
PO011106,S007,P0032,W11,2025-12-29,2026-01-26,2026-01-24,103,82,16
PO011107,S010,P0118,W02,2025-11-27,2025-12-22,2025-12-20,152,134,13
PO011108,S038,P0166,W02,2025-03-30,2025-04-23,2025-04-21,77,69,6
PO011109,S021,P0305,W12,2025-07-06,2025-07-11,2025-07-22,118,107,9
PO011110,S023,P0030,W09,2025-05-16,2025-05-29,2025-05-27,14,12,1
PO011111,S021,P0090,W03,2025-01-06,2025-01-13,2025-01-20,71,65,6
PO011112,S019,P0382,W10,2025-11-13,2025-11-28,2025-11-26,197,177,13
PO011113,S040,P0056,W06,2025-08-27,2025-09-13,2025-09-13,100,99,0
PO011114,S012,P0335,W13,2025-04-22,2025-06-01,2025-05-31,76,70,3
PO011115,S034,P0323,W02,2026-05-17,2026-05-24,2026-05-24,60,56,4
PO011116,S038,P0317,W02,2026-06-23,2026-07-14,2026-07-12,150,133,11
PO011117,S037,P0168,W05,2026-05-31,2026-06-05,2026-06-04,89,86,1
PO011118,S017,P0290,W08,2026-03-06,2026-03-20,2026-03-19,18,16,1
PO011119,S006,P0118,W03,2025-12-08,2025-12-17,2025-12-16,10,10,0
PO011120,S015,P0137,W04,2025-04-12,2025-04-23,2025-04-21,44,40,4
PO011121,S034,P0225,W12,2025-07-14,2025-07-21,2025-07-30,83,77,6
PO011122,S030,P0254,W06,2025-10-30,2025-11-14,2025-11-13,39,35,3
PO011123,S024,P0131,W11,2025-03-30,2025-05-02,2025-05-01,74,67,5
PO011124,S019,P0231,W01,2025-06-30,2025-07-16,2025-07-15,135,123,6
PO011125,S029,P0120,W05,2025-04-11,2025-04-21,2025-04-20,27,27,0
PO011126,S018,P0055,W13,2025-09-16,2025-10-04,2025-10-03,31,29,2
PO011127,S024,P0060,W07,2025-09-15,2025-10-26,2025-10-24,46,44,2
PO011128,S033,P0262,W09,2025-08-24,2025-09-30,2025-09-30,161,141,14
PO011129,S002,P0130,W03,2025-03-13,2025-04-03,2025-04-02,34,33,0
PO011130,S039,P0348,W05,2025-09-14,2025-10-10,2025-10-08,108,100,5
PO011131,S011,P0256,W01,2025-02-03,2025-02-11,2025-02-10,76,72,1
PO011132,S002,P0359,W03,2025-01-16,2025-02-10,2025-02-08,54,49,3
PO011133,S036,P0134,W03,2026-03-03,2026-04-03,2026-04-03,47,46,1
PO011134,S008,P0238,W12,2025-09-17,2025-09-26,2025-09-26,70,66,1
PO011135,S027,P0317,W10,2025-05-18,2025-06-20,2025-06-18,38,36,2
PO011136,S017,P0362,W05,2025-01-22,2025-02-09,2025-02-08,50,47,3
PO011137,S038,P0336,W03,2025-09-30,2025-10-12,2025-10-11,66,61,5
PO011138,S029,P0349,W01,2025-02-27,2025-03-03,2025-03-03,133,130,2
PO011139,S036,P0333,W12,2025-02-12,2025-03-06,2025-03-17,27,27,0
PO011140,S004,P0244,W13,2026-06-14,2026-07-10,2026-07-08,90,79,8
PO011141,S004,P0161,W15,2026-05-06,2026-05-23,2026-05-23,83,73,7
PO011142,S003,P0342,W11,2025-05-28,2025-06-20,2025-07-01,112,107,5
PO011143,S032,P0300,W04,2025-12-10,2025-12-19,2025-12-17,44,44,0
PO011144,S038,P0158,W15,2025-08-16,2025-09-14,2025-09-14,45,40,4
PO011145,S035,P0094,W11,2025-05-15,2025-06-01,2025-06-01,62,56,4
PO011146,S024,P0074,W14,2025-08-28,2025-09-26,2025-09-26,17,15,1
PO011147,S002,P0062,W15,2025-11-11,2025-11-27,2025-11-25,31,30,1
PO011148,S032,P0100,W08,2025-08-06,2025-08-21,2025-08-21,128,125,0
PO011149,S027,P0001,W15,2025-03-28,2025-05-06,2025-05-18,84,75,6
PO011150,S020,P0347,W03,2026-05-12,2026-05-24,2026-05-22,15,13,1
PO011151,S037,P0033,W15,2026-06-28,2026-07-09,2026-07-09,16,15,0
PO011152,S032,P0353,W05,2026-05-28,2026-06-13,2026-06-13,142,131,6
PO011153,S025,P0090,W13,2025-03-12,2025-04-01,2025-03-30,69,65,3
PO011154,S012,P0048,W01,2026-04-28,2026-05-23,2026-05-28,69,66,3
PO011155,S023,P0144,W08,2026-03-30,2026-04-14,2026-04-14,51,47,3
PO011156,S035,P0002,W02,2025-08-24,2025-09-08,2025-09-06,34,31,3
PO011157,S001,P0346,W15,2025-05-23,2025-06-06,2025-06-18,78,73,3
PO011158,S016,P0393,W10,2025-04-18,2025-04-30,2025-04-30,62,57,4
PO011159,S028,P0241,W01,2025-04-03,2025-04-25,2025-04-24,98,87,7
PO011160,S031,P0062,W11,2025-03-09,2025-03-27,2025-04-05,99,89,7
PO011161,S012,P0280,W14,2025-02-26,2025-04-01,2025-03-31,53,49,3
PO011162,S002,P0006,W06,2026-02-14,2026-03-12,2026-03-10,82,75,5
PO011163,S005,P0087,W05,2026-06-13,2026-07-05,2026-07-04,38,37,0
PO011164,S039,P0247,W06,2026-03-09,2026-04-01,2026-03-30,184,165,14
PO011165,S006,P0230,W03,2026-03-24,2026-03-27,2026-03-27,63,59,4
PO011166,S005,P0287,W03,2025-08-07,2025-08-23,2025-08-22,76,71,2
PO011167,S031,P0077,W08,2026-06-04,2026-06-27,2026-06-25,101,91,6
PO011168,S040,P0290,W05,2026-06-16,2026-06-22,2026-06-22,185,175,9
PO011169,S032,P0078,W11,2025-10-18,2025-10-29,2025-10-29,95,93,2
PO011170,S020,P0318,W07,2026-05-23,2026-06-10,2026-06-22,79,70,7
PO011171,S038,P0307,W06,2026-01-03,2026-01-22,2026-01-22,88,80,8
PO011172,S012,P0049,W13,2025-11-02,2025-12-12,2025-12-11,38,37,1
PO011173,S013,P0357,W10,2025-02-16,2025-03-18,2025-03-16,29,29,0
PO011174,S021,P0263,W01,2025-02-17,2025-02-20,2025-02-19,78,72,5
PO011175,S028,P0132,W12,2025-09-05,2025-09-30,2025-09-29,42,37,3
PO011176,S032,P0208,W07,2026-05-21,2026-06-10,2026-06-10,34,33,1
PO011177,S005,P0041,W15,2025-04-01,2025-04-26,2025-04-24,163,148,8
PO011178,S014,P0098,W15,2026-05-21,2026-06-08,2026-06-08,35,32,2
PO011179,S004,P0358,W09,2025-10-14,2025-11-13,2025-11-11,37,33,3
PO011180,S027,P0268,W04,2025-05-25,2025-06-27,2025-06-25,50,46,4
PO011181,S039,P0378,W07,2025-04-28,2025-05-25,2025-05-24,53,50,1
PO011182,S004,P0284,W01,2025-11-05,2025-11-27,2025-11-26,61,52,6
PO011183,S038,P0225,W05,2026-01-12,2026-01-30,2026-01-28,82,75,7
PO011184,S040,P0296,W03,2025-12-31,2026-01-07,2026-01-06,71,71,0
PO011185,S037,P0282,W13,2025-10-05,2025-10-08,2025-10-08,163,155,4
PO011186,S016,P0005,W10,2025-08-13,2025-08-23,2025-08-23,144,131,13
PO011187,S021,P0045,W14,2025-02-15,2025-02-26,2025-02-24,52,47,5
PO011188,S029,P0178,W02,2025-10-13,2025-10-16,2025-10-15,96,91,1
PO011189,S012,P0392,W08,2026-02-13,2026-03-12,2026-03-11,130,123,7
PO011190,S020,P0123,W09,2025-09-26,2025-10-08,2025-10-08,119,103,11
PO011191,S027,P0354,W12,2026-05-18,2026-06-20,2026-06-20,27,25,1
PO011192,S019,P0051,W08,2025-08-06,2025-08-17,2025-08-16,27,25,1
PO011193,S031,P0157,W07,2025-10-18,2025-11-07,2025-11-05,60,53,4
PO011194,S024,P0301,W09,2025-07-01,2025-07-30,2025-08-07,54,48,4
PO011195,S031,P0212,W13,2026-03-25,2026-04-08,2026-04-07,29,27,2
PO011196,S011,P0383,W13,2025-09-18,2025-10-01,2025-09-30,78,75,0
PO011197,S018,P0121,W08,2025-04-14,2025-05-04,2025-05-03,28,25,2
PO011198,S038,P0259,W05,2026-01-24,2026-02-01,2026-02-09,31,29,2
PO011199,S003,P0238,W06,2025-05-04,2025-05-30,2025-06-01,94,94,0
PO011200,S003,P0049,W01,2026-04-25,2026-05-20,2026-05-20,99,96,1
PO011201,S006,P0087,W06,2025-10-31,2025-11-13,2025-11-12,64,59,2
PO011202,S034,P0032,W10,2026-04-23,2026-04-26,2026-05-07,103,95,5
PO011203,S016,P0301,W05,2026-01-05,2026-01-30,2026-01-29,90,80,6
PO011204,S033,P0146,W01,2025-10-04,2025-10-30,2025-10-30,111,98,8
PO011205,S030,P0214,W14,2025-06-17,2025-07-14,2025-07-14,19,17,1
PO011206,S003,P0258,W02,2025-07-06,2025-07-26,2025-07-25,120,118,1
PO011207,S036,P0038,W13,2025-01-11,2025-02-16,2025-02-15,27,26,1
PO011208,S004,P0054,W06,2026-05-03,2026-05-17,2026-05-15,45,40,3
PO011209,S024,P0320,W04,2025-03-21,2025-05-04,2025-05-03,30,27,3
PO011210,S038,P0376,W04,2025-01-09,2025-01-16,2025-01-14,25,23,1
PO011211,S034,P0163,W13,2026-02-10,2026-02-16,2026-02-16,21,20,1
PO011212,S021,P0024,W15,2026-02-21,2026-03-03,2026-03-03,108,93,12
PO011213,S022,P0211,W06,2025-11-14,2025-12-04,2025-12-04,68,65,1
PO011214,S010,P0189,W02,2026-06-21,2026-07-18,2026-07-16,90,79,8
PO011215,S024,P0240,W14,2025-09-25,2025-11-01,2025-10-31,80,74,6
PO011216,S005,P0395,W05,2025-05-01,2025-05-27,2025-05-29,42,42,0
PO011217,S037,P0230,W13,2026-02-01,2026-02-08,2026-02-07,129,123,3
PO011218,S031,P0030,W07,2025-05-17,2025-05-31,2025-05-29,214,189,18
PO011219,S035,P0396,W06,2026-01-23,2026-02-19,2026-02-18,33,30,3
PO011220,S033,P0317,W05,2026-06-02,2026-06-25,2026-06-23,136,127,9
PO011221,S003,P0306,W14,2026-04-02,2026-04-18,2026-04-16,195,184,5
PO011222,S032,P0097,W15,2025-03-20,2025-04-16,2025-04-15,109,105,4
PO011223,S023,P0162,W14,2025-12-30,2026-01-18,2026-01-18,104,96,7
PO011224,S012,P0253,W10,2026-02-04,2026-03-09,2026-03-08,70,66,1
PO011225,S015,P0013,W06,2025-02-01,2025-03-02,2025-03-01,46,41,5
PO011226,S028,P0085,W02,2025-06-23,2025-07-21,2025-07-20,67,59,6
PO011227,S025,P0363,W13,2025-10-17,2025-11-10,2025-11-18,76,71,3
PO011228,S036,P0176,W10,2026-03-13,2026-04-15,2026-04-15,36,35,0
PO011229,S028,P0086,W15,2025-12-23,2026-01-22,2026-01-22,54,51,3
PO011230,S001,P0213,W06,2026-02-27,2026-03-06,2026-03-06,169,161,5
PO011231,S032,P0299,W09,2025-08-03,2025-08-15,2025-08-15,18,18,0
PO011232,S040,P0351,W08,2025-03-21,2025-04-02,2025-04-10,82,78,2
PO011233,S028,P0016,W04,2026-04-24,2026-05-15,2026-05-23,28,25,2
PO011234,S036,P0238,W15,2025-01-27,2025-02-24,2025-02-23,49,49,0
PO011235,S001,P0164,W13,2026-06-13,2026-06-23,2026-06-26,82,75,4
PO011236,S007,P0209,W13,2026-06-27,2026-07-28,2026-07-30,76,66,7
PO011237,S002,P0177,W11,2026-04-29,2026-05-25,2026-05-24,77,68,6
PO011238,S032,P0186,W09,2025-11-18,2025-12-10,2025-12-10,40,38,0
PO011239,S040,P0370,W07,2025-04-11,2025-04-15,2025-04-15,106,101,3
PO011240,S011,P0242,W01,2026-05-26,2026-06-09,2026-06-08,69,67,1
PO011241,S034,P0287,W06,2025-12-07,2025-12-24,2025-12-24,53,51,2
PO011242,S038,P0327,W02,2025-05-07,2025-05-26,2025-05-25,99,85,10
PO011243,S002,P0153,W08,2026-01-23,2026-03-04,2026-03-16,67,58,7
PO011244,S032,P0290,W12,2025-07-20,2025-08-04,2025-08-03,37,36,0
PO011245,S040,P0218,W04,2025-11-29,2025-12-14,2025-12-12,100,95,5
PO011246,S014,P0076,W01,2025-05-26,2025-06-08,2025-06-08,50,47,2
PO011247,S034,P0321,W15,2025-05-07,2025-05-19,2025-05-31,53,50,3
PO011248,S027,P0120,W07,2025-01-06,2025-02-11,2025-02-10,63,57,4
PO011249,S037,P0067,W14,2025-09-29,2025-10-08,2025-10-08,103,98,3
PO011250,S011,P0272,W13,2025-04-07,2025-04-27,2025-04-27,147,147,0
PO011251,S036,P0190,W03,2025-11-12,2025-12-19,2025-12-31,48,46,1
PO011252,S021,P0129,W01,2025-01-29,2025-02-01,2025-01-31,80,70,9
PO011253,S025,P0088,W15,2026-01-06,2026-02-01,2026-02-01,27,26,1
PO011254,S010,P0105,W03,2026-01-22,2026-02-19,2026-02-18,155,137,13
PO011255,S001,P0113,W02,2025-08-27,2025-08-31,2025-08-29,19,19,0
PO011256,S035,P0389,W12,2025-04-18,2025-04-24,2025-04-22,60,52,6
PO011257,S038,P0323,W11,2025-03-16,2025-04-05,2025-04-04,199,186,12
PO011258,S010,P0290,W06,2026-06-28,2026-07-18,2026-07-17,98,88,10
PO011259,S016,P0183,W05,2025-02-13,2025-03-05,2025-03-04,72,68,4
PO011260,S026,P0204,W05,2026-03-17,2026-04-04,2026-04-03,47,41,5
PO011261,S033,P0226,W01,2025-08-14,2025-09-10,2025-09-10,102,91,6
PO011262,S021,P0060,W04,2026-01-20,2026-01-23,2026-01-24,47,42,5
PO011263,S009,P0230,W10,2025-01-02,2025-01-20,2025-01-18,19,19,0
PO011264,S020,P0051,W06,2025-11-04,2025-11-12,2025-11-13,150,136,14
PO011265,S034,P0366,W03,2025-10-31,2025-11-06,2025-11-12,60,57,3
PO011266,S025,P0239,W04,2025-05-05,2025-05-30,2025-05-28,52,48,2
PO011267,S026,P0304,W06,2025-04-13,2025-05-12,2025-05-12,155,131,20
PO011268,S014,P0069,W10,2025-02-12,2025-02-25,2025-02-25,82,77,5
PO011269,S036,P0330,W15,2025-11-27,2025-12-29,2025-12-27,28,26,1
PO011270,S006,P0079,W14,2025-10-20,2025-10-23,2025-10-22,43,40,2
PO011271,S016,P0065,W09,2026-06-11,2026-06-22,2026-06-21,47,44,2
PO011272,S038,P0264,W14,2025-03-11,2025-04-01,2025-03-31,69,62,5
PO011273,S010,P0046,W04,2025-12-24,2026-01-26,2026-01-25,26,25,1
PO011274,S019,P0102,W07,2025-07-10,2025-08-01,2025-07-30,67,63,3
PO011275,S001,P0154,W09,2026-02-26,2026-03-04,2026-03-03,52,51,1
PO011276,S030,P0026,W04,2025-07-11,2025-07-26,2025-07-26,75,67,5
PO011277,S025,P0065,W03,2025-03-11,2025-04-05,2025-04-04,52,49,2
PO011278,S021,P0067,W01,2025-11-09,2025-11-14,2025-11-13,71,62,6
PO011279,S038,P0126,W05,2025-11-10,2025-11-25,2025-11-23,111,99,9
PO011280,S029,P0103,W05,2025-08-08,2025-08-16,2025-08-16,208,199,7
PO011281,S010,P0142,W09,2026-02-24,2026-03-14,2026-03-13,94,87,6
PO011282,S004,P0388,W14,2025-03-18,2025-04-01,2025-03-31,29,28,1
PO011283,S031,P0400,W07,2025-07-20,2025-08-16,2025-08-14,85,77,5
PO011284,S005,P0081,W03,2026-05-31,2026-06-13,2026-06-13,113,110,3
PO011285,S020,P0271,W09,2025-03-13,2025-03-26,2025-03-25,77,70,6
PO011286,S027,P0067,W04,2025-01-14,2025-02-10,2025-02-10,74,66,5
PO011287,S017,P0303,W09,2025-06-20,2025-07-15,2025-07-14,97,90,3
PO011288,S025,P0207,W13,2025-02-25,2025-03-25,2025-03-25,50,45,3
PO011289,S013,P0146,W06,2026-05-13,2026-06-05,2026-06-05,68,65,1
PO011290,S015,P0078,W07,2025-10-02,2025-10-14,2025-10-14,67,60,7
PO011291,S029,P0189,W05,2025-03-20,2025-03-26,2025-03-24,47,45,2
PO011292,S028,P0109,W06,2025-03-01,2025-04-06,2025-04-04,136,126,9
PO011293,S005,P0051,W01,2025-12-18,2026-01-13,2026-01-11,40,38,0
PO011294,S020,P0379,W04,2026-01-10,2026-01-17,2026-01-15,39,36,3
PO011295,S020,P0324,W05,2026-06-24,2026-07-09,2026-07-09,97,87,7
PO011296,S012,P0103,W14,2025-04-02,2025-05-12,2025-05-10,55,52,3
PO011297,S010,P0139,W07,2025-03-06,2025-04-09,2025-04-13,19,18,1
PO011298,S038,P0170,W04,2025-11-24,2025-12-21,2025-12-20,34,31,2
PO011299,S007,P0155,W14,2025-05-02,2025-06-01,2025-06-01,70,59,8
PO011300,S016,P0209,W14,2026-03-14,2026-03-29,2026-04-04,107,97,10
PO011301,S007,P0301,W03,2025-04-01,2025-05-03,2025-05-02,131,117,10
PO011302,S004,P0149,W06,2025-10-30,2025-11-25,2025-12-01,148,132,15
PO011303,S004,P0137,W10,2025-07-17,2025-08-05,2025-08-03,125,114,11
PO011304,S017,P0230,W13,2025-04-05,2025-05-09,2025-05-07,96,91,3
PO011305,S014,P0135,W11,2025-01-06,2025-01-18,2025-01-17,56,49,5
PO011306,S009,P0113,W13,2025-07-27,2025-08-14,2025-08-13,69,66,3
PO011307,S036,P0230,W07,2025-05-14,2025-06-10,2025-06-10,175,169,5
PO011308,S015,P0383,W06,2026-02-18,2026-03-10,2026-03-08,116,98,15
PO011309,S009,P0381,W15,2025-02-23,2025-03-17,2025-03-17,36,34,1
PO011310,S014,P0097,W06,2025-01-20,2025-01-25,2025-01-24,44,40,2
PO011311,S013,P0099,W03,2025-10-07,2025-11-10,2025-11-09,182,175,0
PO011312,S028,P0145,W04,2026-06-09,2026-07-01,2026-06-29,103,94,6
PO011313,S020,P0400,W03,2026-06-02,2026-06-18,2026-06-18,94,85,7
PO011314,S014,P0334,W14,2026-01-28,2026-02-04,2026-02-03,68,60,5
PO011315,S002,P0376,W09,2025-10-08,2025-11-01,2025-10-30,44,39,3
PO011316,S015,P0258,W13,2026-05-05,2026-05-18,2026-05-17,47,41,4
PO011317,S009,P0098,W12,2026-06-07,2026-07-04,2026-07-05,136,131,5
PO011318,S022,P0143,W07,2026-05-13,2026-05-28,2026-06-05,97,90,6
PO011319,S023,P0271,W09,2025-03-15,2025-03-18,2025-03-16,75,66,6
PO011320,S017,P0269,W10,2026-02-23,2026-03-26,2026-03-26,23,22,1
PO011321,S022,P0388,W09,2026-05-28,2026-06-03,2026-06-02,52,48,2
PO011322,S002,P0157,W14,2025-09-25,2025-10-23,2025-10-23,61,55,4
PO011323,S037,P0316,W07,2025-03-30,2025-04-09,2025-04-09,85,83,1
PO011324,S025,P0142,W14,2026-05-11,2026-05-31,2026-06-07,57,54,2
PO011325,S019,P0146,W02,2025-06-16,2025-07-05,2025-07-13,136,121,9
PO011326,S030,P0253,W10,2025-08-25,2025-09-13,2025-09-13,84,76,6
PO011327,S026,P0232,W14,2025-02-01,2025-02-09,2025-02-08,24,22,2
PO011328,S019,P0266,W05,2026-04-23,2026-05-05,2026-05-03,33,31,1
PO011329,S014,P0040,W08,2025-04-11,2025-04-17,2025-04-17,120,109,9
PO011330,S005,P0320,W11,2025-08-06,2025-09-03,2025-09-08,82,80,0
PO011331,S027,P0144,W12,2026-02-06,2026-03-12,2026-03-12,71,64,5
PO011332,S010,P0367,W03,2025-02-23,2025-03-21,2025-03-20,42,38,3
PO011333,S003,P0187,W08,2025-11-21,2025-12-14,2025-12-14,52,48,2
PO011334,S004,P0262,W11,2025-01-22,2025-02-11,2025-02-20,104,95,7
PO011335,S036,P0124,W11,2026-03-03,2026-04-04,2026-04-03,42,40,1
PO011336,S031,P0169,W08,2026-03-06,2026-03-22,2026-03-22,13,12,1
PO011337,S009,P0343,W09,2025-09-15,2025-10-04,2025-10-04,90,85,4
PO011338,S018,P0364,W15,2025-06-07,2025-06-29,2025-06-27,72,63,7
PO011339,S039,P0179,W04,2025-05-28,2025-06-16,2025-06-22,71,65,5
PO011340,S026,P0115,W12,2025-02-20,2025-03-07,2025-03-18,33,30,3
PO011341,S001,P0245,W15,2026-03-04,2026-03-07,2026-03-06,80,79,1
PO011342,S038,P0355,W15,2025-01-25,2025-02-12,2025-02-12,108,98,6
PO011343,S010,P0059,W02,2025-10-16,2025-11-13,2025-11-11,21,19,1
PO011344,S025,P0262,W12,2026-04-21,2026-05-22,2026-05-22,26,25,1
PO011345,S023,P0021,W09,2025-09-17,2025-10-01,2025-10-01,94,84,7
PO011346,S002,P0375,W09,2026-04-06,2026-04-28,2026-05-10,51,48,2
PO011347,S040,P0123,W06,2026-06-30,2026-07-10,2026-07-09,113,106,3
PO011348,S039,P0017,W04,2025-02-25,2025-03-14,2025-03-12,48,44,3
PO011349,S017,P0347,W06,2026-04-06,2026-04-25,2026-04-25,27,26,1
PO011350,S007,P0233,W09,2026-01-27,2026-02-25,2026-02-24,59,52,6
PO011351,S039,P0370,W14,2025-08-22,2025-09-06,2025-09-15,52,47,3
PO011352,S023,P0036,W06,2026-04-12,2026-04-16,2026-04-22,70,64,5
PO011353,S007,P0314,W08,2026-05-29,2026-06-21,2026-06-20,45,38,5
PO011354,S003,P0353,W04,2025-01-09,2025-01-30,2025-01-29,88,84,3
PO011355,S023,P0207,W03,2025-02-07,2025-02-18,2025-02-18,32,30,2
PO011356,S028,P0136,W11,2025-07-19,2025-08-10,2025-08-10,21,21,0
PO011357,S002,P0020,W10,2026-04-06,2026-05-04,2026-05-04,60,53,4
PO011358,S020,P0176,W08,2025-04-11,2025-04-25,2025-04-25,80,73,7
PO011359,S013,P0391,W15,2025-03-01,2025-04-09,2025-04-08,84,79,1
PO011360,S015,P0351,W07,2025-01-07,2025-01-16,2025-01-14,58,51,7
PO011361,S018,P0106,W05,2025-04-26,2025-05-28,2025-05-28,105,88,12
PO011362,S006,P0109,W03,2026-05-03,2026-05-13,2026-05-11,74,72,2
PO011363,S038,P0040,W01,2025-12-29,2026-01-16,2026-01-16,123,110,12
PO011364,S002,P0120,W10,2026-01-02,2026-02-04,2026-02-02,88,83,3
PO011365,S008,P0246,W15,2025-06-11,2025-06-25,2025-06-25,56,54,2
PO011366,S035,P0364,W09,2025-07-01,2025-07-10,2025-07-10,20,17,2
PO011367,S039,P0153,W04,2025-09-15,2025-10-11,2025-10-23,38,36,1
PO011368,S040,P0232,W01,2026-01-11,2026-01-17,2026-01-15,106,100,4
PO011369,S017,P0319,W10,2025-07-15,2025-08-02,2025-08-12,67,61,3
PO011370,S015,P0150,W07,2026-03-25,2026-04-12,2026-04-11,66,55,9
PO011371,S027,P0307,W13,2025-09-25,2025-10-29,2025-10-27,46,41,4
PO011372,S020,P0326,W14,2025-12-03,2025-12-17,2025-12-15,56,48,7
PO011373,S011,P0302,W01,2025-07-12,2025-07-24,2025-07-24,98,95,0
PO011374,S031,P0249,W04,2026-03-17,2026-03-26,2026-03-25,40,38,2
PO011375,S011,P0321,W05,2025-07-17,2025-07-27,2025-07-25,48,48,0
PO011376,S011,P0254,W11,2025-01-01,2025-01-04,2025-01-03,43,42,0
PO011377,S015,P0019,W08,2026-01-28,2026-02-15,2026-02-15,86,75,7
PO011378,S017,P0360,W12,2025-10-26,2025-11-26,2025-11-26,318,302,10
PO011379,S027,P0159,W10,2026-04-23,2026-05-22,2026-05-22,111,96,13
PO011380,S023,P0186,W05,2025-04-27,2025-05-06,2025-05-06,52,47,4
PO011381,S018,P0289,W13,2025-11-06,2025-12-01,2025-12-12,31,28,3
PO011382,S015,P0358,W11,2025-08-03,2025-08-13,2025-08-12,147,134,13
PO011383,S008,P0364,W09,2025-02-22,2025-03-12,2025-03-10,129,120,6
PO011384,S015,P0009,W11,2025-10-25,2025-11-04,2025-11-04,25,21,3
PO011385,S016,P0235,W04,2025-01-13,2025-01-28,2025-01-28,77,72,4
PO011386,S018,P0031,W15,2025-12-25,2026-01-09,2026-01-20,34,29,4
PO011387,S038,P0122,W01,2025-10-16,2025-11-07,2025-11-08,87,78,6
PO011388,S023,P0284,W06,2025-11-16,2025-12-07,2025-12-05,192,170,19
PO011389,S013,P0254,W04,2025-06-19,2025-07-13,2025-07-11,75,73,1
PO011390,S024,P0199,W05,2026-03-12,2026-04-06,2026-04-09,104,95,7
PO011391,S003,P0185,W06,2025-12-08,2026-01-09,2026-01-08,74,70,3
PO011392,S025,P0368,W05,2025-09-08,2025-09-30,2025-09-30,38,35,2
PO011393,S037,P0232,W11,2026-01-13,2026-01-22,2026-01-22,83,78,3
PO011394,S011,P0300,W06,2026-05-20,2026-06-01,2026-05-31,37,35,1
PO011395,S029,P0325,W12,2026-05-02,2026-05-06,2026-05-06,90,83,3
PO011396,S034,P0389,W04,2025-06-25,2025-07-09,2025-07-17,44,40,2
PO011397,S035,P0278,W03,2025-12-04,2025-12-19,2025-12-18,29,26,3
PO011398,S020,P0094,W14,2025-06-08,2025-06-20,2025-06-18,76,68,7
PO011399,S017,P0208,W14,2025-07-14,2025-08-15,2025-08-15,128,116,6
PO011400,S023,P0127,W08,2025-06-26,2025-07-02,2025-07-11,23,21,1
PO011401,S026,P0333,W06,2025-08-23,2025-09-05,2025-09-03,120,105,13
PO011402,S012,P0303,W09,2026-05-24,2026-06-27,2026-06-25,101,94,6
PO011403,S024,P0035,W08,2025-06-30,2025-08-04,2025-08-04,93,84,7
PO011404,S028,P0125,W08,2025-04-10,2025-05-06,2025-05-05,54,48,4
PO011405,S040,P0186,W08,2026-02-14,2026-02-25,2026-02-23,111,111,0
PO011406,S020,P0169,W10,2026-05-27,2026-06-13,2026-06-11,61,55,5
PO011407,S012,P0376,W11,2025-12-22,2026-01-28,2026-02-01,40,37,3
PO011408,S021,P0098,W12,2025-05-13,2025-05-17,2025-05-15,37,33,3
PO011409,S034,P0185,W04,2025-01-29,2025-02-11,2025-02-10,143,132,10
PO011410,S017,P0254,W15,2025-11-28,2025-12-18,2025-12-18,190,175,11
PO011411,S014,P0320,W08,2026-02-11,2026-02-14,2026-02-13,174,156,14
PO011412,S012,P0111,W11,2025-01-01,2025-02-12,2025-02-24,32,31,1
PO011413,S011,P0368,W02,2025-09-29,2025-10-09,2025-10-08,77,76,0
PO011414,S029,P0075,W02,2025-04-04,2025-04-18,2025-04-17,66,63,1
PO011415,S022,P0201,W05,2025-07-22,2025-08-05,2025-08-05,32,32,0
PO011416,S005,P0036,W10,2026-02-18,2026-03-20,,87,83,0
PO011417,S011,P0178,W04,2025-12-21,2026-01-03,2026-01-03,69,67,1
PO011418,S005,P0399,W04,2026-04-07,2026-04-27,2026-04-27,47,46,1
PO011419,S003,P0320,W07,2025-04-28,2025-05-28,2025-05-27,50,48,2
PO011420,S008,P0237,W12,2025-05-19,2025-06-07,2025-06-06,97,94,2
PO011421,S037,P0315,W12,2025-06-18,2025-06-26,2025-06-25,178,167,3
PO011422,S038,P0383,W12,2025-04-15,2025-05-03,2025-05-14,41,38,3
PO011423,S039,P0292,W10,2025-09-13,2025-10-01,2025-10-13,26,24,2
PO011424,S016,P0205,W05,2026-06-21,2026-07-04,2026-07-04,102,94,7
PO011425,S013,P0395,W11,2025-11-08,2025-12-04,2025-12-13,264,252,11
PO011426,S022,P0105,W06,2025-08-08,2025-08-27,2025-08-25,53,52,1
PO011427,S002,P0253,W03,2025-05-29,2025-06-26,2025-06-24,57,54,3
PO011428,S003,P0240,W01,2025-06-03,2025-06-25,2025-06-24,47,45,1
PO011429,S038,P0362,W10,2025-02-13,2025-03-05,2025-03-03,77,71,5
PO011430,S034,P0188,W02,2025-03-18,2025-03-27,2025-03-25,106,100,3
PO011431,S031,P0343,W08,2025-09-14,2025-09-26,2025-09-25,72,68,3
PO011432,S017,P0392,W04,2025-06-25,2025-07-27,2025-07-26,69,66,3
PO011433,S038,P0042,W03,2026-05-30,2026-06-21,2026-06-21,146,128,14
PO011434,S003,P0162,W07,2025-12-07,2026-01-02,2026-01-01,64,63,1
PO011435,S004,P0225,W08,2026-02-17,2026-03-02,2026-03-02,42,40,2
PO011436,S013,P0240,W09,2025-12-21,2026-01-23,2026-01-23,88,84,0
PO011437,S028,P0347,W02,2025-10-17,2025-11-14,2025-11-14,117,108,9
PO011438,S034,P0380,W07,2026-01-11,2026-01-14,2026-01-13,37,35,2
PO011439,S007,P0244,W10,2026-04-15,2026-05-13,2026-05-13,140,122,13
PO011440,S032,P0072,W14,2026-04-05,2026-04-24,2026-04-23,113,107,3
PO011441,S017,P0231,W15,2025-05-01,2025-05-24,2025-05-23,81,75,4
PO011442,S037,P0097,W12,2025-09-02,2025-09-05,2025-09-05,50,48,1
PO011443,S030,P0182,W10,2026-02-27,2026-03-18,2026-03-18,22,21,1
PO011444,S032,P0208,W12,2025-11-19,2025-12-13,2025-12-13,25,25,0
PO011445,S002,P0087,W03,2025-04-13,2025-05-06,2025-05-04,116,104,7
PO011446,S005,P0051,W04,2026-05-31,2026-06-20,2026-06-18,46,44,2
PO011447,S004,P0037,W07,2025-03-18,2025-04-02,2025-03-31,94,89,5
PO011448,S003,P0141,W08,2026-05-31,2026-06-17,2026-06-17,51,49,1
PO011449,S008,P0301,W02,2025-10-13,2025-10-22,2025-10-22,19,18,0
PO011450,S021,P0088,W12,2026-02-18,2026-02-25,2026-02-25,92,83,7
PO011451,S035,P0056,W11,2026-03-09,2026-03-24,2026-03-23,139,131,8
PO011452,S032,P0116,W06,2025-05-18,2025-06-03,2025-06-03,59,55,2
PO011453,S002,P0375,W08,2026-05-18,2026-06-21,2026-06-21,105,96,8
PO011454,S015,P0207,W14,2025-07-22,2025-08-16,2025-08-15,75,65,8
PO011455,S031,P0234,W07,2026-06-25,2026-07-17,2026-07-25,84,79,4
PO011456,S030,P0012,W14,2025-09-08,2025-10-03,2025-10-03,113,100,8
PO011457,S004,P0304,W03,2025-12-21,2026-01-11,2026-01-09,101,84,12
PO011458,S001,P0283,W09,2025-08-20,2025-08-26,2025-08-25,109,106,1
PO011459,S003,P0051,W08,2025-02-04,2025-02-27,2025-02-26,97,94,2
PO011460,S038,P0168,W14,2025-02-21,2025-03-12,2025-03-11,96,86,10
PO011461,S026,P0277,W11,2025-04-16,2025-04-26,2025-04-26,95,86,7
PO011462,S011,P0320,W12,2025-03-24,2025-04-11,2025-04-11,63,63,0
PO011463,S002,P0315,W10,2025-05-26,2025-06-28,2025-06-27,57,53,4
PO011464,S008,P0354,W03,2025-01-10,2025-01-13,2025-01-12,76,73,3
PO011465,S014,P0368,W10,2026-06-02,2026-06-10,2026-06-08,72,66,4
PO011466,S034,P0230,W05,2025-11-24,2025-12-08,2025-12-10,80,72,7
PO011467,S005,P0323,W04,2025-12-26,2026-01-14,2026-01-13,102,95,3
PO011468,S029,P0271,W04,2025-01-12,2025-01-22,2025-01-22,170,163,7
PO011469,S037,P0230,W11,2025-02-16,2025-02-19,2025-02-17,71,67,2
PO011470,S032,P0039,W12,2025-04-24,2025-05-09,2025-05-09,66,62,2
PO011471,S002,P0181,W04,2026-02-14,2026-03-16,2026-03-16,41,39,2
PO011472,S026,P0142,W12,2026-05-22,2026-06-18,2026-06-17,203,180,21
PO011473,S022,P0213,W01,2025-08-02,2025-08-16,2025-08-16,105,95,5
PO011474,S036,P0234,W01,2026-01-14,2026-02-12,2026-02-12,80,74,4
PO011475,S017,P0075,W15,2025-03-15,2025-04-18,2025-04-18,45,44,1
PO011476,S038,P0305,W04,2025-08-23,2025-09-18,2025-09-17,18,17,1
PO011477,S036,P0248,W13,2025-01-13,2025-02-18,2025-03-01,37,35,1
PO011478,S036,P0053,W03,2026-06-26,2026-07-26,2026-07-25,30,29,1
PO011479,S035,P0209,W05,2025-12-04,2025-12-22,2025-12-22,61,53,7
PO011480,S006,P0114,W07,2025-10-14,2025-10-23,2025-10-22,230,214,11
PO011481,S039,P0028,W13,2026-03-24,2026-04-19,2026-04-18,11,10,0
PO011482,S002,P0219,W01,2026-04-03,2026-04-26,2026-04-27,85,79,4
PO011483,S002,P0384,W02,2025-02-02,2025-03-05,2025-03-05,145,135,6
PO011484,S022,P0254,W12,2025-02-05,2025-02-20,2025-02-19,68,63,2
PO011485,S021,P0019,W11,2025-08-30,2025-09-13,2025-09-11,94,85,8
PO011486,S035,P0354,W13,2025-04-15,2025-04-28,2025-04-28,82,74,6
PO011487,S037,P0355,W10,2025-07-01,2025-07-04,2025-07-03,29,29,0
PO011488,S017,P0220,W11,2025-07-28,2025-08-23,2025-08-21,64,59,2
PO011489,S031,P0082,W09,2025-02-13,2025-03-05,2025-03-03,36,34,2
PO011490,S030,P0175,W08,2025-10-29,2025-11-11,2025-11-10,64,60,4
PO011491,S016,P0046,W14,2026-03-11,2026-04-01,2026-03-30,52,48,3
PO011492,S038,P0378,W01,2026-01-02,2026-01-12,2026-01-17,109,101,8
PO011493,S026,P0195,W05,2025-12-23,2026-01-02,2025-12-31,85,74,10
PO011494,S004,P0352,W15,2025-07-24,2025-08-05,2025-08-04,55,50,5
PO011495,S002,P0055,W04,2025-10-20,2025-11-16,2025-11-16,79,71,6
PO011496,S030,P0186,W13,2026-03-03,2026-03-17,2026-03-15,69,64,4
PO011497,S025,P0306,W13,2025-04-28,2025-05-24,2025-05-23,173,157,10
PO011498,S021,P0341,W11,2025-01-26,2025-02-10,2025-02-19,70,62,7
PO011499,S016,P0177,W12,2025-09-29,2025-10-28,2025-10-28,39,36,2
PO011500,S018,P0055,W04,2026-03-02,2026-03-20,2026-03-18,39,36,3
PO011501,S017,P0004,W11,2026-03-25,2026-04-20,2026-05-01,189,179,8
PO011502,S036,P0328,W08,2025-01-22,2025-02-18,2025-02-16,83,77,4
PO011503,S007,P0042,W03,2026-03-19,2026-04-22,2026-04-21,110,97,11
PO011504,S039,P0282,W08,2026-02-02,2026-02-27,2026-02-28,60,58,2
PO011505,S025,P0349,W06,2025-10-02,2025-11-01,2025-11-02,68,64,3
PO011506,S034,P0113,W12,2025-08-11,2025-08-18,2025-08-17,68,64,4
PO011507,S017,P0291,W01,2026-03-27,2026-04-21,2026-04-20,29,27,2
PO011508,S033,P0157,W15,2026-04-27,2026-05-30,2026-05-30,33,31,2
PO011509,S019,P0381,W07,2025-06-18,2025-07-13,2025-07-13,88,82,3
PO011510,S035,P0186,W04,2026-04-21,2026-05-03,2026-05-02,81,70,7
PO011511,S014,P0225,W04,2025-06-26,2025-07-09,2025-07-07,62,56,5
PO011512,S013,P0211,W01,2025-03-27,2025-04-26,2025-04-25,73,68,2
PO011513,S010,P0326,W13,2025-08-15,2025-09-04,2025-09-02,146,132,13
PO011514,S011,P0130,W14,2026-02-11,2026-02-26,2026-02-25,135,132,1
PO011515,S026,P0219,W08,2025-11-23,2025-12-13,2025-12-23,34,30,4
PO011516,S006,P0329,W01,2026-02-07,2026-02-10,2026-02-18,19,18,0
PO011517,S029,P0252,W11,2026-03-06,2026-03-12,2026-03-10,52,52,0
PO011518,S029,P0104,W03,2025-05-18,2025-05-24,2025-06-01,43,42,1
PO011519,S001,P0352,W06,2026-01-01,2026-01-04,2026-01-03,125,124,1
PO011520,S004,P0121,W14,2025-03-18,2025-04-03,2025-04-01,122,108,13
PO011521,S006,P0061,W01,2026-03-26,2026-03-29,2026-03-28,227,215,4
PO011522,S038,P0112,W07,2025-09-23,2025-10-09,2025-10-19,73,66,4
PO011523,S038,P0078,W05,2025-08-07,2025-08-25,2025-08-25,49,44,4
PO011524,S029,P0266,W04,2025-06-30,2025-07-08,2025-07-07,19,19,0
PO011525,S006,P0363,W11,2025-08-03,2025-08-09,2025-08-07,10,9,0
PO011526,S001,P0059,W08,2026-04-15,2026-04-23,2026-04-30,160,151,1
PO011527,S008,P0227,W11,2025-07-06,2025-07-21,2025-07-30,113,104,4
PO011528,S020,P0245,W14,2026-05-07,2026-05-20,2026-06-01,191,170,15
PO011529,S036,P0103,W07,2025-11-30,2025-12-20,2025-12-19,51,49,2
PO011530,S001,P0179,W13,2025-09-04,2025-09-16,2025-09-15,39,37,1
PO011531,S033,P0307,W01,2025-06-19,2025-07-25,2025-08-01,56,50,4
PO011532,S024,P0398,W13,2025-07-02,2025-08-07,2025-08-05,56,53,3
PO011533,S014,P0050,W01,2025-03-15,2025-03-18,2025-03-16,69,62,4
PO011534,S037,P0267,W09,2025-03-13,2025-03-20,2025-03-18,74,71,1
PO011535,S019,P0317,W10,2025-09-22,2025-10-09,2025-10-15,80,75,2
PO011536,S037,P0344,W05,2025-01-29,2025-02-10,2025-02-09,60,56,1
PO011537,S020,P0293,W09,2026-01-27,2026-01-31,2026-01-31,55,50,5
PO011538,S007,P0382,W15,2025-12-03,2025-12-29,2025-12-30,22,19,2
PO011539,S003,P0115,W02,2025-10-01,2025-10-30,2025-10-30,99,92,3
PO011540,S006,P0105,W06,2026-03-06,2026-03-11,2026-03-11,40,37,2
PO011541,S014,P0246,W13,2025-11-01,2025-11-12,2025-11-10,44,39,3
PO011542,S022,P0078,W13,2026-03-15,2026-03-28,2026-03-26,109,102,4
PO011543,S005,P0180,W01,2025-01-21,2025-02-08,2025-02-06,45,42,1
PO011544,S029,P0034,W07,2025-05-22,2025-06-05,2025-06-03,80,73,4
PO011545,S028,P0075,W06,2025-08-25,2025-09-15,2025-09-13,76,69,4
PO011546,S017,P0375,W13,2025-01-22,2025-02-15,2025-02-14,27,26,0
PO011547,S040,P0206,W13,2025-03-14,2025-03-22,2025-03-26,66,63,0
PO011548,S028,P0192,W05,2026-01-08,2026-02-04,2026-02-04,182,167,14
PO011549,S010,P0118,W05,2025-09-22,2025-10-20,2025-10-22,48,44,4
PO011550,S020,P0098,W07,2026-01-07,2026-01-26,2026-01-25,143,127,11
PO011551,S037,P0273,W03,2025-10-30,2025-11-14,2025-11-14,70,68,1
PO011552,S027,P0089,W15,2026-04-29,2026-05-21,2026-05-21,127,115,9
PO011553,S001,P0344,W01,2026-03-16,2026-03-25,2026-03-24,58,56,1
PO011554,S035,P0311,W07,2026-04-13,2026-04-21,2026-05-02,75,69,6
PO011555,S001,P0327,W14,2025-12-15,2025-12-20,2025-12-18,93,90,0
PO011556,S028,P0360,W01,2025-09-15,2025-10-06,2025-10-06,41,39,2
PO011557,S008,P0062,W01,2025-01-05,2025-01-08,2025-01-16,55,50,3
PO011558,S029,P0091,W07,2025-11-27,2025-12-03,2025-12-03,51,46,3
PO011559,S029,P0299,W05,2025-08-11,2025-08-19,2025-08-18,33,32,1
PO011560,S037,P0067,W11,2026-05-21,2026-06-05,2026-06-15,39,37,1
PO011561,S005,P0345,W11,2025-03-15,2025-04-10,2025-04-10,91,83,5
PO011562,S015,P0019,W08,2025-10-22,2025-11-14,2025-11-13,46,39,5
PO011563,S011,P0038,W01,2025-08-16,2025-08-30,2025-08-28,199,195,1
PO011564,S010,P0105,W07,2026-03-27,2026-04-30,2026-04-30,66,59,4
PO011565,S025,P0129,W15,2026-01-18,2026-02-18,2026-02-18,26,26,0
PO011566,S011,P0045,W08,2025-12-16,2026-01-01,2026-01-01,24,23,0
PO011567,S013,P0136,W05,2025-03-26,2025-04-27,2025-04-25,81,77,2
PO011568,S002,P0250,W03,2026-01-30,2026-02-26,2026-02-26,62,57,5
PO011569,S038,P0025,W08,2026-03-27,2026-04-09,2026-04-08,28,26,2
PO011570,S027,P0212,W14,2025-01-06,2025-02-07,2025-02-06,96,87,5
PO011571,S007,P0309,W12,2025-04-18,2025-05-18,2025-05-17,62,53,7
PO011572,S021,P0320,W06,2026-03-16,2026-03-21,2026-03-20,137,126,10
PO011573,S020,P0152,W06,2025-02-20,2025-03-06,2025-03-04,97,90,7
PO011574,S040,P0296,W12,2025-03-08,2025-03-29,2025-03-27,39,37,1
PO011575,S001,P0378,W15,2025-09-24,2025-10-02,2025-10-02,42,41,0
PO011576,S021,P0060,W09,2026-04-27,2026-05-06,2026-05-05,39,35,4
PO011577,S036,P0313,W14,2025-08-21,2025-09-21,2025-09-21,45,42,1
PO011578,S009,P0051,W15,2026-04-27,2026-05-16,2026-05-14,151,144,6
PO011579,S029,P0253,W07,2025-07-08,2025-07-16,2025-07-16,144,134,3
PO011580,S010,P0354,W05,2026-05-14,2026-06-22,2026-06-30,127,118,9
PO011581,S031,P0329,W10,2025-01-23,2025-02-17,2025-02-24,204,187,14
PO011582,S028,P0256,W10,2025-09-01,2025-10-03,2025-10-05,324,284,31
PO011583,S013,P0224,W10,2026-04-19,2026-05-25,2026-05-25,111,111,0
PO011584,S005,P0012,W11,2025-03-04,2025-03-17,2025-03-16,28,26,1
PO011585,S021,P0337,W15,2025-01-29,2025-02-10,2025-02-08,31,27,3
PO011586,S033,P0077,W09,2025-10-18,2025-11-19,2025-11-18,95,86,6
PO011587,S010,P0265,W12,2026-04-22,2026-05-19,2026-05-17,61,58,3
PO011588,S009,P0376,W11,2025-06-10,2025-07-02,2025-06-30,81,75,5
PO011589,S023,P0361,W15,2026-05-06,2026-05-15,2026-05-14,174,152,14
PO011590,S014,P0304,W10,2025-05-26,2025-06-03,2025-06-04,245,223,13
PO011591,S004,P0375,W05,2025-12-06,2025-12-26,2025-12-26,39,36,3
PO011592,S037,P0379,W08,2025-10-08,2025-10-16,2025-10-15,186,173,7
PO011593,S016,P0071,W10,2025-11-16,2025-11-30,2025-12-10,99,90,9
PO011594,S039,P0170,W08,2025-12-18,2026-01-08,2026-01-07,55,51,2
PO011595,S001,P0326,W10,2025-02-01,2025-02-10,2025-02-09,94,93,1
PO011596,S002,P0176,W09,2025-02-12,2025-03-14,2025-03-14,29,27,1
PO011597,S039,P0285,W06,2026-02-26,2026-03-18,2026-03-18,54,51,3
PO011598,S005,P0101,W13,2025-07-16,2025-08-04,2025-08-03,144,138,0
PO011599,S039,P0348,W07,2026-05-25,2026-06-16,2026-06-17,36,35,1
PO011600,S020,P0380,W03,2026-02-10,2026-03-01,2026-03-02,90,80,9
PO011601,S003,P0366,W08,2025-07-15,2025-08-03,2025-08-01,69,66,3
PO011602,S022,P0125,W13,2026-02-26,2026-03-13,2026-03-13,68,65,0
PO011603,S025,P0295,W08,2026-02-26,2026-03-24,2026-03-24,61,57,2
PO011604,S029,P0250,W11,2025-08-22,2025-09-10,2025-09-09,26,25,1
PO011605,S005,P0067,W02,2026-05-16,2026-06-06,2026-06-04,55,53,2
PO011606,S024,P0024,W03,2026-01-29,2026-03-01,2026-02-28,90,79,8
PO011607,S022,P0377,W03,2025-11-27,2025-12-16,2025-12-14,26,26,0
PO011608,S027,P0343,W14,2026-06-08,2026-07-03,2026-07-02,56,52,4
PO011609,S005,P0123,W02,2026-03-15,2026-04-10,2026-04-09,44,44,0
PO011610,S025,P0124,W15,2026-02-26,2026-03-25,2026-04-03,86,81,3
PO011611,S012,P0247,W03,2025-01-10,2025-02-05,2025-02-03,103,95,4
PO011612,S023,P0148,W04,2025-09-13,2025-09-30,2025-09-29,123,110,10
PO011613,S030,P0180,W10,2026-04-23,2026-04-27,2026-04-26,39,35,4
PO011614,S011,P0108,W04,2025-12-07,2025-12-11,2025-12-10,49,48,1
PO011615,S017,P0034,W01,2025-03-30,2025-04-30,2025-04-30,14,13,1
PO011616,S019,P0065,W12,2025-03-31,2025-04-07,2025-04-06,30,28,1
PO011617,S012,P0275,W06,2025-07-25,2025-08-29,2025-08-27,133,125,6
PO011618,S036,P0395,W06,2025-01-17,2025-02-21,2025-02-24,117,111,5
PO011619,S003,P0158,W01,2025-09-27,2025-10-21,2025-10-21,27,27,0
PO011620,S005,P0302,W04,2025-08-02,2025-08-23,2025-08-22,101,93,5
PO011621,S013,P0343,W02,2026-03-17,2026-04-11,2026-04-11,106,101,3
PO011622,S003,P0317,W04,2025-12-28,2026-01-15,2026-01-14,50,46,2
PO011623,S005,P0307,W04,2025-10-27,2025-11-21,2025-11-21,119,112,5
PO011624,S008,P0374,W06,2025-01-03,2025-01-25,2025-01-24,50,47,1
PO011625,S013,P0173,W12,2025-04-23,2025-05-17,2025-05-16,83,77,3
PO011626,S027,P0386,W01,2026-05-08,2026-06-07,2026-06-07,22,20,1
PO011627,S019,P0164,W03,2026-03-20,2026-04-06,2026-04-05,76,72,1
PO011628,S039,P0099,W04,2025-08-07,2025-08-27,2025-08-26,18,17,1
PO011629,S036,P0007,W04,2026-05-04,2026-05-30,2026-05-28,40,37,2
PO011630,S019,P0311,W06,2025-06-27,2025-07-13,2025-07-24,55,53,0
PO011631,S005,P0030,W02,2025-06-30,2025-07-29,2025-07-28,39,39,0
PO011632,S034,P0130,W06,2025-12-06,2025-12-17,2025-12-16,27,26,1
PO011633,S037,P0005,W02,2026-02-16,2026-02-27,2026-02-27,10,10,0
PO011634,S030,P0241,W13,2025-06-14,2025-07-05,2025-07-04,23,22,1
PO011635,S037,P0180,W07,2025-09-06,2025-09-19,2025-09-22,70,70,0
PO011636,S001,P0370,W15,2025-07-11,2025-07-15,2025-07-13,37,36,1
PO011637,S034,P0386,W10,2025-07-31,2025-08-10,2025-08-08,70,68,1
PO011638,S038,P0011,W11,2025-08-13,2025-09-09,2025-09-07,32,28,3
PO011639,S017,P0188,W04,2025-01-19,2025-02-17,2025-02-15,83,79,2
PO011640,S033,P0317,W05,2025-11-20,2025-12-26,2025-12-31,45,42,3
PO011641,S010,P0228,W01,2026-05-31,2026-06-27,2026-06-26,24,22,2
PO011642,S034,P0380,W13,2026-04-13,2026-05-01,2026-05-09,135,123,9
PO011643,S031,P0111,W12,2025-04-01,2025-04-24,2025-04-22,50,45,4
PO011644,S003,P0365,W10,2025-05-09,2025-06-09,2025-06-08,102,98,3
PO011645,S001,P0015,W01,2025-07-07,2025-07-10,2025-07-09,94,90,1
PO011646,S018,P0127,W08,2026-03-09,2026-03-29,2026-03-28,26,23,3
PO011647,S007,P0136,W05,2026-04-04,2026-05-07,2026-05-06,96,84,8
PO011648,S030,P0253,W13,2025-02-16,2025-02-23,2025-02-21,59,53,6
PO011649,S033,P0320,W09,2025-10-11,2025-11-06,2025-11-05,72,64,6
PO011650,S026,P0099,W09,2025-05-13,2025-05-24,2025-05-22,125,109,14
PO011651,S025,P0151,W15,2025-09-05,2025-09-29,2025-09-27,75,70,3
PO011652,S017,P0279,W09,2025-04-22,2025-05-24,2025-05-24,119,109,7
PO011653,S034,P0171,W07,2025-11-26,2025-12-04,2025-12-02,54,51,3
PO011654,S038,P0198,W08,2025-05-14,2025-06-04,2025-06-04,24,22,2
PO011655,S020,P0206,W15,2025-04-23,2025-05-09,2025-05-07,164,145,13
PO011656,S005,P0324,W13,2025-10-26,2025-11-18,2025-11-18,46,45,0
PO011657,S017,P0145,W05,2025-03-19,2025-04-13,2025-04-11,70,65,4
PO011658,S018,P0006,W12,2025-07-13,2025-08-03,2025-08-01,14,12,1
PO011659,S029,P0286,W13,2025-04-03,2025-04-17,2025-04-16,181,172,4
PO011660,S034,P0355,W14,2025-10-05,2025-10-13,2025-10-12,25,23,1
PO011661,S020,P0344,W01,2025-03-14,2025-03-29,2025-03-27,74,65,8
PO011662,S001,P0371,W06,2026-01-04,2026-01-07,2026-01-05,61,59,1
PO011663,S025,P0268,W06,2025-09-10,2025-10-11,2025-10-11,59,55,3
PO011664,S035,P0047,W01,2026-05-09,2026-05-21,2026-05-19,81,73,7
PO011665,S027,P0004,W08,2025-05-21,2025-06-15,2025-06-13,52,48,3
PO011666,S033,P0181,W12,2025-09-21,2025-10-23,2025-10-22,92,84,8
PO011667,S009,P0023,W15,2025-01-22,2025-02-06,2025-02-04,84,78,6
PO011668,S020,P0184,W15,2025-05-16,2025-05-20,2025-05-19,38,34,3
PO011669,S010,P0396,W07,2025-12-10,2026-01-01,2026-01-01,142,119,16
PO011670,S019,P0050,W08,2025-01-18,2025-02-03,2025-02-03,99,95,4
PO011671,S026,P0208,W03,2025-11-30,2025-12-20,2025-12-18,65,58,7
PO011672,S009,P0031,W13,2025-02-11,2025-03-04,2025-03-04,10,10,0
PO011673,S033,P0071,W01,2026-04-24,2026-05-21,2026-05-20,59,55,4
PO011674,S021,P0085,W11,2026-06-15,2026-06-25,2026-06-23,44,39,4
PO011675,S022,P0395,W11,2025-11-26,2025-12-14,2025-12-13,110,103,5
PO011676,S029,P0011,W06,2025-02-07,2025-02-10,2025-02-08,22,21,0
PO011677,S036,P0083,W13,2026-01-23,2026-02-25,2026-02-24,44,42,1
PO011678,S028,P0364,W09,2025-03-27,2025-04-24,2025-04-29,36,33,2
PO011679,S004,P0054,W12,2025-05-12,2025-05-15,2025-05-17,123,106,11
PO011680,S040,P0332,W03,2026-01-25,2026-01-31,2026-01-30,95,90,3
PO011681,S019,P0146,W06,2025-11-24,2025-12-07,2025-12-06,45,41,3
PO011682,S028,P0248,W09,2026-03-01,2026-03-26,2026-03-25,77,69,7
PO011683,S004,P0134,W14,2026-05-27,2026-06-16,2026-06-23,23,20,2
PO011684,S031,P0383,W09,2025-03-14,2025-03-28,2025-03-26,62,59,3
PO011685,S038,P0331,W13,2026-06-16,2026-07-09,2026-07-13,93,82,7
PO011686,S030,P0227,W13,2025-05-27,2025-06-11,2025-06-21,175,163,12
PO011687,S009,P0235,W03,2025-08-03,2025-08-29,2025-08-29,30,29,1
PO011688,S020,P0234,W13,2025-04-05,2025-04-21,2025-04-19,124,110,10
PO011689,S035,P0094,W03,2025-08-07,2025-08-11,2025-08-11,80,74,6
PO011690,S033,P0367,W06,2026-03-24,2026-04-19,2026-04-18,57,51,4
PO011691,S030,P0377,W03,2025-02-04,2025-02-08,2025-02-06,25,23,1
PO011692,S036,P0036,W14,2025-09-27,2025-10-29,2025-10-28,20,19,0
PO011693,S036,P0256,W11,2026-02-20,2026-03-21,2026-03-20,38,36,2
PO011694,S031,P0084,W04,2025-11-04,2025-11-30,2025-11-29,41,38,3
PO011695,S004,P0073,W09,2025-09-10,2025-10-02,2025-10-09,25,23,2
PO011696,S018,P0210,W13,2025-07-31,2025-09-01,2025-08-30,122,107,12
PO011697,S025,P0198,W03,2025-09-22,2025-10-19,2025-10-19,98,94,4
PO011698,S038,P0251,W07,2026-06-30,2026-07-30,2026-07-28,75,70,5
PO011699,S015,P0103,W13,2025-11-16,2025-12-04,2025-12-02,39,35,4
PO011700,S029,P0336,W04,2025-02-09,2025-02-12,2025-02-12,117,112,3
PO011701,S014,P0288,W14,2026-03-30,2026-04-06,2026-04-09,33,30,2
PO011702,S033,P0249,W02,2026-02-28,2026-03-26,2026-03-25,10,9,0
PO011703,S004,P0202,W08,2025-04-26,2025-05-22,2025-05-21,58,52,5
PO011704,S011,P0076,W01,2026-01-27,2026-02-03,2026-02-01,35,34,1
PO011705,S030,P0186,W09,2026-02-18,2026-02-25,2026-02-23,58,51,5
PO011706,S005,P0238,W08,2025-10-29,2025-11-29,2025-11-28,196,183,5
PO011707,S017,P0166,W13,2026-02-20,2026-03-19,2026-03-17,90,82,4
PO011708,S015,P0118,W02,2025-08-23,2025-09-06,2025-09-04,47,40,6
PO011709,S013,P0294,W01,2025-11-26,2025-12-30,2025-12-29,159,153,2
PO011710,S017,P0092,W07,2026-06-12,2026-07-12,2026-07-13,55,51,3
PO011711,S009,P0343,W14,2025-06-07,2025-06-24,2025-06-22,36,35,0
PO011712,S019,P0277,W05,2025-05-26,2025-06-14,2025-06-16,88,85,3
PO011713,S038,P0314,W03,2025-08-24,2025-09-18,2025-09-17,81,73,5
PO011714,S025,P0212,W11,2026-02-20,2026-03-18,2026-03-17,127,116,8
PO011715,S037,P0100,W02,2026-02-07,2026-02-18,2026-02-18,141,133,8
PO011716,S022,P0373,W10,2026-02-14,2026-03-01,2026-03-01,34,33,1
PO011717,S034,P0233,W13,2025-04-03,2025-04-13,2025-04-12,34,32,2
PO011718,S007,P0046,W01,2025-03-04,2025-03-27,2025-03-25,63,56,7
PO011719,S001,P0130,W14,2025-03-16,2025-03-19,2025-03-17,175,167,0
PO011720,S004,P0024,W01,2026-04-15,2026-05-01,2026-04-30,41,38,3
PO011721,S003,P0332,W06,2026-02-13,2026-03-09,2026-03-15,17,16,0
PO011722,S029,P0345,W01,2026-03-23,2026-03-29,2026-03-27,123,122,1
PO011723,S018,P0149,W08,2025-04-29,2025-05-27,2025-05-25,143,121,16
PO011724,S038,P0171,W11,2025-08-06,2025-08-23,2025-08-21,19,17,1
PO011725,S008,P0338,W05,2025-01-01,2025-01-17,2025-01-15,20,20,0
PO011726,S015,P0356,W10,2025-09-01,2025-09-24,2025-09-23,147,129,14
PO011727,S001,P0101,W13,2025-12-02,2025-12-14,2025-12-14,53,53,0
PO011728,S001,P0334,W03,2025-06-12,2025-06-17,2025-06-17,34,33,0
PO011729,S017,P0372,W07,2025-04-10,2025-05-08,2025-05-06,145,134,8
PO011730,S004,P0400,W09,2026-02-04,2026-02-20,2026-02-20,26,23,2
PO011731,S039,P0202,W08,2025-09-17,2025-10-12,2025-10-12,60,56,2
PO011732,S030,P0178,W05,2025-09-22,2025-10-05,2025-10-03,25,24,1
PO011733,S039,P0131,W01,2025-01-16,2025-02-04,2025-02-02,17,15,1
PO011734,S005,P0285,W04,2025-07-19,2025-08-07,2025-08-07,112,104,4
PO011735,S007,P0230,W12,2025-12-13,2026-01-12,2026-01-11,39,34,4
PO011736,S011,P0313,W07,2025-10-20,2025-11-02,2025-11-02,45,44,0
PO011737,S016,P0320,W05,2025-06-09,2025-06-19,2025-06-17,83,74,6
PO011738,S026,P0289,W10,2026-05-16,2026-06-01,2026-05-30,106,92,13
PO011739,S007,P0247,W13,2025-04-21,2025-05-25,2025-05-23,48,41,5
PO011740,S034,P0359,W11,2026-05-22,2026-06-05,2026-06-04,117,109,5
PO011741,S009,P0017,W13,2025-06-25,2025-07-26,2025-07-26,148,135,11
PO011742,S040,P0067,W10,2025-04-30,2025-05-14,2025-05-12,32,31,0
PO011743,S023,P0385,W01,2025-12-15,2025-12-24,2025-12-24,29,27,2
PO011744,S009,P0167,W01,2025-07-29,2025-08-22,2025-08-28,52,49,2
PO011745,S002,P0196,W08,2025-02-17,2025-03-20,2025-03-20,40,37,1
PO011746,S032,P0342,W09,2025-05-22,2025-06-09,2025-06-09,308,286,14
PO011747,S038,P0054,W03,2025-05-13,2025-05-26,2025-05-26,56,51,5
PO011748,S028,P0246,W04,2025-02-17,2025-03-05,2025-03-03,65,60,4
PO011749,S018,P0168,W09,2026-04-20,2026-05-11,2026-05-09,37,34,3
PO011750,S029,P0049,W15,2025-05-13,2025-05-22,2025-05-22,64,60,2
PO011751,S023,P0094,W13,2025-10-04,2025-10-18,2025-10-30,253,225,18
PO011752,S010,P0022,W02,2025-04-02,2025-04-27,2025-04-26,29,28,1
PO011753,S027,P0296,W13,2025-06-19,2025-07-19,2025-07-19,161,147,13
PO011754,S004,P0237,W03,2025-10-14,2025-11-01,2025-10-30,78,73,4
PO011755,S029,P0243,W13,2025-10-03,2025-10-07,2025-10-06,184,177,7
PO011756,S033,P0305,W01,2025-08-17,2025-09-18,2025-09-28,48,42,4
PO011757,S003,P0336,W07,2025-12-04,2025-12-23,2025-12-29,44,43,0
PO011758,S019,P0074,W05,2025-11-06,2025-11-29,2025-11-28,50,48,2
PO011759,S006,P0176,W02,2026-05-04,2026-05-07,2026-05-05,37,36,1
PO011760,S038,P0015,W05,2025-10-10,2025-11-04,2025-11-03,82,76,5
PO011761,S027,P0146,W12,2025-06-06,2025-07-05,2025-07-09,46,42,4
PO011762,S001,P0141,W15,2025-06-08,2025-06-14,2025-06-14,102,98,0
PO011763,S026,P0382,W06,2025-09-22,2025-10-08,2025-10-09,67,60,6
PO011764,S026,P0315,W15,2025-02-14,2025-02-24,2025-02-22,231,201,22
PO011765,S029,P0222,W05,2025-02-11,2025-02-14,2025-02-13,110,104,4
PO011766,S018,P0041,W11,2026-04-12,2026-05-05,2026-05-05,208,177,24
PO011767,S003,P0228,W10,2025-09-06,2025-09-29,2025-09-28,28,27,0
PO011768,S038,P0330,W05,2026-02-22,2026-03-22,2026-03-20,80,70,7
PO011769,S004,P0210,W13,2025-08-26,2025-09-06,2025-09-05,90,81,7
PO011770,S030,P0247,W10,2026-01-31,2026-02-20,2026-02-18,85,78,7
PO011771,S033,P0175,W09,2025-03-05,2025-04-13,2025-04-13,80,73,5
PO011772,S028,P0329,W08,2025-05-30,2025-06-26,2025-07-02,25,23,2
PO011773,S040,P0383,W02,2026-02-15,2026-02-23,2026-02-22,40,39,0
PO011774,S024,P0071,W11,2026-01-29,2026-03-03,2026-03-01,146,130,11
PO011775,S016,P0334,W15,2025-11-01,2025-11-28,2025-12-03,93,87,6
PO011776,S018,P0143,W14,2026-04-27,2026-05-28,2026-06-01,12,11,1
PO011777,S034,P0146,W11,2025-07-17,2025-07-28,2025-07-28,126,113,9
PO011778,S039,P0031,W05,2025-01-17,2025-01-31,2025-01-30,154,140,7
PO011779,S006,P0285,W03,2025-06-13,2025-06-20,2025-06-18,82,77,3
PO011780,S038,P0209,W05,2025-09-15,2025-10-11,2025-10-11,44,40,3
PO011781,S032,P0390,W12,2025-04-12,2025-05-03,2025-05-13,31,30,0
PO011782,S002,P0234,W04,2026-03-13,2026-04-18,2026-04-18,375,341,29
PO011783,S039,P0267,W06,2025-02-05,2025-02-23,2025-02-22,161,145,8
PO011784,S002,P0150,W11,2025-08-23,2025-09-20,2025-09-18,37,36,1
PO011785,S031,P0261,W14,2025-02-26,2025-03-13,2025-03-11,16,15,0
PO011786,S039,P0074,W03,2025-09-18,2025-10-04,2025-10-02,27,25,1
PO011787,S033,P0193,W05,2025-08-07,2025-09-06,2025-09-05,290,260,17
PO011788,S004,P0136,W13,2026-06-07,2026-06-25,2026-06-23,52,48,4
PO011789,S034,P0390,W05,2025-11-09,2025-11-22,2025-11-20,91,84,3
PO011790,S032,P0115,W12,2026-05-03,2026-05-16,2026-05-14,28,28,0
PO011791,S011,P0062,W08,2025-10-22,2025-11-11,2025-11-10,135,132,1
PO011792,S018,P0236,W12,2026-06-04,2026-06-26,2026-06-26,87,75,8
PO011793,S020,P0223,W14,2025-05-31,2025-06-10,2025-06-15,148,138,10
PO011794,S023,P0375,W15,2026-01-24,2026-02-06,2026-02-12,163,150,9
PO011795,S011,P0323,W05,2025-02-23,2025-03-17,2025-03-15,80,80,0
PO011796,S040,P0245,W08,2025-08-26,2025-09-08,2025-09-06,43,43,0
PO011797,S012,P0215,W13,2025-04-16,2025-05-19,2025-05-19,10,10,0
PO011798,S004,P0292,W05,2026-03-21,2026-03-31,2026-03-31,89,78,9
PO011799,S030,P0132,W06,2025-08-05,2025-08-25,2025-08-30,78,67,8
PO011800,S027,P0056,W13,2025-03-18,2025-04-21,2025-04-19,138,124,10
PO011801,S015,P0065,W07,2026-06-18,2026-07-10,2026-07-09,43,37,4
PO011802,S039,P0311,W09,2025-07-16,2025-08-02,2025-08-07,56,53,1
PO011803,S024,P0322,W13,2026-03-14,2026-04-17,2026-04-16,181,156,16
PO011804,S035,P0322,W07,2026-03-03,2026-03-14,2026-03-14,143,129,14
PO011805,S020,P0150,W13,2025-10-04,2025-10-22,2025-11-03,55,50,5
PO011806,S033,P0269,W06,2025-11-17,2025-12-21,2025-12-19,89,80,7
PO011807,S010,P0345,W03,2026-03-21,2026-04-18,2026-04-18,34,30,3
PO011808,S023,P0375,W05,2025-03-19,2025-04-03,2025-04-03,120,106,11
PO011809,S008,P0158,W07,2026-06-03,2026-06-16,2026-06-15,99,89,7
PO011810,S027,P0003,W06,2025-11-04,2025-12-04,2025-12-04,50,46,4
PO011811,S007,P0375,W08,2026-01-20,2026-02-15,2026-02-15,95,84,10
PO011812,S022,P0209,W09,2026-05-10,2026-05-19,2026-05-17,180,167,13
PO011813,S036,P0181,W05,2026-01-15,2026-02-13,2026-02-24,96,91,4
PO011814,S003,P0227,W09,2025-03-16,2025-04-07,2025-04-07,99,97,2
PO011815,S024,P0183,W15,2025-07-08,2025-08-09,2025-08-13,242,211,20
PO011816,S035,P0215,W06,2025-01-14,2025-01-30,2025-01-28,341,293,41
PO011817,S030,P0219,W15,2026-02-05,2026-02-11,2026-02-11,102,94,8
PO011818,S005,P0012,W05,2025-02-10,2025-03-04,2025-03-04,44,41,1
PO011819,S023,P0063,W01,2026-03-16,2026-03-26,2026-03-26,87,79,6
PO011820,S031,P0311,W04,2025-08-31,2025-09-19,2025-09-19,96,87,9
PO011821,S034,P0320,W05,2025-12-15,2026-01-02,2026-01-01,56,52,4
PO011822,S002,P0270,W07,2025-12-23,2026-01-21,2026-01-26,38,36,1
PO011823,S010,P0362,W11,2026-03-19,2026-04-20,2026-04-19,97,86,8
PO011824,S039,P0315,W11,2026-06-09,2026-07-08,2026-07-06,37,36,1
PO011825,S007,P0397,W02,2025-08-31,2025-10-03,2025-10-03,42,35,5
PO011826,S036,P0298,W06,2025-05-07,2025-06-04,2025-06-02,75,68,4
PO011827,S036,P0361,W11,2025-07-13,2025-08-14,2025-08-12,24,21,2
PO011828,S004,P0169,W12,2026-04-19,2026-05-07,2026-05-07,87,73,10
PO011829,S031,P0067,W09,2025-03-11,2025-03-26,2025-04-06,61,55,4
PO011830,S021,P0136,W03,2026-05-27,2026-06-06,2026-06-05,83,74,5
PO011831,S009,P0370,W09,2025-07-17,2025-07-28,2025-07-28,25,24,1
PO011832,S037,P0381,W01,2025-11-25,2025-12-01,2025-11-29,70,64,3
PO011833,S028,P0129,W01,2025-12-27,2026-01-27,2026-01-26,71,65,5
PO011834,S014,P0311,W11,2026-05-08,2026-05-11,2026-05-13,120,114,5
PO011835,S026,P0153,W12,2025-12-27,2026-01-09,2026-01-09,107,97,10
PO011836,S015,P0190,W06,2025-04-08,2025-04-21,2025-04-19,51,46,5
PO011837,S010,P0302,W05,2025-11-14,2025-12-11,2025-12-09,304,275,23
PO011838,S005,P0134,W01,2026-03-06,2026-03-29,2026-04-01,110,104,3
PO011839,S016,P0194,W06,2026-05-27,2026-06-16,2026-06-15,76,67,6
PO011840,S006,P0167,W10,2025-07-09,2025-07-19,2025-07-17,75,71,3
PO011841,S029,P0009,W10,2025-11-16,2025-11-21,2025-11-21,231,212,10
PO011842,S020,P0392,W15,2025-01-26,2025-02-11,2025-02-11,64,59,5
PO011843,S038,P0106,W12,2026-04-11,2026-05-03,2026-05-02,33,30,2
PO011844,S030,P0119,W01,2025-10-04,2025-10-24,2025-10-23,38,36,2
PO011845,S003,P0214,W08,2025-11-01,2025-11-26,2025-11-25,55,53,1
PO011846,S015,P0265,W15,2025-12-24,2026-01-13,2026-01-12,24,22,2
PO011847,S031,P0134,W02,2025-06-03,2025-06-30,2025-06-28,52,47,3
PO011848,S010,P0307,W01,2025-10-01,2025-10-30,2025-10-29,38,36,2
PO011849,S020,P0361,W06,2026-03-28,2026-04-10,2026-04-08,44,40,3
PO011850,S037,P0246,W15,2025-12-30,2026-01-07,2026-01-07,46,46,0
PO011851,S022,P0248,W03,2026-01-10,2026-01-14,2026-01-16,93,89,4
PO011852,S023,P0234,W14,2025-02-27,2025-03-07,2025-03-18,88,78,7
PO011853,S023,P0242,W01,2025-10-29,2025-11-09,2025-11-08,34,31,2
PO011854,S013,P0358,W13,2025-02-03,2025-02-24,2025-02-26,54,53,0
PO011855,S039,P0360,W14,2025-04-01,2025-04-22,2025-04-21,34,31,2
PO011856,S018,P0146,W11,2025-11-10,2025-12-04,2025-12-07,224,200,20
PO011857,S008,P0163,W14,2025-10-17,2025-10-31,2025-10-31,77,72,2
PO011858,S035,P0128,W11,2025-01-26,2025-02-13,2025-02-13,53,46,6
PO011859,S017,P0326,W12,2026-03-19,2026-04-03,2026-04-03,158,151,6
PO011860,S007,P0190,W07,2026-06-24,2026-07-26,2026-08-02,73,64,7
PO011861,S025,P0304,W05,2026-03-06,2026-03-29,2026-03-29,131,122,8
PO011862,S015,P0073,W10,2025-09-24,2025-10-10,2025-10-09,107,97,9
PO011863,S030,P0181,W06,2025-10-28,2025-11-08,2025-11-07,141,130,7
PO011864,S002,P0023,W07,2025-02-17,2025-03-18,2025-03-16,50,46,3
PO011865,S008,P0284,W05,2025-07-14,2025-07-22,2025-07-20,164,149,7
PO011866,S039,P0267,W03,2025-06-15,2025-07-10,2025-07-13,17,16,0
PO011867,S008,P0067,W08,2025-08-16,2025-08-30,2025-08-29,157,151,6
PO011868,S009,P0137,W09,2025-11-03,2025-11-17,2025-11-15,157,150,6
PO011869,S032,P0377,W07,2026-04-18,2026-05-12,2026-05-11,54,53,1
PO011870,S014,P0085,W04,2025-06-27,2025-07-07,2025-07-05,46,40,4
PO011871,S036,P0014,W04,2026-03-16,2026-04-18,2026-04-17,36,35,1
PO011872,S009,P0083,W06,2025-06-30,2025-07-31,2025-07-30,52,48,3
PO011873,S021,P0047,W10,2025-12-06,2025-12-14,2025-12-14,35,31,3
PO011874,S029,P0131,W09,2025-12-13,2025-12-16,2025-12-15,42,40,1
PO011875,S018,P0273,W05,2025-08-28,2025-09-17,2025-09-16,19,17,1
PO011876,S027,P0127,W05,2026-04-06,2026-05-02,2026-05-01,62,53,6
PO011877,S014,P0136,W03,2025-07-24,2025-08-09,2025-08-11,32,29,2
PO011878,S026,P0380,W06,2025-03-09,2025-03-25,2025-04-06,38,33,4
PO011879,S030,P0197,W10,2025-06-09,2025-06-15,2025-06-15,99,89,8
PO011880,S028,P0361,W08,2026-01-15,2026-02-05,2026-02-05,221,196,17
PO011881,S007,P0064,W12,2025-02-06,2025-03-13,2025-03-11,56,47,7
PO011882,S031,P0325,W02,2025-07-12,2025-07-31,2025-07-29,34,32,2
PO011883,S026,P0353,W08,2025-06-18,2025-07-11,2025-07-14,43,38,3
PO011884,S026,P0085,W08,2025-01-22,2025-01-25,2025-01-23,511,452,47
PO011885,S036,P0056,W03,2025-05-13,2025-06-10,2025-06-10,141,138,3
PO011886,S039,P0261,W09,2025-04-16,2025-05-06,2025-05-06,369,333,26
PO011887,S036,P0135,W10,2025-03-08,2025-04-04,2025-04-03,206,198,4
PO011888,S002,P0034,W01,2025-06-05,2025-06-24,2025-06-24,77,72,4
PO011889,S028,P0242,W03,2025-02-28,2025-04-01,2025-03-30,98,89,7
PO011890,S033,P0339,W09,2025-02-14,2025-03-25,2025-03-23,57,54,3
PO011891,S036,P0304,W12,2025-06-06,2025-07-09,2025-07-20,49,46,3
PO011892,S011,P0327,W10,2026-03-07,2026-03-20,2026-03-18,104,97,3
PO011893,S034,P0244,W12,2025-12-08,2025-12-28,2025-12-27,155,142,9
PO011894,S019,P0146,W06,2025-12-31,2026-01-19,2026-01-19,54,52,2
PO011895,S029,P0328,W03,2025-06-03,2025-06-06,2025-06-04,42,40,0
PO011896,S032,P0368,W15,2026-02-22,2026-03-25,2026-03-24,31,30,1
PO011897,S015,P0169,W04,2026-01-02,2026-01-22,2026-01-20,62,54,6
PO011898,S018,P0317,W01,2025-08-01,2025-08-26,2025-08-24,49,44,5
PO011899,S007,P0027,W13,2025-11-14,2025-12-09,2025-12-07,145,125,17
PO011900,S024,P0079,W10,2026-02-26,2026-03-29,2026-03-28,34,31,3
PO011901,S028,P0109,W11,2025-10-02,2025-10-23,2025-10-22,64,58,3
PO011902,S033,P0224,W12,2025-11-06,2025-12-11,2025-12-20,32,30,2
PO011903,S028,P0093,W12,2025-10-08,2025-10-30,2025-10-29,105,96,7
PO011904,S002,P0038,W07,2025-11-02,2025-12-02,2025-12-02,116,106,8
PO011905,S038,P0093,W06,2025-10-29,2025-11-25,2025-11-24,72,67,4
PO011906,S023,P0208,W03,2025-02-03,2025-02-19,2025-02-17,29,27,2
PO011907,S021,P0090,W05,2025-07-11,2025-07-18,2025-07-17,174,145,21
PO011908,S040,P0400,W15,2025-02-10,2025-02-27,2025-02-25,237,225,4
PO011909,S014,P0093,W01,2026-04-06,2026-04-16,2026-04-16,81,75,6
PO011910,S026,P0400,W13,2025-05-04,2025-05-21,2025-05-19,398,350,45
PO011911,S033,P0060,W02,2025-02-04,2025-03-22,2025-03-21,74,66,6
PO011912,S024,P0231,W09,2025-03-24,2025-04-23,2025-04-23,22,21,1
PO011913,S023,P0160,W15,2026-02-03,2026-02-16,2026-02-16,53,48,4
PO011914,S029,P0273,W02,2025-05-07,2025-05-27,2025-05-26,32,31,1
PO011915,S014,P0115,W02,2025-02-20,2025-03-01,2025-02-27,130,118,7
PO011916,S035,P0384,W09,2025-07-12,2025-07-27,2025-07-26,160,144,16
PO011917,S026,P0093,W02,2025-06-14,2025-06-18,2025-06-21,109,96,13
PO011918,S031,P0082,W06,2026-04-10,2026-05-01,2026-05-01,86,77,6
PO011919,S019,P0257,W05,2026-01-10,2026-01-31,2026-01-31,137,127,8
PO011920,S025,P0325,W15,2025-10-02,2025-10-20,2025-10-19,59,56,3
PO011921,S013,P0355,W03,2026-01-05,2026-01-23,2026-01-22,68,62,3
PO011922,S027,P0265,W11,2025-01-09,2025-02-01,2025-01-31,45,41,3
PO011923,S028,P0103,W01,2025-03-21,2025-04-09,2025-04-07,101,91,8
PO011924,S018,P0237,W05,2025-07-23,2025-08-19,2025-08-17,123,106,13
PO011925,S008,P0131,W11,2025-11-09,2025-11-21,2025-11-20,97,90,4
PO011926,S024,P0048,W01,2025-07-12,2025-08-17,2025-08-16,24,23,1
PO011927,S022,P0370,W09,2025-07-02,2025-07-22,2025-07-21,84,79,2
PO011928,S015,P0097,W10,2025-01-10,2025-01-28,2025-01-27,27,24,2
PO011929,S005,P0208,W09,2025-05-15,2025-06-03,2025-06-03,41,37,2
PO011930,S026,P0231,W06,2026-06-27,2026-07-09,2026-07-08,121,101,14
PO011931,S015,P0100,W13,2025-07-24,2025-07-29,2025-07-29,72,65,7
PO011932,S003,P0222,W08,2025-07-10,2025-07-30,2025-07-30,79,74,3
PO011933,S039,P0129,W08,2026-04-27,2026-05-20,2026-05-20,40,38,2
PO011934,S021,P0183,W11,2026-05-14,2026-05-31,2026-05-29,51,46,4
PO011935,S034,P0118,W15,2025-06-08,2025-06-16,2025-06-15,105,91,9
PO011936,S027,P0132,W14,2025-03-21,2025-04-24,2025-04-23,449,410,34
PO011937,S032,P0135,W05,2025-03-25,2025-04-16,2025-04-14,107,104,3
PO011938,S028,P0250,W14,2026-04-12,2026-05-06,2026-05-06,44,40,3
PO011939,S024,P0372,W02,2025-05-14,2025-06-15,2025-06-14,67,60,5
PO011940,S011,P0380,W08,2025-06-15,2025-06-28,2025-06-27,57,57,0
PO011941,S004,P0352,W03,2025-01-17,2025-02-10,2025-02-10,58,53,3
PO011942,S024,P0250,W11,2025-12-28,2026-01-22,2026-02-03,109,98,9
PO011943,S016,P0159,W14,2025-11-20,2025-12-05,2025-12-05,57,51,4
PO011944,S019,P0293,W14,2025-11-22,2025-12-13,2025-12-23,222,202,12
PO011945,S023,P0148,W04,2026-06-29,2026-07-17,2026-07-17,27,25,1
PO011946,S004,P0271,W10,2025-02-21,2025-03-17,2025-03-16,43,39,4
PO011947,S027,P0306,W12,2025-01-16,2025-02-17,2025-02-16,128,118,8
PO011948,S040,P0280,W15,2026-01-10,2026-01-13,2026-01-11,68,66,1
PO011949,S029,P0149,W14,2025-08-30,2025-09-09,2025-09-08,30,30,0
PO011950,S032,P0326,W15,2025-04-08,2025-04-28,2025-04-28,35,33,1
PO011951,S016,P0380,W13,2025-03-11,2025-03-26,2025-03-26,50,47,2
PO011952,S027,P0351,W03,2026-03-15,2026-04-07,2026-04-07,61,55,5
PO011953,S033,P0357,W13,2025-09-23,2025-11-03,2025-11-01,37,34,2
PO011954,S034,P0028,W01,2025-08-27,2025-09-10,2025-09-10,58,55,3
PO011955,S019,P0332,W06,2025-11-17,2025-12-04,2025-12-05,55,51,2
PO011956,S034,P0050,W08,2025-02-14,2025-02-23,2025-02-23,20,19,1
PO011957,S017,P0046,W01,2025-09-14,2025-10-13,2025-10-11,19,19,0
PO011958,S027,P0277,W04,2026-02-16,2026-03-13,2026-03-19,39,35,3
PO011959,S036,P0359,W13,2025-12-05,2026-01-04,2026-01-02,43,39,2
PO011960,S009,P0362,W08,2025-11-11,2025-11-24,2025-11-23,42,39,1
PO011961,S003,P0316,W06,2026-06-29,2026-07-29,2026-07-27,157,146,8
PO011962,S019,P0023,W15,2025-02-05,2025-02-22,2025-02-21,80,76,3
PO011963,S028,P0193,W07,2025-06-05,2025-06-27,2025-06-27,91,81,8
PO011964,S011,P0376,W10,2025-10-31,2025-11-23,2025-11-23,133,125,3
PO011965,S007,P0351,W06,2025-09-27,2025-10-25,2025-10-23,37,34,3
PO011966,S014,P0274,W05,2026-03-15,2026-03-31,2026-03-31,141,134,7
PO011967,S022,P0233,W06,2025-01-09,2025-01-23,2025-01-29,23,22,1
PO011968,S034,P0177,W03,2025-01-29,2025-02-08,2025-02-08,71,66,3
PO011969,S023,P0007,W14,2025-10-29,2025-11-08,2025-11-07,68,61,6
PO011970,S021,P0116,W09,2026-04-22,2026-04-25,2026-04-25,52,45,6
PO011971,S012,P0132,W10,2025-09-03,2025-10-06,2025-10-06,34,32,1
PO011972,S014,P0195,W03,2025-12-08,2025-12-11,2025-12-09,81,74,6
PO011973,S003,P0001,W08,2025-01-10,2025-01-30,2025-01-29,57,55,0
PO011974,S023,P0334,W09,2025-07-06,2025-07-10,2025-07-09,71,63,5
PO011975,S006,P0327,W12,2025-08-06,2025-08-20,2025-08-19,40,38,2
PO011976,S039,P0083,W03,2026-05-07,2026-05-17,2026-05-17,115,107,5
PO011977,S035,P0169,W10,2025-06-14,2025-06-29,2025-06-29,46,42,4
PO011978,S022,P0133,W05,2025-09-30,2025-10-05,2025-10-12,153,142,6
PO011979,S001,P0321,W01,2025-12-01,2025-12-07,2025-12-06,36,35,1
PO011980,S013,P0175,W15,2025-08-16,2025-09-18,2025-09-18,45,44,0
PO011981,S034,P0078,W08,2025-06-26,2025-07-09,2025-07-07,39,36,3
PO011982,S033,P0206,W06,2025-01-24,2025-02-22,2025-02-27,23,22,1
PO011983,S006,P0277,W03,2025-03-04,2025-03-19,2025-03-19,24,23,1
PO011984,S015,P0162,W02,2026-02-28,2026-03-17,2026-03-15,78,67,10
PO011985,S006,P0260,W02,2025-08-17,2025-08-29,2025-08-27,51,48,1
PO011986,S011,P0384,W11,2026-01-23,2026-02-02,2026-01-31,181,171,4
PO011987,S015,P0122,W11,2025-05-30,2025-06-09,2025-06-09,19,17,2
PO011988,S005,P0183,W09,2026-06-23,2026-07-16,2026-07-16,78,74,1
PO011989,S030,P0218,W08,2025-12-29,2026-01-15,2026-01-15,34,32,2
PO011990,S031,P0119,W01,2025-04-14,2025-05-01,2025-04-30,39,37,2
PO011991,S037,P0244,W09,2025-04-04,2025-04-17,2025-04-17,21,20,0
PO011992,S001,P0239,W11,2026-05-20,2026-05-28,2026-05-27,35,34,1
PO011993,S031,P0191,W08,2026-03-18,2026-04-02,2026-04-07,70,62,5
PO011994,S039,P0221,W11,2025-03-04,2025-03-19,2025-03-17,51,48,3
PO011995,S011,P0257,W03,2025-12-02,2025-12-14,2025-12-14,120,115,0
PO011996,S031,P0174,W15,2026-06-04,2026-06-23,2026-06-23,139,127,9
PO011997,S036,P0038,W13,2026-04-19,2026-05-15,2026-05-27,70,66,4
PO011998,S015,P0130,W14,2025-01-12,2025-01-22,2025-01-20,52,45,5
PO011999,S029,P0097,W12,2026-03-17,2026-03-28,2026-03-26,54,52,1
PO012000,S010,P0398,W05,2025-12-20,2026-01-11,2026-01-10,91,82,6
PO012001,S007,P0377,W09,2025-01-17,2025-02-14,2025-02-25,79,71,8
PO012002,S012,P0039,W12,2025-01-16,2025-02-10,2025-02-08,73,68,2
PO012003,S010,P0073,W11,2025-09-06,2025-10-07,2025-10-05,22,20,2
PO012004,S013,P0246,W13,2025-12-20,2026-01-13,2026-01-13,10,10,0
PO012005,S024,P0382,W13,2026-02-26,2026-03-30,2026-04-01,273,250,20
PO012006,S009,P0172,W12,2025-11-11,2025-11-24,2025-11-23,96,87,5
PO012007,S019,P0260,W07,2025-09-13,2025-10-03,2025-10-01,98,89,5
PO012008,S018,P0241,W07,2025-05-31,2025-06-20,2025-06-18,43,39,4
PO012009,S016,P0120,W09,2025-04-28,2025-05-19,2025-05-19,28,26,2
PO012010,S016,P0308,W13,2026-04-22,2026-05-08,,49,44,3
PO012011,S014,P0161,W10,2025-07-05,2025-07-15,2025-07-14,28,26,1
PO012012,S007,P0293,W03,2026-04-16,2026-05-19,2026-05-17,49,45,3
PO012013,S018,P0181,W03,2026-06-29,2026-07-26,2026-07-26,95,83,8
PO012014,S014,P0211,W01,2025-08-01,2025-08-18,2025-08-23,95,87,6
PO012015,S011,P0230,W06,2026-01-29,2026-02-03,2026-02-01,47,45,0
PO012016,S005,P0092,W09,2025-01-17,2025-02-02,2025-01-31,83,82,1
PO012017,S007,P0308,W06,2025-05-08,2025-06-14,2025-06-13,36,31,4
PO012018,S035,P0229,W03,2025-09-20,2025-09-30,2025-09-28,52,46,5
PO012019,S022,P0076,W06,2026-03-23,2026-04-10,2026-04-09,52,48,2
PO012020,S017,P0296,W07,2025-12-29,2026-01-31,2026-01-29,22,21,1
PO012021,S036,P0333,W05,2026-03-17,2026-04-16,2026-04-15,55,55,0
PO012022,S023,P0345,W05,2026-02-23,2026-03-07,2026-03-07,103,91,8
PO012023,S010,P0111,W10,2025-09-07,2025-10-06,2025-10-08,43,40,3
PO012024,S004,P0195,W14,2025-03-30,2025-04-17,2025-04-17,96,87,9
PO012025,S016,P0303,W11,2025-01-20,2025-01-31,2025-02-12,73,66,4
PO012026,S015,P0064,W10,2025-03-25,2025-04-09,2025-04-08,19,18,1
PO012027,S001,P0307,W01,2025-09-19,2025-09-23,2025-09-22,62,61,0
PO012028,S004,P0106,W11,2026-03-31,2026-04-22,2026-05-04,45,39,4
PO012029,S016,P0311,W06,2025-12-19,2026-01-10,2026-01-18,70,63,4
PO012030,S001,P0199,W08,2026-03-17,2026-03-22,2026-03-22,58,55,1
PO012031,S023,P0109,W08,2025-01-30,2025-02-09,2025-02-08,27,25,2
PO012032,S029,P0279,W11,2025-10-30,2025-11-03,2025-11-02,21,20,0
PO012033,S019,P0233,W08,2026-04-07,2026-04-20,2026-04-18,95,88,6
PO012034,S008,P0292,W01,2025-07-04,2025-07-19,2025-07-17,28,28,0
PO012035,S033,P0048,W02,2026-02-14,2026-03-17,2026-03-15,80,71,7
PO012036,S034,P0130,W05,2025-01-17,2025-01-27,2025-01-27,253,225,18
PO012037,S039,P0220,W01,2026-06-17,2026-06-24,2026-06-22,93,88,3
PO012038,S003,P0197,W14,2025-11-29,2025-12-24,2025-12-23,77,71,4
PO012039,S010,P0377,W08,2026-04-03,2026-05-03,2026-05-03,133,113,15
PO012040,S035,P0215,W06,2026-03-01,2026-03-15,2026-03-15,26,23,2
PO012041,S025,P0334,W06,2026-05-05,2026-05-28,2026-05-27,41,37,2
PO012042,S039,P0121,W02,2025-03-15,2025-04-05,2025-04-05,47,43,3
PO012043,S008,P0338,W03,2026-02-15,2026-02-26,2026-02-24,73,66,4
PO012044,S032,P0035,W12,2025-04-02,2025-04-18,2025-04-18,87,86,1
PO012045,S006,P0017,W13,2025-02-01,2025-02-05,2025-02-04,36,35,1
PO012046,S022,P0395,W08,2025-01-09,2025-01-21,2025-01-20,71,64,4
PO012047,S021,P0339,W02,2026-01-19,2026-01-28,2026-01-27,66,59,7
PO012048,S023,P0396,W05,2025-12-23,2026-01-03,2026-01-01,95,89,6
PO012049,S005,P0003,W06,2025-06-20,2025-07-10,2025-07-10,23,21,1
PO012050,S028,P0270,W06,2025-02-11,2025-02-25,2025-02-23,36,35,1
PO012051,S034,P0362,W15,2025-03-07,2025-03-20,2025-03-18,26,25,1
PO012052,S016,P0384,W03,2025-10-19,2025-11-04,2025-11-03,153,143,10
PO012053,S033,P0280,W13,2025-12-01,2025-12-29,2026-01-04,21,19,1
PO012054,S005,P0006,W11,2026-02-03,2026-02-19,2026-02-19,34,32,1
PO012055,S016,P0129,W06,2026-04-01,2026-04-28,2026-04-28,150,138,9
PO012056,S003,P0055,W01,2026-03-06,2026-03-25,2026-03-25,40,39,0
PO012057,S031,P0124,W03,2025-12-09,2025-12-27,2025-12-25,124,113,11
PO012058,S025,P0352,W07,2025-05-08,2025-06-04,2025-06-04,82,80,2
PO012059,S023,P0262,W07,2025-12-05,2025-12-09,2025-12-07,148,135,12
PO012060,S005,P0387,W13,2025-03-24,2025-04-13,2025-04-12,26,25,1
PO012061,S016,P0384,W04,2026-03-30,2026-04-12,2026-04-11,195,175,18
PO012062,S037,P0292,W14,2025-04-20,2025-04-28,2025-04-27,52,51,1
PO012063,S013,P0073,W08,2025-12-15,2026-01-26,2026-01-26,131,128,2
PO012064,S011,P0385,W08,2026-03-08,2026-03-24,2026-03-23,36,36,0
PO012065,S008,P0157,W08,2026-02-12,2026-02-19,2026-02-17,78,74,2
PO012066,S025,P0301,W03,2025-06-25,2025-07-11,2025-07-10,58,54,3
PO012067,S002,P0306,W02,2025-08-15,2025-09-11,2025-09-14,91,86,5
PO012068,S001,P0146,W09,2025-09-12,2025-09-15,2025-09-13,61,58,0
PO012069,S016,P0052,W05,2026-03-25,2026-04-08,2026-04-07,111,99,8
PO012070,S001,P0057,W12,2025-07-11,2025-07-17,2025-07-17,204,197,4
PO012071,S025,P0001,W01,2025-02-09,2025-03-06,2025-03-06,67,60,4
PO012072,S025,P0131,W06,2026-03-05,2026-03-25,2026-03-25,54,51,3
PO012073,S040,P0332,W12,2025-03-27,2025-04-02,2025-04-01,52,52,0
PO012074,S037,P0141,W10,2025-04-06,2025-04-18,2025-04-18,29,27,1
PO012075,S006,P0393,W10,2025-09-20,2025-10-02,2025-10-02,57,54,2
PO012076,S022,P0001,W01,2026-04-29,2026-05-11,2026-05-10,99,93,5
PO012077,S016,P0357,W13,2025-05-31,2025-06-17,2025-06-17,153,135,12
PO012078,S019,P0195,W06,2025-09-25,2025-10-14,2025-10-14,61,56,4
PO012079,S004,P0357,W01,2025-10-09,2025-10-31,2025-10-29,36,32,4
PO012080,S011,P0219,W06,2025-01-07,2025-01-13,2025-01-11,56,53,2
PO012081,S017,P0177,W02,2025-09-18,2025-10-04,2025-10-02,222,209,13
PO012082,S011,P0127,W09,2025-10-09,2025-10-19,2025-10-18,92,90,0
PO012083,S002,P0024,W09,2025-11-25,2025-12-18,2025-12-16,55,51,3
PO012084,S009,P0243,W07,2026-05-30,2026-06-14,2026-06-13,42,40,2
PO012085,S010,P0153,W11,2026-03-09,2026-04-12,2026-04-10,47,41,4
PO012086,S011,P0252,W13,2026-03-29,2026-04-18,2026-04-16,53,53,0
PO012087,S007,P0016,W04,2025-01-15,2025-02-10,2025-02-10,69,59,7
PO012088,S005,P0386,W02,2025-11-30,2025-12-26,2025-12-24,56,50,4
PO012089,S008,P0384,W06,2026-02-15,2026-02-27,2026-02-27,75,73,2
PO012090,S029,P0237,W14,2025-08-30,2025-09-12,2025-09-12,36,35,1
PO012091,S034,P0177,W14,2025-11-25,2025-12-06,2025-12-04,16,15,1
PO012092,S024,P0307,W08,2025-10-05,2025-11-07,2025-11-07,171,150,17
PO012093,S015,P0336,W13,2026-03-16,2026-04-11,2026-04-09,183,160,21
PO012094,S007,P0308,W13,2025-11-12,2025-12-12,2025-12-13,22,19,2
PO012095,S003,P0315,W15,2026-06-02,2026-06-19,2026-06-17,67,65,2
PO012096,S004,P0354,W07,2026-01-09,2026-01-23,2026-01-21,74,66,6
PO012097,S012,P0171,W06,2026-06-24,2026-07-23,2026-07-27,49,45,2
PO012098,S022,P0199,W09,2025-03-31,2025-04-16,2025-04-14,58,54,3
PO012099,S027,P0234,W06,2026-01-05,2026-02-05,2026-02-03,35,32,2
PO012100,S028,P0225,W12,2026-01-20,2026-02-10,2026-02-08,82,75,6
PO012101,S032,P0361,W10,2025-01-03,2025-02-01,2025-01-31,40,39,1
PO012102,S029,P0304,W08,2025-10-13,2025-10-26,2025-10-24,157,149,5
PO012103,S025,P0011,W07,2025-05-31,2025-06-20,2025-06-19,29,27,1
PO012104,S019,P0006,W15,2025-04-04,2025-04-17,2025-04-17,31,30,1
PO012105,S026,P0302,W01,2026-01-18,2026-01-30,2026-02-11,168,152,15
PO012106,S019,P0018,W03,2026-06-06,2026-06-25,2026-06-25,81,73,4
PO012107,S011,P0076,W05,2025-12-26,2026-01-10,2026-01-09,97,94,1
PO012108,S025,P0167,W03,2025-06-27,2025-07-11,2025-07-15,187,171,14
PO012109,S036,P0331,W02,2025-07-27,2025-08-26,2025-08-26,45,43,1
PO012110,S010,P0026,W10,2025-08-10,2025-09-07,2025-09-06,73,67,5
PO012111,S010,P0206,W05,2025-07-23,2025-08-21,2025-08-20,117,105,9
PO012112,S003,P0231,W07,2025-05-05,2025-05-28,2025-05-28,66,64,2
PO012113,S014,P0031,W10,2026-06-10,2026-06-13,2026-06-13,23,20,2
PO012114,S020,P0278,W14,2025-07-13,2025-07-21,2025-07-20,27,24,2
PO012115,S035,P0260,W09,2026-04-01,2026-04-16,2026-04-14,81,68,11
PO012116,S012,P0230,W04,2025-06-30,2025-07-30,2025-07-30,96,92,3
PO012117,S016,P0373,W02,2025-02-25,2025-03-20,2025-04-01,126,111,11
PO012118,S020,P0398,W03,2026-02-27,2026-03-18,2026-03-17,43,38,5
PO012119,S027,P0324,W11,2025-04-28,2025-06-03,2025-06-07,82,75,7
PO012120,S029,P0293,W08,2026-04-05,2026-04-16,2026-04-15,35,35,0
PO012121,S013,P0214,W12,2025-07-20,2025-08-19,2025-08-28,42,41,0
PO012122,S028,P0158,W05,2025-10-02,2025-10-26,2025-10-26,66,60,4
PO012123,S022,P0021,W05,2025-12-22,2026-01-05,2026-01-03,59,58,1
PO012124,S022,P0331,W13,2025-02-25,2025-03-16,2025-03-15,74,71,3
PO012125,S014,P0114,W05,2025-03-10,2025-03-16,2025-03-23,49,46,3
PO012126,S006,P0213,W01,2026-06-02,2026-06-10,2026-06-19,140,131,6
PO012127,S037,P0271,W10,2026-01-08,2026-01-19,2026-01-18,23,22,0
PO012128,S026,P0038,W07,2026-02-04,2026-02-22,2026-03-06,18,16,1
PO012129,S023,P0312,W09,2025-04-03,2025-04-18,2025-04-17,81,72,5
PO012130,S010,P0263,W06,2026-01-20,2026-02-20,2026-02-19,225,199,15
PO012131,S001,P0205,W13,2026-02-25,2026-03-10,2026-03-08,53,50,2
PO012132,S034,P0088,W11,2025-08-18,2025-08-29,2025-08-28,44,41,1
PO012133,S039,P0327,W13,2025-08-14,2025-09-12,2025-09-12,101,91,6
PO012134,S025,P0009,W05,2026-02-05,2026-02-16,2026-02-16,32,31,1
PO012135,S024,P0151,W14,2025-11-15,2025-12-20,2025-12-20,28,25,3
PO012136,S030,P0146,W11,2025-09-22,2025-10-11,2025-10-22,56,49,6
PO012137,S019,P0269,W14,2026-05-25,2026-06-16,2026-06-16,46,44,2
PO012138,S016,P0358,W07,2025-04-17,2025-05-05,2025-05-03,46,41,4
PO012139,S001,P0036,W13,2025-03-23,2025-03-26,2025-03-26,44,42,1
PO012140,S036,P0038,W08,2026-01-07,2026-02-03,2026-02-02,70,68,1
PO012141,S033,P0342,W10,2026-02-01,2026-03-02,2026-03-07,29,28,1
PO012142,S017,P0394,W15,2025-07-19,2025-08-16,2025-08-14,225,206,12
PO012143,S040,P0004,W11,2026-06-12,2026-06-22,2026-06-27,42,40,0
PO012144,S034,P0069,W13,2026-05-28,2026-06-05,2026-06-03,137,125,6
PO012145,S020,P0231,W11,2025-03-03,2025-03-09,2025-03-21,53,48,4
PO012146,S008,P0087,W06,2025-11-21,2025-12-03,2025-12-02,289,264,16
PO012147,S025,P0323,W04,2025-03-07,2025-04-03,2025-04-01,81,77,4
PO012148,S036,P0056,W13,2025-10-23,2025-11-19,2025-11-24,51,47,2
PO012149,S008,P0228,W01,2025-01-19,2025-01-30,2025-01-30,186,176,10
PO012150,S029,P0299,W07,2025-09-16,2025-09-23,2025-09-23,75,70,2
PO012151,S032,P0159,W06,2026-03-19,2026-04-02,2026-04-01,177,165,10
PO012152,S007,P0290,W06,2025-11-22,2025-12-28,2025-12-31,169,147,18
PO012153,S024,P0013,W08,2026-04-13,2026-05-17,2026-05-16,78,71,5
PO012154,S029,P0272,W12,2025-01-26,2025-02-03,2025-02-03,20,19,0
PO012155,S035,P0144,W04,2025-07-01,2025-07-17,2025-07-16,161,140,18
PO012156,S015,P0012,W01,2025-02-26,2025-03-14,2025-03-13,39,35,4
PO012157,S011,P0007,W07,2025-01-10,2025-01-19,2025-01-19,47,44,1
PO012158,S014,P0249,W11,2025-10-06,2025-10-15,2025-10-18,82,75,5
PO012159,S031,P0241,W04,2026-01-02,2026-01-17,2026-01-15,144,129,10
PO012160,S040,P0129,W03,2025-11-13,2025-11-22,2025-11-21,47,45,1
PO012161,S003,P0376,W15,2025-12-06,2025-12-27,2025-12-26,45,44,1
PO012162,S008,P0239,W14,2025-11-26,2025-12-04,2025-12-02,125,119,6
PO012163,S008,P0355,W05,2025-03-06,2025-03-11,2025-03-11,106,99,7
PO012164,S040,P0050,W08,2026-04-13,2026-04-24,2026-04-23,165,162,0
PO012165,S015,P0100,W03,2026-06-25,2026-07-20,2026-07-31,96,85,8
PO012166,S007,P0144,W01,2025-11-03,2025-12-15,2025-12-15,176,153,20
PO012167,S018,P0248,W14,2025-02-09,2025-03-03,2025-03-02,24,22,2
PO012168,S005,P0172,W05,2025-12-19,2026-01-14,2026-01-13,83,79,3
PO012169,S005,P0276,W06,2025-01-26,2025-02-13,2025-02-11,19,19,0
PO012170,S010,P0312,W13,2025-08-25,2025-09-19,2025-09-18,71,61,7
PO012171,S024,P0019,W11,2025-03-08,2025-04-18,2025-04-18,241,220,14
PO012172,S036,P0108,W06,2026-01-21,2026-02-25,2026-02-23,79,75,4
PO012173,S024,P0236,W03,2025-03-07,2025-04-18,2025-04-16,93,85,6
PO012174,S006,P0097,W06,2025-12-04,2025-12-11,2025-12-10,119,109,6
PO012175,S024,P0367,W13,2025-08-18,2025-09-26,2025-09-28,106,92,10
PO012176,S028,P0149,W02,2025-10-03,2025-11-01,2025-11-01,137,122,10
PO012177,S010,P0360,W01,2026-02-17,2026-03-19,2026-03-17,159,140,15
PO012178,S010,P0357,W01,2025-11-26,2025-12-25,2025-12-24,195,172,14
PO012179,S037,P0163,W03,2026-03-13,2026-03-17,2026-03-15,105,104,0
PO012180,S039,P0203,W04,2025-11-26,2025-12-17,2025-12-17,291,265,18
PO012181,S010,P0071,W02,2025-11-12,2025-11-29,2025-11-27,86,75,8
PO012182,S027,P0198,W03,2025-08-08,2025-09-11,2025-09-09,74,66,8
PO012183,S011,P0067,W02,2026-06-13,2026-06-26,2026-06-25,63,60,0
PO012184,S004,P0019,W11,2025-08-27,2025-09-07,2025-09-07,57,52,5
PO012185,S039,P0198,W03,2025-12-05,2026-01-02,2026-01-02,115,109,4
PO012186,S018,P0094,W07,2026-06-14,2026-07-01,2026-06-30,34,30,3
PO012187,S022,P0127,W14,2026-06-22,2026-07-03,2026-07-02,106,100,4
PO012188,S003,P0104,W03,2025-06-30,2025-07-29,2025-07-27,53,51,1
PO012189,S008,P0361,W12,2025-08-31,2025-09-22,2025-09-22,35,34,1
PO012190,S010,P0194,W01,2025-02-06,2025-03-10,2025-03-08,193,174,14
PO012191,S025,P0133,W10,2026-01-13,2026-02-06,2026-02-12,101,95,6
PO012192,S001,P0065,W14,2026-03-04,2026-03-13,2026-03-12,36,36,0
PO012193,S016,P0187,W07,2025-07-23,2025-08-04,2025-08-02,78,74,3
PO012194,S039,P0065,W09,2026-03-11,2026-04-03,2026-04-03,27,26,1
PO012195,S006,P0132,W05,2025-03-27,2025-04-02,2025-04-02,213,201,10
PO012196,S032,P0011,W02,2026-04-28,2026-05-18,2026-05-17,30,30,0
PO012197,S008,P0033,W06,2026-03-16,2026-03-26,2026-03-26,84,78,4
PO012198,S008,P0337,W14,2025-10-12,2025-10-24,2025-10-27,74,71,3
PO012199,S027,P0173,W03,2025-03-10,2025-04-11,2025-04-11,83,75,4
PO012200,S015,P0178,W02,2025-01-24,2025-02-11,2025-02-10,63,53,7
PO012201,S001,P0220,W12,2025-09-12,2025-09-16,2025-09-15,145,132,6
PO012202,S027,P0004,W09,2025-01-21,2025-02-25,2025-02-23,37,34,3
PO012203,S032,P0207,W01,2026-06-09,2026-06-21,2026-06-19,83,76,4
PO012204,S016,P0084,W15,2025-10-22,2025-11-08,2025-11-06,105,94,9
PO012205,S013,P0055,W09,2025-11-22,2025-12-25,2025-12-24,30,29,1
PO012206,S012,P0210,W01,2026-03-10,2026-04-11,2026-04-11,72,67,4
PO012207,S014,P0045,W04,2025-11-28,2025-12-09,2025-12-09,44,40,3
PO012208,S034,P0388,W02,2025-09-04,2025-09-11,2025-09-18,69,65,4
PO012209,S013,P0177,W04,2026-01-15,2026-02-19,2026-02-19,52,51,0
PO012210,S039,P0337,W03,2026-02-05,2026-03-02,2026-02-28,80,74,3
PO012211,S025,P0086,W01,2025-01-04,2025-01-28,2025-02-07,261,228,22
PO012212,S013,P0372,W15,2025-03-14,2025-04-03,2025-04-01,85,80,3
PO012213,S002,P0064,W12,2025-11-22,2025-12-23,2025-12-23,107,95,7
PO012214,S012,P0160,W11,2026-06-11,2026-07-14,2026-07-12,28,27,1
PO012215,S006,P0344,W03,2026-04-28,2026-05-07,2026-05-05,68,61,4
PO012216,S011,P0203,W09,2026-05-12,2026-05-28,2026-05-28,185,177,0
PO012217,S018,P0259,W15,2026-06-02,2026-06-29,2026-07-04,34,29,4
PO012218,S024,P0325,W04,2026-06-29,2026-08-07,2026-08-07,80,69,7
PO012219,S012,P0148,W14,2025-03-03,2025-04-05,2025-04-03,131,121,4
PO012220,S003,P0368,W07,2025-05-20,2025-06-09,2025-06-08,169,155,6
PO012221,S030,P0268,W05,2026-02-18,2026-03-07,2026-03-06,223,205,18
PO012222,S010,P0283,W08,2025-12-14,2026-01-07,2026-01-05,64,58,5
PO012223,S017,P0291,W02,2025-03-03,2025-03-27,2025-03-26,99,91,8
PO012224,S036,P0083,W07,2025-12-17,2026-01-17,2026-01-17,77,75,2
PO012225,S035,P0083,W08,2026-02-10,2026-02-25,2026-02-24,51,45,5
PO012226,S014,P0093,W08,2025-09-03,2025-09-14,2025-09-12,390,342,38
PO012227,S006,P0194,W06,2025-12-27,2026-01-05,2026-01-04,125,114,5
PO012228,S008,P0061,W07,2026-03-02,2026-03-22,2026-03-20,84,80,2
PO012229,S010,P0218,W12,2026-05-20,2026-06-18,2026-06-20,49,43,5
PO012230,S025,P0129,W04,2026-02-04,2026-03-06,2026-03-04,37,36,1
PO012231,S038,P0206,W14,2025-01-10,2025-01-27,2025-01-25,107,97,8
PO012232,S017,P0236,W11,2025-03-01,2025-03-27,2025-03-26,88,80,5
PO012233,S005,P0212,W05,2025-03-06,2025-03-31,2025-03-30,41,39,1
PO012234,S012,P0178,W07,2025-10-08,2025-11-11,2025-11-09,298,275,13
PO012235,S030,P0014,W08,2026-05-12,2026-05-25,2026-05-23,97,91,6
PO012236,S018,P0092,W01,2026-04-21,2026-05-09,2026-05-08,57,52,5
PO012237,S037,P0092,W10,2025-09-22,2025-09-25,2025-09-24,23,22,0
PO012238,S032,P0206,W09,2025-12-31,2026-01-30,2026-01-28,31,31,0
PO012239,S030,P0187,W12,2025-02-21,2025-03-08,2025-03-06,70,63,4
PO012240,S005,P0177,W04,2026-06-30,2026-07-19,2026-07-18,87,84,1
PO012241,S016,P0267,W09,2025-04-09,2025-05-01,2025-05-06,94,85,6
PO012242,S040,P0354,W14,2025-10-22,2025-10-26,2025-10-25,118,116,0
PO012243,S025,P0278,W11,2026-06-10,2026-07-06,2026-07-04,96,88,6
PO012244,S025,P0347,W06,2026-01-05,2026-01-28,2026-01-27,66,63,3
PO012245,S034,P0211,W14,2025-02-17,2025-02-27,2025-02-26,16,16,0
PO012246,S016,P0331,W15,2025-10-13,2025-10-29,2025-10-28,113,100,8
PO012247,S020,P0077,W02,2025-12-26,2026-01-04,2026-01-03,116,101,10
PO012248,S017,P0107,W13,2025-12-30,2026-01-20,2026-01-20,169,159,7
PO012249,S037,P0005,W07,2025-07-06,2025-07-11,2025-07-22,125,121,4
PO012250,S032,P0141,W08,2026-03-04,2026-03-20,2026-03-19,58,55,2
PO012251,S003,P0292,W14,2025-04-04,2025-04-23,2025-04-28,43,41,1
PO012252,S039,P0382,W02,2025-07-01,2025-07-26,2025-07-25,96,88,6
PO012253,S012,P0100,W10,2025-01-27,2025-02-23,2025-02-22,35,32,2
PO012254,S038,P0062,W05,2026-04-22,2026-05-11,2026-05-11,73,64,6
PO012255,S002,P0248,W07,2025-07-03,2025-07-26,2025-08-03,85,78,5
PO012256,S035,P0008,W08,2026-01-13,2026-01-24,2026-02-05,190,162,21
PO012257,S022,P0014,W08,2025-05-18,2025-06-05,2025-06-03,53,51,1
PO012258,S007,P0279,W08,2026-04-20,2026-05-27,2026-05-25,29,26,3
PO012259,S002,P0178,W10,2025-10-04,2025-10-31,2025-10-29,69,63,5
PO012260,S009,P0106,W01,2025-04-05,2025-05-02,2025-05-01,75,71,2
PO012261,S006,P0179,W09,2026-01-21,2026-01-26,2026-01-26,54,53,0
PO012262,S005,P0029,W15,2025-11-09,2025-11-27,2025-11-26,10,10,0
PO012263,S009,P0012,W05,2025-02-17,2025-03-01,2025-02-28,71,63,5
PO012264,S025,P0171,W15,2025-05-13,2025-06-04,2025-06-02,81,78,3
PO012265,S012,P0126,W10,2025-07-20,2025-08-18,2025-08-25,220,204,15
PO012266,S033,P0146,W11,2025-05-01,2025-05-26,2025-05-24,140,128,11
PO012267,S005,P0080,W08,2025-12-06,2025-12-27,2025-12-26,29,28,0
PO012268,S031,P0035,W13,2025-10-08,2025-10-24,2025-10-24,87,78,7
PO012269,S002,P0023,W01,2025-05-30,2025-07-01,2025-06-30,47,43,3
PO012270,S029,P0103,W04,2025-02-24,2025-03-03,2025-03-01,73,67,4
PO012271,S023,P0118,W03,2025-09-22,2025-10-04,2025-10-02,34,31,2
PO012272,S013,P0298,W08,2026-05-30,2026-07-02,2026-06-30,44,42,0
PO012273,S031,P0208,W08,2026-06-01,2026-06-20,2026-06-19,150,134,15
PO012274,S030,P0337,W15,2025-05-16,2025-06-02,2025-06-02,41,38,2
PO012275,S019,P0305,W01,2025-10-17,2025-11-03,2025-11-03,53,49,2
PO012276,S002,P0193,W03,2025-10-05,2025-11-06,2025-11-04,129,118,6
PO012277,S008,P0035,W08,2025-08-05,2025-08-18,2025-08-22,17,16,1
PO012278,S004,P0281,W01,2025-02-11,2025-02-27,2025-02-26,313,275,32
PO012279,S008,P0129,W13,2025-06-29,2025-07-17,2025-07-16,64,57,4
PO012280,S012,P0112,W10,2025-04-03,2025-04-27,2025-04-26,122,118,2
PO012281,S027,P0315,W02,2025-05-03,2025-06-03,2025-06-03,103,91,8
PO012282,S022,P0148,W06,2026-03-20,2026-04-07,2026-04-07,37,34,2
PO012283,S029,P0212,W12,2026-05-25,2026-05-28,2026-05-28,64,62,1
PO012284,S017,P0200,W12,2025-07-15,2025-08-23,2025-08-30,75,69,6
PO012285,S040,P0243,W11,2025-04-22,2025-04-30,2025-04-29,72,68,1
PO012286,S027,P0210,W02,2025-08-13,2025-09-11,2025-09-14,100,88,9
PO012287,S033,P0155,W09,2026-03-02,2026-04-01,2026-03-30,52,48,4
PO012288,S022,P0164,W14,2026-06-17,2026-07-09,2026-07-09,126,118,5
PO012289,S009,P0063,W12,2025-03-09,2025-03-31,2025-03-31,69,65,4
PO012290,S036,P0129,W10,2025-11-28,2025-12-24,2025-12-24,16,15,0
PO012291,S023,P0322,W03,2026-05-20,2026-05-30,2026-05-28,96,88,8
PO012292,S003,P0188,W01,2026-01-09,2026-01-28,2026-01-28,44,41,1
PO012293,S011,P0005,W09,2025-10-20,2025-10-30,2025-11-03,58,57,0
PO012294,S008,P0190,W14,2025-08-27,2025-09-16,2025-09-16,70,67,2
PO012295,S001,P0340,W10,2025-12-20,2025-12-23,2025-12-21,24,23,0
PO012296,S037,P0129,W13,2025-10-05,2025-10-11,2025-10-09,21,21,0
PO012297,S033,P0318,W06,2025-10-07,2025-11-12,2025-11-11,10,10,0
PO012298,S011,P0124,W05,2025-01-16,2025-01-25,2025-01-25,34,33,0
PO012299,S013,P0348,W06,2026-06-19,2026-07-15,2026-07-13,38,36,1
PO012300,S009,P0154,W11,2025-09-11,2025-10-05,2025-10-05,46,42,2
PO012301,S020,P0208,W08,2026-03-11,2026-03-28,2026-03-27,89,80,6
PO012302,S039,P0070,W08,2025-09-16,2025-10-15,2025-10-20,64,60,3
PO012303,S016,P0185,W05,2026-05-01,2026-05-14,2026-05-12,28,27,1
PO012304,S028,P0036,W14,2025-10-04,2025-10-25,2025-10-25,59,56,3
PO012305,S010,P0390,W05,2025-10-19,2025-11-19,2025-11-17,56,50,5
PO012306,S003,P0141,W11,2026-02-02,2026-03-01,2026-03-01,82,78,3
PO012307,S009,P0044,W10,2026-02-14,2026-03-13,2026-03-11,51,50,1
PO012308,S035,P0350,W07,2025-09-29,2025-10-16,2025-10-14,375,332,40
PO012309,S016,P0241,W05,2025-05-05,2025-05-17,2025-05-15,107,100,7
PO012310,S027,P0026,W09,2025-10-29,2025-12-08,2025-12-08,65,60,5
PO012311,S037,P0060,W06,2025-08-19,2025-09-01,2025-09-01,89,84,1
PO012312,S027,P0114,W14,2025-03-05,2025-03-24,2025-03-23,40,36,2
PO012313,S022,P0155,W12,2025-02-03,2025-02-16,2025-02-14,40,39,1
PO012314,S020,P0300,W12,2025-03-24,2025-03-31,2025-03-30,306,273,23
PO012315,S019,P0340,W08,2026-05-14,2026-06-07,2026-06-06,51,48,3
PO012316,S008,P0320,W08,2026-02-11,2026-02-18,2026-03-01,167,155,5
PO012317,S026,P0316,W10,2025-05-26,2025-06-17,2025-06-25,132,118,12
PO012318,S011,P0068,W07,2025-10-13,2025-10-28,2025-10-27,31,30,0
PO012319,S031,P0383,W02,2025-06-20,2025-07-11,2025-07-10,163,141,16
PO012320,S020,P0130,W14,2025-12-05,2025-12-15,2025-12-13,132,123,9
PO012321,S028,P0203,W06,2025-05-08,2025-06-04,2025-06-02,44,40,2
PO012322,S027,P0088,W10,2025-05-21,2025-06-15,2025-06-14,34,31,3
PO012323,S004,P0170,W04,2026-01-16,2026-02-03,2026-02-03,60,54,6
PO012324,S003,P0228,W03,2026-03-12,2026-04-02,2026-04-02,137,129,2
PO012325,S011,P0081,W11,2025-09-12,2025-09-29,2025-09-28,48,47,1
PO012326,S009,P0254,W14,2025-10-21,2025-11-10,2025-11-10,55,53,2
PO012327,S027,P0137,W08,2025-06-15,2025-07-09,2025-07-07,10,9,0
PO012328,S010,P0259,W07,2026-03-29,2026-04-29,2026-04-28,57,51,5
PO012329,S009,P0267,W09,2025-07-15,2025-07-28,2025-07-27,67,64,1
PO012330,S008,P0313,W02,2026-04-29,2026-05-13,2026-05-25,19,19,0
PO012331,S040,P0341,W08,2025-09-27,2025-09-30,2025-09-29,76,75,0
PO012332,S024,P0052,W09,2026-05-05,2026-06-11,2026-06-13,240,214,22
PO012333,S001,P0187,W14,2025-12-17,2025-12-26,2025-12-24,142,135,1
PO012334,S029,P0234,W10,2026-05-20,2026-05-23,2026-05-21,26,25,0
PO012335,S011,P0131,W14,2025-04-05,2025-04-17,2025-04-15,29,29,0
PO012336,S020,P0018,W15,2026-03-13,2026-03-20,2026-03-18,75,66,7
PO012337,S015,P0385,W06,2025-02-22,2025-03-04,2025-03-02,50,44,6
PO012338,S013,P0102,W12,2026-04-05,2026-05-02,2026-05-06,41,40,1
PO012339,S007,P0008,W09,2026-06-17,2026-07-31,2026-07-31,39,35,4
PO012340,S029,P0383,W11,2026-05-22,2026-06-02,2026-06-01,54,53,1
PO012341,S017,P0045,W14,2025-10-04,2025-10-29,2025-10-29,24,22,1
PO012342,S010,P0240,W01,2025-07-31,2025-08-25,2025-08-26,42,38,3
PO012343,S035,P0303,W11,2025-11-27,2025-12-06,2025-12-05,95,79,12
PO012344,S032,P0307,W06,2025-11-03,2025-11-12,2025-11-12,110,107,0
PO012345,S020,P0292,W14,2026-04-30,2026-05-08,2026-05-07,63,56,7
PO012346,S026,P0234,W12,2025-11-08,2025-11-25,2025-11-28,196,170,20
PO012347,S018,P0313,W14,2026-01-19,2026-02-08,2026-02-07,42,39,3
PO012348,S037,P0226,W12,2026-05-29,2026-06-05,2026-06-05,50,48,2
PO012349,S034,P0155,W14,2025-09-04,2025-09-13,2025-09-24,29,26,2
PO012350,S028,P0358,W13,2025-02-10,2025-02-28,2025-02-26,38,35,3
PO012351,S020,P0343,W09,2025-07-12,2025-07-18,2025-07-16,70,64,6
PO012352,S005,P0117,W02,2026-05-25,2026-06-03,2026-06-01,29,29,0
PO012353,S011,P0050,W13,2025-10-19,2025-10-25,2025-10-24,49,49,0
PO012354,S002,P0012,W03,2025-12-30,2026-01-27,2026-02-04,121,109,9
PO012355,S038,P0365,W02,2026-01-28,2026-02-23,2026-02-23,53,50,2
PO012356,S006,P0324,W14,2025-12-24,2026-01-01,2026-01-01,195,180,11
PO012357,S016,P0153,W14,2025-04-11,2025-04-25,2025-05-01,152,135,15
PO012358,S040,P0301,W11,2025-08-19,2025-08-22,2025-08-21,51,50,0
PO012359,S032,P0264,W12,2025-06-16,2025-07-04,2025-07-03,33,33,0
PO012360,S022,P0212,W08,2025-01-31,2025-02-15,2025-02-20,137,130,3
PO012361,S026,P0391,W04,2025-12-16,2025-12-25,2025-12-24,68,59,7
PO012362,S026,P0031,W06,2025-06-14,2025-07-01,2025-06-29,67,57,7
PO012363,S033,P0165,W14,2026-05-31,2026-07-14,2026-07-12,202,177,15
PO012364,S030,P0082,W03,2025-09-30,2025-10-13,2025-10-11,267,234,22
PO012365,S001,P0173,W14,2025-07-24,2025-08-01,2025-07-30,33,32,0
PO012366,S039,P0351,W12,2025-04-26,2025-05-23,2025-05-21,61,57,3
PO012367,S040,P0215,W12,2025-09-06,2025-09-09,2025-09-08,376,359,1
PO012368,S024,P0085,W05,2026-06-19,2026-07-22,2026-07-22,128,115,10
PO012369,S011,P0201,W03,2026-03-31,2026-04-12,2026-04-15,94,91,0
PO012370,S013,P0288,W03,2026-04-25,2026-06-02,2026-06-02,38,38,0
PO012371,S008,P0178,W11,2025-07-28,2025-08-06,2025-08-06,67,66,1
PO012372,S027,P0341,W08,2026-04-29,2026-06-02,2026-06-11,196,172,19
PO012373,S023,P0188,W04,2025-02-09,2025-02-27,2025-02-27,70,63,6
PO012374,S032,P0064,W04,2025-08-31,2025-09-17,2025-09-15,45,43,1
PO012375,S009,P0059,W02,2026-05-27,2026-06-12,2026-06-13,209,189,11
PO012376,S016,P0214,W09,2025-04-09,2025-04-30,2025-04-28,20,18,1
PO012377,S030,P0300,W15,2025-11-09,2025-11-25,2025-12-07,38,34,4
PO012378,S033,P0391,W02,2025-07-04,2025-07-25,2025-07-25,141,126,12
PO012379,S022,P0379,W05,2025-11-20,2025-11-29,2025-11-30,78,74,3
PO012380,S031,P0260,W03,2025-08-16,2025-08-24,2025-08-27,83,75,6
PO012381,S027,P0310,W08,2025-06-01,2025-07-05,2025-07-05,48,42,5
PO012382,S038,P0085,W04,2025-09-27,2025-10-12,2025-10-10,61,56,4
PO012383,S027,P0004,W06,2025-12-19,2026-01-23,2026-01-23,30,28,2
PO012384,S002,P0282,W11,2025-07-17,2025-08-11,2025-08-10,21,20,0
PO012385,S024,P0057,W12,2025-09-29,2025-11-02,2025-11-01,52,47,4
PO012386,S038,P0110,W13,2025-01-22,2025-02-14,2025-02-14,62,58,4
PO012387,S016,P0239,W13,2026-06-06,2026-06-20,2026-06-19,67,62,5
PO012388,S029,P0057,W07,2025-02-09,2025-02-17,2025-02-15,42,38,2
PO012389,S021,P0211,W06,2026-03-22,2026-03-29,2026-03-28,49,43,4
PO012390,S005,P0030,W02,2026-04-18,2026-05-09,2026-05-09,55,54,1
PO012391,S040,P0295,W14,2026-03-03,2026-03-10,2026-03-10,55,55,0
PO012392,S013,P0004,W08,2026-06-01,2026-07-01,2026-07-01,71,68,0
PO012393,S013,P0270,W10,2025-04-15,2025-05-10,2025-05-10,52,50,0
PO012394,S031,P0354,W05,2025-12-12,2026-01-06,2026-01-05,43,39,4
PO012395,S018,P0237,W06,2026-06-14,2026-07-03,2026-07-07,50,45,4
PO012396,S005,P0071,W06,2025-08-06,2025-08-24,2025-08-24,44,42,0
PO012397,S012,P0334,W11,2026-01-23,2026-02-21,2026-03-02,102,98,4
PO012398,S023,P0192,W06,2025-07-10,2025-07-28,2025-07-27,59,53,4
PO012399,S005,P0254,W11,2026-04-02,2026-04-22,,52,51,1
PO012400,S011,P0151,W12,2026-06-16,2026-06-30,2026-06-28,17,17,0
PO012401,S015,P0052,W01,2026-02-21,2026-03-14,2026-03-14,254,223,27
PO012402,S022,P0236,W11,2026-04-22,2026-05-17,2026-05-15,76,73,3
PO012403,S015,P0135,W12,2025-11-09,2025-11-24,2025-11-24,49,42,6
PO012404,S036,P0278,W15,2025-06-14,2025-07-11,2025-07-22,145,132,6
PO012405,S018,P0026,W14,2025-07-31,2025-08-22,2025-08-21,87,77,9
PO012406,S016,P0087,W03,2025-09-16,2025-10-08,2025-10-06,121,108,9
PO012407,S029,P0013,W13,2025-03-19,2025-03-26,2025-03-26,101,96,2
PO012408,S030,P0212,W14,2025-07-31,2025-08-14,2025-08-14,47,44,3
PO012409,S032,P0326,W06,2026-05-17,2026-05-24,2026-05-23,74,70,1
PO012410,S031,P0001,W10,2026-05-29,2026-06-21,2026-07-01,42,37,3
PO012411,S018,P0183,W08,2026-01-17,2026-02-12,2026-02-16,59,50,7
PO012412,S010,P0173,W06,2025-01-19,2025-02-17,2025-02-15,45,41,4
PO012413,S003,P0392,W03,2026-06-10,2026-06-29,2026-06-27,102,97,2
PO012414,S014,P0245,W09,2025-09-28,2025-10-14,2025-10-14,19,18,1
PO012415,S030,P0165,W08,2025-06-21,2025-07-09,2025-07-17,26,23,2
PO012416,S034,P0388,W06,2026-06-15,2026-07-03,2026-07-14,66,59,4
PO012417,S019,P0371,W08,2025-07-04,2025-07-14,2025-07-16,134,121,8
PO012418,S010,P0071,W11,2025-01-12,2025-02-04,2025-02-15,50,45,4
PO012419,S003,P0284,W04,2025-07-17,2025-08-07,2025-08-06,44,43,0
PO012420,S007,P0033,W07,2026-06-22,2026-07-21,2026-07-21,32,28,3
PO012421,S022,P0260,W08,2026-04-10,2026-04-23,2026-04-22,165,158,6
PO012422,S019,P0086,W04,2025-06-18,2025-07-01,2025-07-01,69,66,3
PO012423,S035,P0231,W15,2025-06-30,2025-07-07,2025-07-15,117,106,11
PO012424,S004,P0214,W11,2025-05-07,2025-05-25,2025-05-25,72,62,7
PO012425,S010,P0029,W05,2026-05-25,2026-06-17,2026-06-15,448,400,40
PO012426,S040,P0032,W10,2025-04-14,2025-04-22,2025-04-22,70,67,0
PO012427,S014,P0331,W02,2025-05-17,2025-05-23,2025-05-22,134,125,8
PO012428,S023,P0090,W08,2026-04-25,2026-05-06,2026-05-04,42,38,3
PO012429,S001,P0368,W04,2026-06-27,2026-07-03,2026-07-02,61,57,2
PO012430,S003,P0048,W06,2025-05-10,2025-05-31,2025-05-29,78,72,3
PO012431,S012,P0205,W10,2026-05-17,2026-06-13,2026-06-11,58,53,3
PO012432,S019,P0059,W03,2025-11-15,2025-12-09,2025-12-08,68,65,1
PO012433,S003,P0109,W15,2025-11-02,2025-11-19,2025-11-17,92,87,3
PO012434,S027,P0333,W08,2025-09-09,2025-09-28,2025-09-27,26,24,2
PO012435,S024,P0281,W15,2025-06-30,2025-08-11,2025-08-10,59,56,3
PO012436,S036,P0214,W13,2025-06-28,2025-08-03,2025-08-01,52,49,2
PO012437,S011,P0371,W10,2026-04-01,2026-04-18,2026-04-16,40,38,0
PO012438,S035,P0325,W04,2025-07-31,2025-08-15,2025-08-15,65,57,5
PO012439,S019,P0388,W03,2025-12-05,2025-12-24,2025-12-31,39,38,1
PO012440,S031,P0148,W02,2026-02-05,2026-02-27,2026-02-25,30,28,2
PO012441,S021,P0254,W14,2025-04-15,2025-04-29,2025-04-27,62,54,6
PO012442,S036,P0170,W10,2026-04-07,2026-05-05,2026-05-07,30,29,1
PO012443,S004,P0398,W13,2026-05-01,2026-05-30,2026-05-29,136,124,10
PO012444,S024,P0256,W15,2026-06-20,2026-07-26,2026-07-24,107,94,9
PO012445,S029,P0369,W09,2026-06-05,2026-06-13,2026-06-14,67,65,1
PO012446,S033,P0149,W05,2025-11-13,2025-12-24,2025-12-23,77,68,6
PO012447,S040,P0244,W01,2026-05-21,2026-05-24,2026-05-24,81,78,0
PO012448,S039,P0191,W05,2026-05-28,2026-06-12,2026-06-10,47,43,4
PO012449,S010,P0264,W06,2025-03-10,2025-04-05,2025-04-04,32,29,3
PO012450,S010,P0220,W04,2025-06-22,2025-07-24,2025-07-27,43,38,3
PO012451,S033,P0027,W06,2026-02-02,2026-03-03,2026-03-03,30,28,2
PO012452,S001,P0248,W06,2025-11-06,2025-11-12,2025-11-10,29,29,0
PO012453,S010,P0305,W11,2025-09-29,2025-10-15,2025-10-14,87,76,9
PO012454,S014,P0152,W07,2025-09-29,2025-10-15,2025-10-15,61,54,6
PO012455,S019,P0151,W08,2026-04-19,2026-05-09,2026-05-09,104,98,6
PO012456,S038,P0168,W07,2026-01-22,2026-02-14,2026-02-13,57,53,4
PO012457,S032,P0105,W08,2026-05-13,2026-06-04,2026-06-04,58,57,0
PO012458,S017,P0301,W06,2025-12-13,2026-01-07,2026-01-07,85,78,3
PO012459,S011,P0150,W04,2025-02-11,2025-02-24,2025-02-23,235,227,0
PO012460,S032,P0192,W02,2026-01-08,2026-01-23,2026-02-04,30,29,0
PO012461,S019,P0145,W03,2025-02-02,2025-02-20,2025-02-25,91,82,5
PO012462,S029,P0352,W15,2025-10-20,2025-11-05,2025-11-03,40,38,1
PO012463,S035,P0288,W15,2025-01-27,2025-02-07,2025-02-07,19,16,2
PO012464,S038,P0375,W14,2025-08-22,2025-09-13,2025-09-11,68,61,4
PO012465,S013,P0215,W03,2025-01-05,2025-02-02,2025-02-02,168,161,3
PO012466,S036,P0084,W01,2025-03-17,2025-04-25,2025-04-24,82,78,3
PO012467,S037,P0143,W01,2025-12-06,2025-12-17,2025-12-15,43,42,1
PO012468,S039,P0105,W14,2026-06-30,2026-07-29,2026-08-05,45,43,2
PO012469,S026,P0306,W07,2025-05-25,2025-06-04,2025-06-10,27,25,2
PO012470,S032,P0235,W15,2025-01-05,2025-01-21,2025-01-20,24,24,0
PO012471,S024,P0206,W13,2026-06-16,2026-07-24,2026-07-31,35,32,2
PO012472,S023,P0118,W10,2026-02-17,2026-02-20,2026-02-18,50,45,4
PO012473,S004,P0041,W02,2026-01-19,2026-02-04,2026-02-02,92,82,7
PO012474,S012,P0105,W05,2026-02-17,2026-03-21,2026-03-30,104,99,4
PO012475,S036,P0378,W13,2025-05-23,2025-06-28,2025-06-27,62,57,4
PO012476,S003,P0212,W06,2025-03-18,2025-04-17,2025-04-17,67,65,1
PO012477,S033,P0382,W07,2025-08-25,2025-09-26,2025-09-25,145,129,10
PO012478,S036,P0096,W03,2026-05-22,2026-06-18,2026-06-18,52,50,1
PO012479,S021,P0251,W05,2026-01-29,2026-02-07,2026-02-05,70,64,5
PO012480,S009,P0192,W08,2025-07-24,2025-08-18,2025-08-17,34,32,2
PO012481,S025,P0080,W01,2026-06-03,2026-07-03,2026-07-01,93,87,6
PO012482,S036,P0187,W03,2025-06-02,2025-06-26,2025-06-26,52,48,2
PO012483,S010,P0253,W13,2026-06-08,2026-06-27,2026-06-27,37,34,3
PO012484,S021,P0106,W15,2026-04-22,2026-04-28,2026-04-28,98,83,11
PO012485,S028,P0321,W01,2026-03-06,2026-04-04,2026-04-04,98,87,7
PO012486,S031,P0181,W02,2026-06-27,2026-07-09,2026-07-09,93,84,7
PO012487,S035,P0167,W01,2025-10-08,2025-10-25,2025-10-25,98,83,11
PO012488,S039,P0399,W15,2025-11-20,2025-12-16,2025-12-16,101,95,6
PO012489,S036,P0381,W09,2025-11-27,2025-12-27,2025-12-25,146,138,7
PO012490,S034,P0278,W08,2026-02-11,2026-02-23,2026-02-23,27,26,1
PO012491,S032,P0120,W08,2026-02-09,2026-02-26,2026-02-26,26,25,0
PO012492,S024,P0100,W01,2025-04-17,2025-05-20,2025-05-22,69,61,8
PO012493,S034,P0178,W10,2025-05-04,2025-05-07,2025-05-06,114,104,9
PO012494,S001,P0225,W06,2026-01-13,2026-01-20,2026-01-18,56,55,0
PO012495,S002,P0253,W04,2025-10-13,2025-11-15,2025-11-13,93,87,6
PO012496,S027,P0190,W14,2025-06-25,2025-07-30,2025-07-28,67,61,5
PO012497,S037,P0108,W11,2025-06-24,2025-07-09,2025-07-09,44,43,0
PO012498,S033,P0105,W04,2025-05-01,2025-05-30,2025-05-29,57,52,4
PO012499,S027,P0384,W04,2026-05-11,2026-06-07,2026-06-06,41,36,3
PO012500,S033,P0387,W05,2026-04-19,2026-05-25,2026-05-23,61,57,4
PO012501,S005,P0134,W11,2025-06-13,2025-06-28,2025-06-27,113,106,2
PO012502,S038,P0083,W05,2026-02-18,2026-03-19,2026-03-17,122,113,7
PO012503,S012,P0333,W14,2025-07-26,2025-08-23,2025-08-23,341,324,16
PO012504,S038,P0156,W02,2026-05-15,2026-05-31,2026-05-30,32,29,2
PO012505,S026,P0086,W04,2025-08-29,2025-09-08,2025-09-06,71,62,7
PO012506,S018,P0327,W11,2025-01-11,2025-01-29,2025-01-28,148,128,17
PO012507,S013,P0340,W06,2026-02-01,2026-03-01,2026-02-27,48,45,2
PO012508,S037,P0188,W11,2026-03-09,2026-03-18,2026-03-16,42,40,1
PO012509,S034,P0080,W06,2025-10-08,2025-10-18,2025-10-18,71,64,4
PO012510,S034,P0262,W05,2026-03-10,2026-03-15,2026-03-14,24,22,1
PO012511,S023,P0126,W01,2025-09-27,2025-10-15,2025-10-14,169,154,15
PO012512,S039,P0023,W07,2025-07-09,2025-07-29,2025-07-29,57,55,2
PO012513,S002,P0377,W09,2025-03-20,2025-04-15,2025-04-14,54,50,3
PO012514,S032,P0119,W04,2025-04-03,2025-04-26,2025-04-24,120,113,3
PO012515,S008,P0107,W07,2025-01-01,2025-01-14,2025-01-12,123,118,4
PO012516,S018,P0033,W06,2026-04-05,2026-05-02,2026-05-02,19,17,2
PO012517,S032,P0160,W08,2025-01-06,2025-01-16,2025-01-16,57,55,1
PO012518,S007,P0191,W10,2025-12-09,2026-01-02,2026-01-01,17,15,1
PO012519,S020,P0234,W02,2025-01-03,2025-01-13,2025-01-11,45,41,3
PO012520,S014,P0288,W08,2026-02-12,2026-02-24,2026-02-24,228,210,13
PO012521,S028,P0341,W09,2025-12-09,2026-01-01,2026-01-01,97,88,7
PO012522,S040,P0054,W01,2025-05-15,2025-05-22,2025-05-20,151,148,2
PO012523,S030,P0071,W11,2025-11-11,2025-11-23,2025-11-22,26,24,1
PO012524,S032,P0322,W03,2025-03-29,2025-04-13,2025-04-13,143,138,2
PO012525,S027,P0165,W11,2026-03-16,2026-04-11,2026-04-20,31,29,2
PO012526,S031,P0240,W10,2025-07-09,2025-08-02,2025-08-01,28,26,1
PO012527,S028,P0351,W03,2026-03-01,2026-03-24,2026-03-22,111,99,10
PO012528,S023,P0068,W06,2025-05-29,2025-06-10,2025-06-11,80,73,5
PO012529,S010,P0343,W12,2025-02-12,2025-03-07,2025-03-07,42,39,3
PO012530,S037,P0133,W01,2025-10-11,2025-10-18,2025-10-17,34,33,1
PO012531,S013,P0321,W06,2026-04-17,2026-05-13,2026-05-13,119,111,4
PO012532,S002,P0281,W05,2026-04-15,2026-05-14,2026-05-14,115,109,4
PO012533,S016,P0124,W15,2025-06-30,2025-07-18,2025-07-19,111,98,8
PO012534,S022,P0109,W07,2025-10-05,2025-10-17,2025-10-17,73,70,2
PO012535,S021,P0326,W03,2025-11-05,2025-11-12,2025-11-11,25,22,2
PO012536,S037,P0329,W07,2025-07-25,2025-08-05,2025-08-04,23,23,0
PO012537,S006,P0229,W04,2025-01-29,2025-02-01,2025-02-01,40,37,2
PO012538,S003,P0141,W13,2025-03-12,2025-04-05,2025-04-05,127,121,4
PO012539,S020,P0246,W09,2025-09-21,2025-09-28,2025-09-26,22,20,2
PO012540,S021,P0149,W10,2025-11-01,2025-11-12,2025-11-19,41,37,3
PO012541,S023,P0126,W05,2025-01-28,2025-02-16,2025-02-16,51,47,4
PO012542,S031,P0356,W06,2026-01-20,2026-02-04,2026-02-02,30,29,1
PO012543,S034,P0257,W04,2025-07-01,2025-07-16,2025-07-14,99,92,3
PO012544,S022,P0028,W12,2025-04-30,2025-05-12,2025-05-10,447,422,11
PO012545,S020,P0311,W14,2025-05-03,2025-05-06,2025-05-07,18,17,1
PO012546,S013,P0191,W13,2026-01-14,2026-02-06,2026-02-05,79,75,4
PO012547,S030,P0374,W12,2025-04-24,2025-05-15,2025-05-25,76,70,5
PO012548,S022,P0193,W06,2025-04-26,2025-05-14,2025-05-13,40,39,1
PO012549,S019,P0387,W15,2026-02-14,2026-02-22,2026-02-22,338,309,20
PO012550,S031,P0054,W11,2025-11-11,2025-11-25,2025-11-25,45,40,3
PO012551,S019,P0049,W14,2025-12-01,2025-12-19,2025-12-17,26,24,1
PO012552,S007,P0375,W14,2025-11-14,2025-12-10,2025-12-09,37,32,4
PO012553,S030,P0153,W14,2026-02-20,2026-03-08,2026-03-07,79,69,7
PO012554,S033,P0282,W06,2025-08-20,2025-09-18,2025-09-22,25,22,2
PO012555,S027,P0119,W14,2026-02-07,2026-03-10,2026-03-09,50,43,5
PO012556,S023,P0342,W05,2026-04-17,2026-04-24,2026-04-23,65,55,7
PO012557,S019,P0268,W11,2026-03-23,2026-04-08,2026-04-07,186,175,10
PO012558,S013,P0188,W14,2025-10-05,2025-11-10,2025-11-08,22,22,0
PO012559,S002,P0150,W13,2025-05-04,2025-05-21,2025-05-19,92,86,6
PO012560,S015,P0146,W08,2025-06-19,2025-07-09,2025-07-09,332,281,39
PO012561,S010,P0085,W10,2025-05-04,2025-06-07,2025-06-07,68,59,7
PO012562,S040,P0248,W02,2025-10-10,2025-10-26,2025-10-24,335,322,11
PO012563,S014,P0381,W12,2025-12-18,2026-01-04,2026-01-04,101,93,5
PO012564,S026,P0169,W06,2025-12-29,2026-01-13,2026-01-13,38,34,3
PO012565,S030,P0134,W10,2025-02-23,2025-03-06,2025-03-04,22,21,1
PO012566,S037,P0167,W12,2026-05-05,2026-05-08,2026-05-17,24,22,1
PO012567,S004,P0207,W11,2026-01-08,2026-01-28,2026-01-27,58,52,4
PO012568,S005,P0211,W11,2025-03-18,2025-04-14,2025-04-13,54,53,1
PO012569,S012,P0241,W13,2026-02-11,2026-03-13,2026-03-12,105,101,4
PO012570,S026,P0022,W06,2025-07-15,2025-07-25,2025-07-23,36,32,3
PO012571,S019,P0318,W15,2026-06-13,2026-06-30,2026-06-28,35,32,2
PO012572,S001,P0092,W02,2025-04-20,2025-04-24,2025-04-23,56,54,1
PO012573,S025,P0276,W09,2026-01-03,2026-02-01,2026-01-31,95,87,4
PO012574,S011,P0128,W13,2025-12-10,2025-12-25,2025-12-23,87,83,3
PO012575,S015,P0379,W14,2025-07-02,2025-07-17,2025-07-16,36,32,4
PO012576,S020,P0389,W15,2026-02-21,2026-03-14,2026-03-12,187,160,20
PO012577,S033,P0263,W11,2026-01-23,2026-02-19,2026-02-18,39,36,3
PO012578,S034,P0259,W05,2025-09-23,2025-10-05,2025-10-03,117,103,9
PO012579,S039,P0396,W13,2025-01-18,2025-01-30,2025-01-28,39,36,2
PO012580,S021,P0290,W11,2025-07-12,2025-07-24,2025-07-22,17,16,1
PO012581,S006,P0297,W12,2025-08-22,2025-08-30,2025-08-30,148,142,0
PO012582,S033,P0027,W03,2026-06-14,2026-07-17,2026-07-16,135,121,9
PO012583,S022,P0340,W01,2025-11-21,2025-12-03,2025-12-01,58,53,5
PO012584,S035,P0351,W08,2025-10-03,2025-10-22,2025-10-29,138,125,13
PO012585,S037,P0234,W11,2025-12-02,2025-12-08,2025-12-07,76,73,2
PO012586,S010,P0032,W08,2025-08-16,2025-09-02,2025-09-02,70,65,5
PO012587,S027,P0186,W01,2025-03-21,2025-04-14,2025-04-13,75,69,4
PO012588,S010,P0082,W11,2026-01-29,2026-02-26,2026-02-25,56,53,3
PO012589,S002,P0007,W10,2026-06-04,2026-06-27,2026-06-25,54,49,3
PO012590,S027,P0190,W10,2025-04-10,2025-05-05,2025-05-05,83,78,3
PO012591,S005,P0296,W02,2025-10-13,2025-10-30,2025-10-29,167,159,7
PO012592,S040,P0187,W09,2025-12-02,2025-12-15,2025-12-15,99,95,0
PO012593,S021,P0320,W06,2025-07-09,2025-07-18,2025-07-26,192,164,21
PO012594,S018,P0202,W09,2025-09-30,2025-10-18,2025-10-16,83,73,7
PO012595,S012,P0360,W12,2025-11-08,2025-11-30,2025-11-28,127,121,4
PO012596,S030,P0023,W08,2025-12-09,2025-12-20,2025-12-19,49,43,4
PO012597,S026,P0047,W11,2026-04-09,2026-05-04,2026-05-03,126,108,16
PO012598,S016,P0337,W08,2025-07-13,2025-08-03,2025-08-03,235,209,21
PO012599,S035,P0285,W12,2026-02-28,2026-03-13,2026-03-13,49,42,5
PO012600,S038,P0283,W01,2026-01-25,2026-02-16,2026-02-14,42,38,3
PO012601,S037,P0271,W11,2026-04-28,2026-05-10,2026-05-09,69,66,1
PO012602,S010,P0182,W10,2025-04-21,2025-05-21,2025-05-19,52,46,5
PO012603,S002,P0386,W12,2025-03-23,2025-04-12,2025-04-12,41,36,3
PO012604,S005,P0071,W07,2025-06-25,2025-07-07,2025-07-09,75,71,1
PO012605,S031,P0260,W08,2026-04-12,2026-05-05,2026-05-03,172,153,14
PO012606,S007,P0099,W03,2025-05-11,2025-06-07,2025-06-07,140,118,21
PO012607,S036,P0194,W05,2025-03-06,2025-04-10,2025-04-09,55,51,2
PO012608,S003,P0391,W03,2026-01-11,2026-01-31,2026-01-31,84,81,1
PO012609,S024,P0315,W11,2025-11-23,2026-01-01,2025-12-30,111,103,6
PO012610,S011,P0258,W01,2025-02-11,2025-03-01,2025-02-28,115,111,2
PO012611,S015,P0388,W05,2026-05-13,2026-06-03,2026-06-02,98,87,9
PO012612,S027,P0106,W06,2026-06-11,2026-07-07,2026-07-06,26,23,2
PO012613,S021,P0203,W11,2025-04-28,2025-05-01,2025-05-03,68,61,5
PO012614,S040,P0188,W13,2025-01-22,2025-02-02,2025-02-01,89,83,2
PO012615,S035,P0047,W08,2025-06-06,2025-06-14,2025-06-12,78,72,6
PO012616,S030,P0224,W02,2025-11-08,2025-11-11,2025-11-10,81,71,7
PO012617,S033,P0297,W04,2025-07-29,2025-09-07,2025-09-07,50,44,4
PO012618,S005,P0165,W03,2025-06-09,2025-07-02,2025-06-30,36,35,0
PO012619,S010,P0336,W07,2025-01-07,2025-02-06,2025-02-06,41,36,3
PO012620,S030,P0092,W02,2025-06-17,2025-07-13,2025-07-23,47,41,4
PO012621,S030,P0177,W05,2025-10-30,2025-11-15,2025-11-14,101,89,12
PO012622,S026,P0223,W07,2025-04-09,2025-04-24,2025-04-23,87,70,13
PO012623,S009,P0042,W02,2026-05-21,2026-06-10,2026-06-08,68,62,5
PO012624,S021,P0141,W09,2025-03-14,2025-03-19,2025-03-18,80,66,10
PO012625,S036,P0155,W05,2025-12-01,2026-01-03,2026-01-02,123,111,6
PO012626,S034,P0271,W13,2025-04-24,2025-04-27,2025-04-25,14,13,1
PO012627,S001,P0041,W05,2026-03-24,2026-03-29,,91,89,0
PO012628,S020,P0019,W12,2025-04-23,2025-05-11,2025-05-10,86,79,7
PO012629,S035,P0140,W05,2025-10-19,2025-11-02,2025-11-01,475,410,58
PO012630,S038,P0358,W10,2025-07-22,2025-08-02,2025-08-01,89,79,8
PO012631,S010,P0359,W15,2026-02-03,2026-03-07,2026-03-07,24,21,2
PO012632,S037,P0390,W15,2025-03-18,2025-03-22,2025-03-22,71,70,1
PO012633,S039,P0016,W12,2026-04-02,2026-04-21,2026-04-19,26,24,1
PO012634,S005,P0115,W08,2025-04-16,2025-05-05,2025-05-03,35,34,0
PO012635,S019,P0385,W04,2026-03-07,2026-04-01,2026-03-30,50,47,1
PO012636,S028,P0076,W05,2025-01-12,2025-02-05,2025-02-10,43,41,2
PO012637,S014,P0025,W14,2025-02-07,2025-02-20,2025-02-19,76,68,7
PO012638,S014,P0331,W03,2025-08-03,2025-08-15,2025-08-13,24,22,2
PO012639,S014,P0301,W10,2025-06-09,2025-06-19,2025-06-17,38,36,2
PO012640,S025,P0035,W11,2025-04-23,2025-05-13,2025-05-12,29,27,1
PO012641,S030,P0267,W05,2025-02-26,2025-03-10,2025-03-09,82,73,7
PO012642,S026,P0332,W12,2026-06-23,2026-07-02,2026-07-02,121,107,12
PO012643,S006,P0227,W05,2025-08-13,2025-08-21,2025-08-19,52,49,2
PO012644,S037,P0382,W12,2025-05-11,2025-05-21,2025-05-21,106,101,1
PO012645,S018,P0303,W11,2026-04-12,2026-05-07,2026-05-06,68,61,7
PO012646,S003,P0199,W05,2025-02-27,2025-03-18,2025-03-16,77,74,3
PO012647,S034,P0356,W08,2025-03-30,2025-04-06,2025-04-06,142,128,9
PO012648,S018,P0071,W06,2025-04-14,2025-05-15,2025-05-14,130,114,15
PO012649,S017,P0064,W03,2026-05-19,2026-06-14,2026-06-12,40,36,3
PO012650,S005,P0394,W11,2025-04-25,2025-05-17,2025-05-17,135,131,0
PO012651,S003,P0270,W02,2025-01-22,2025-02-10,2025-02-10,164,160,3
PO012652,S025,P0207,W02,2025-12-28,2026-01-23,2026-01-23,51,47,2
PO012653,S001,P0358,W02,2025-01-11,2025-01-14,2025-01-13,50,49,0
PO012654,S010,P0207,W15,2026-01-16,2026-02-14,2026-02-23,29,27,2
PO012655,S014,P0029,W12,2025-11-27,2025-12-01,2025-12-01,144,135,9
PO012656,S017,P0332,W10,2025-06-26,2025-07-19,2025-07-19,128,118,8
PO012657,S020,P0388,W08,2025-07-08,2025-07-19,2025-07-18,86,80,6
PO012658,S037,P0268,W11,2025-08-23,2025-09-01,2025-09-01,245,226,8
PO012659,S017,P0015,W15,2025-02-14,2025-03-14,2025-03-23,104,91,8
PO012660,S030,P0050,W09,2025-04-10,2025-04-17,2025-04-16,82,74,8
PO012661,S002,P0039,W15,2026-02-01,2026-02-28,2026-02-28,51,46,4
PO012662,S017,P0395,W09,2025-07-09,2025-08-15,2025-08-15,46,43,2
PO012663,S004,P0290,W07,2026-02-13,2026-03-07,2026-03-06,46,41,3
PO012664,S004,P0366,W09,2025-10-31,2025-11-19,2025-11-29,49,43,5
PO012665,S023,P0202,W14,2026-06-16,2026-06-25,2026-06-23,32,30,2
PO012666,S026,P0371,W13,2025-05-03,2025-05-18,2025-05-18,76,69,7
PO012667,S012,P0100,W09,2026-04-27,2026-06-02,2026-06-02,41,37,2
PO012668,S019,P0141,W08,2026-04-07,2026-04-23,2026-04-22,133,123,7
PO012669,S008,P0138,W03,2025-04-26,2025-05-14,2025-05-12,148,139,9
PO012670,S013,P0281,W02,2026-05-10,2026-06-14,2026-06-25,100,96,2
PO012671,S015,P0090,W05,2025-07-08,2025-07-19,2025-07-17,80,68,11
PO012672,S036,P0286,W14,2026-01-05,2026-02-11,2026-02-09,41,39,2
PO012673,S023,P0377,W12,2025-07-03,2025-07-16,2025-07-14,327,293,23
PO012674,S035,P0137,W02,2026-02-10,2026-02-24,2026-02-23,170,151,16
PO012675,S016,P0327,W11,2026-03-06,2026-03-26,2026-04-03,84,75,6
PO012676,S023,P0169,W05,2025-09-07,2025-09-19,2025-09-21,41,37,3
PO012677,S009,P0221,W15,2025-05-08,2025-05-20,2025-05-21,46,44,2
PO012678,S003,P0124,W06,2025-10-15,2025-11-09,2025-11-09,43,41,0
PO012679,S034,P0014,W01,2025-01-27,2025-02-12,2025-02-12,109,100,8
PO012680,S027,P0009,W01,2026-02-23,2026-03-29,2026-03-29,225,210,14
PO012681,S006,P0219,W08,2025-12-29,2026-01-01,2025-12-31,119,114,5
PO012682,S036,P0335,W14,2025-09-27,2025-11-07,2025-11-07,71,65,4
PO012683,S026,P0264,W08,2025-07-15,2025-07-27,2025-07-27,75,64,8
PO012684,S007,P0052,W01,2026-01-13,2026-02-10,2026-02-08,92,80,10
PO012685,S021,P0048,W05,2025-12-09,2025-12-17,2025-12-17,26,24,2
PO012686,S020,P0106,W07,2026-04-04,2026-04-11,2026-04-21,52,45,5
PO012687,S028,P0297,W12,2026-02-08,2026-03-05,2026-03-05,23,22,1
PO012688,S036,P0153,W08,2025-07-24,2025-08-24,2025-08-23,222,199,13
PO012689,S040,P0049,W01,2025-08-16,2025-08-23,2025-08-21,53,52,1
PO012690,S027,P0109,W05,2025-05-14,2025-06-10,2025-06-10,234,211,22
PO012691,S034,P0269,W01,2026-05-25,2026-06-02,2026-06-01,180,166,8
PO012692,S027,P0343,W01,2025-08-31,2025-10-13,2025-10-12,34,32,2
PO012693,S003,P0271,W05,2025-09-09,2025-10-02,2025-10-01,41,38,2
PO012694,S038,P0373,W11,2025-01-05,2025-01-12,2025-01-23,123,103,14
PO012695,S039,P0137,W12,2025-08-14,2025-08-27,2025-08-25,122,108,8
PO012696,S004,P0166,W08,2026-02-28,2026-03-14,2026-03-13,93,79,11
PO012697,S008,P0037,W09,2025-05-14,2025-05-30,2025-05-28,150,140,9
PO012698,S020,P0102,W14,2026-02-25,2026-03-03,2026-03-02,77,68,8
PO012699,S004,P0239,W01,2026-01-07,2026-01-17,2026-01-15,75,69,5
PO012700,S035,P0077,W11,2025-06-25,2025-06-28,2025-06-26,61,54,5
PO012701,S025,P0312,W02,2025-03-30,2025-04-30,2025-04-29,186,176,6
PO012702,S034,P0398,W15,2025-07-23,2025-08-05,2025-08-04,50,47,3
PO012703,S001,P0115,W15,2025-10-23,2025-10-26,2025-10-26,107,104,0
PO012704,S028,P0352,W02,2026-04-28,2026-05-11,2026-05-10,45,40,3
PO012705,S005,P0306,W01,2025-01-13,2025-01-31,2025-01-30,43,42,1
PO012706,S011,P0081,W06,2025-04-26,2025-05-06,2025-05-05,77,73,1
PO012707,S015,P0362,W11,2025-05-02,2025-05-09,2025-05-09,109,97,12
PO012708,S001,P0050,W12,2026-04-29,2026-05-02,2026-05-03,58,57,0
PO012709,S017,P0305,W15,2025-01-26,2025-02-24,2025-02-22,73,66,5
PO012710,S025,P0013,W04,2026-04-05,2026-04-22,2026-05-02,64,59,3
PO012711,S002,P0323,W12,2025-04-09,2025-05-08,2025-05-08,29,26,2
PO012712,S030,P0253,W13,2026-06-15,2026-07-05,2026-07-03,167,146,15
PO012713,S035,P0013,W01,2026-04-02,2026-04-22,2026-04-21,114,106,8
PO012714,S021,P0046,W02,2026-06-15,2026-06-24,2026-06-24,171,151,15
PO012715,S028,P0113,W14,2026-03-21,2026-04-19,2026-04-17,36,34,2
PO012716,S025,P0054,W09,2025-08-25,2025-09-15,2025-09-13,160,148,11
PO012717,S031,P0256,W09,2025-01-22,2025-02-06,2025-02-05,163,149,12
PO012718,S013,P0273,W10,2025-12-17,2026-01-15,2026-01-15,56,55,0
PO012719,S040,P0057,W06,2025-02-23,2025-03-09,2025-03-08,75,72,0
PO012720,S011,P0034,W01,2025-04-24,2025-05-09,2025-05-09,94,90,0
PO012721,S022,P0224,W13,2026-02-09,2026-02-23,2026-02-21,125,115,7
PO012722,S032,P0215,W03,2026-04-28,2026-05-18,2026-05-17,195,186,3
PO012723,S018,P0180,W02,2026-02-18,2026-03-17,2026-03-15,52,47,4
PO012724,S028,P0205,W14,2025-03-13,2025-04-05,2025-04-05,106,96,7
PO012725,S038,P0365,W12,2025-04-19,2025-04-29,2025-04-29,227,208,11
PO012726,S011,P0202,W15,2025-06-02,2025-06-13,2025-06-22,20,20,0
PO012727,S030,P0078,W04,2025-11-10,2025-11-21,2025-11-19,34,32,2
PO012728,S011,P0127,W10,2025-03-24,2025-04-07,2025-04-07,101,97,0
PO012729,S029,P0277,W03,2025-09-18,2025-09-21,2025-09-19,27,26,1
PO012730,S036,P0026,W10,2025-10-22,2025-11-17,2025-11-15,57,55,2
PO012731,S013,P0127,W08,2025-07-03,2025-08-04,2025-08-14,77,73,4
PO012732,S028,P0140,W06,2026-06-11,2026-07-05,2026-07-17,124,113,10
PO012733,S036,P0335,W09,2026-04-25,2026-05-28,2026-05-28,80,76,3
PO012734,S030,P0180,W13,2025-12-12,2025-12-31,2025-12-31,46,41,3
PO012735,S023,P0102,W10,2025-12-17,2026-01-01,2025-12-31,110,98,10
PO012736,S034,P0179,W14,2025-07-08,2025-07-23,2025-07-21,41,39,2
PO012737,S016,P0323,W12,2025-07-21,2025-08-06,2025-08-04,101,88,8
PO012738,S033,P0124,W01,2026-01-07,2026-02-04,2026-02-04,80,68,8
PO012739,S038,P0058,W07,2026-06-22,2026-07-12,2026-07-11,41,37,3
PO012740,S005,P0070,W04,2026-02-23,2026-03-07,2026-03-06,55,51,2
PO012741,S030,P0012,W07,2025-07-25,2025-08-04,2025-08-04,90,83,7
PO012742,S038,P0043,W03,2026-01-07,2026-01-20,2026-01-20,28,26,1
PO012743,S009,P0335,W04,2025-12-15,2026-01-15,2026-01-13,88,82,3
PO012744,S002,P0290,W05,2025-11-11,2025-12-05,2025-12-04,33,31,2
PO012745,S025,P0198,W14,2025-06-29,2025-07-23,2025-07-22,55,51,4
PO012746,S011,P0319,W15,2026-05-19,2026-05-30,2026-05-28,92,91,0
PO012747,S007,P0005,W10,2025-08-23,2025-09-20,2025-09-28,15,14,1
PO012748,S032,P0111,W09,2025-01-25,2025-02-14,2025-02-12,50,47,2
PO012749,S028,P0334,W14,2025-04-21,2025-05-18,2025-05-16,55,52,2
PO012750,S013,P0165,W06,2025-02-17,2025-03-22,2025-03-20,93,85,4
PO012751,S005,P0332,W13,2025-09-08,2025-09-20,2025-09-20,57,56,1
PO012752,S008,P0038,W09,2026-06-05,2026-06-26,2026-06-25,29,28,1
PO012753,S015,P0310,W02,2025-04-17,2025-05-07,2025-05-05,39,36,3
PO012754,S007,P0320,W11,2025-03-26,2025-04-29,2025-04-28,131,111,16
PO012755,S033,P0264,W12,2026-02-26,2026-03-31,2026-03-29,57,52,3
PO012756,S021,P0208,W04,2025-09-30,2025-10-03,2025-10-02,95,82,10
PO012757,S029,P0187,W15,2026-02-17,2026-02-22,2026-02-21,138,131,6
PO012758,S031,P0261,W07,2025-05-16,2025-06-08,2025-06-07,73,69,4
PO012759,S030,P0101,W14,2026-06-06,2026-06-27,2026-06-27,144,130,9
PO012760,S012,P0304,W07,2026-01-10,2026-02-10,2026-02-09,108,101,6
PO012761,S008,P0074,W01,2025-12-25,2026-01-07,2026-01-06,139,130,4
PO012762,S017,P0202,W04,2025-02-21,2025-03-22,2025-03-22,72,68,4
PO012763,S007,P0016,W11,2026-06-04,2026-06-26,2026-06-24,41,37,4
PO012764,S004,P0193,W08,2025-03-20,2025-04-01,2025-03-31,98,85,9
PO012765,S007,P0090,W02,2025-02-08,2025-03-04,2025-03-02,82,72,10
PO012766,S021,P0014,W12,2026-06-01,2026-06-07,2026-06-06,22,20,1
PO012767,S026,P0064,W13,2025-07-22,2025-08-07,2025-08-19,55,50,5
PO012768,S002,P0308,W09,2025-06-11,2025-06-29,2025-06-27,77,72,5
PO012769,S036,P0252,W07,2026-02-14,2026-03-31,2026-03-29,141,133,7
PO012770,S018,P0397,W08,2025-03-30,2025-04-29,2025-04-27,46,40,5
PO012771,S009,P0345,W10,2025-08-01,2025-08-27,2025-08-25,110,102,4
PO012772,S010,P0354,W10,2025-09-25,2025-10-22,2025-10-21,31,28,3
PO012773,S005,P0238,W01,2025-09-16,2025-10-09,2025-10-07,43,41,0
PO012774,S024,P0062,W08,2025-05-26,2025-07-06,2025-07-08,18,16,1
PO012775,S003,P0090,W12,2025-05-02,2025-05-26,2025-05-26,156,145,9
PO012776,S009,P0173,W02,2026-06-28,2026-07-17,2026-07-20,134,123,6
PO012777,S010,P0245,W09,2025-04-16,2025-05-09,2025-05-16,101,93,8
PO012778,S015,P0384,W02,2026-01-06,2026-01-27,2026-01-26,98,85,11
PO012779,S020,P0019,W08,2025-12-16,2025-12-22,2025-12-21,68,62,6
PO012780,S014,P0365,W15,2026-01-16,2026-01-26,2026-01-26,38,35,2
PO012781,S016,P0226,W14,2025-06-10,2025-06-28,2025-06-26,23,22,1
PO012782,S021,P0158,W11,2026-06-19,2026-06-25,2026-06-24,225,200,25
PO012783,S005,P0044,W08,2025-02-18,2025-03-07,2025-03-07,69,66,3
PO012784,S031,P0296,W10,2025-07-04,2025-07-16,2025-07-16,53,50,2
PO012785,S029,P0277,W02,2025-03-01,2025-03-09,2025-03-08,54,51,1
PO012786,S021,P0221,W05,2025-11-02,2025-11-09,2025-11-10,41,37,4
PO012787,S009,P0310,W06,2025-04-13,2025-04-25,2025-04-24,43,41,2
PO012788,S010,P0234,W10,2025-09-09,2025-10-01,2025-09-29,191,172,19
PO012789,S031,P0122,W06,2026-01-16,2026-02-02,2026-02-01,41,36,3
PO012790,S029,P0291,W10,2025-04-20,2025-04-24,2025-04-23,26,24,1
PO012791,S032,P0127,W04,2025-08-11,2025-08-27,2025-08-26,61,59,2
PO012792,S018,P0083,W09,2025-10-30,2025-11-28,2025-11-30,63,55,8
PO012793,S035,P0115,W02,2025-06-04,2025-06-15,2025-06-14,157,138,17
PO012794,S004,P0101,W06,2026-01-06,2026-01-27,2026-01-26,73,64,7
PO012795,S016,P0377,W11,2025-06-30,2025-07-11,2025-07-12,13,13,0
PO012796,S017,P0275,W01,2025-11-25,2025-12-21,2025-12-19,68,64,3
PO012797,S013,P0384,W14,2026-06-16,2026-07-06,2026-07-06,20,19,0
PO012798,S039,P0353,W12,2025-11-12,2025-11-27,2025-11-25,25,23,1
PO012799,S040,P0209,W11,2025-07-09,2025-07-20,2025-07-20,166,161,0
PO012800,S004,P0115,W10,2025-01-20,2025-02-08,2025-02-16,67,60,6
PO012801,S010,P0044,W07,2025-08-04,2025-08-24,2025-08-24,44,39,4
PO012802,S022,P0191,W08,2025-10-12,2025-11-01,2025-10-31,75,71,4
PO012803,S040,P0025,W02,2026-04-02,2026-04-11,2026-04-11,16,15,0
PO012804,S034,P0055,W04,2025-08-21,2025-08-27,2025-08-26,26,25,1
PO012805,S027,P0294,W02,2026-05-24,2026-06-21,2026-06-20,37,34,3
PO012806,S036,P0105,W09,2026-03-28,2026-05-03,2026-05-01,53,52,1
PO012807,S009,P0192,W07,2026-04-02,2026-04-26,2026-04-24,45,41,2
PO012808,S015,P0150,W01,2025-12-09,2025-12-27,2025-12-27,63,57,6
PO012809,S020,P0002,W13,2025-05-21,2025-06-09,2025-06-09,27,25,2
PO012810,S017,P0264,W11,2025-11-28,2025-12-24,2025-12-31,77,71,5
PO012811,S025,P0263,W05,2025-08-25,2025-09-21,2025-09-19,91,85,4
PO012812,S024,P0364,W15,2025-01-22,2025-02-24,2025-02-23,122,107,11
PO012813,S020,P0356,W13,2026-06-23,2026-07-05,2026-07-05,57,50,6
PO012814,S015,P0366,W09,2026-05-30,2026-06-25,2026-06-23,138,121,15
PO012815,S019,P0006,W15,2025-07-04,2025-07-26,2025-07-24,86,80,3
PO012816,S016,P0134,W06,2025-12-12,2025-12-21,2025-12-19,102,92,7
PO012817,S030,P0269,W04,2026-05-19,2026-06-04,2026-06-16,96,84,9
PO012818,S038,P0371,W12,2026-02-24,2026-03-16,2026-03-16,140,127,11
PO012819,S038,P0237,W15,2025-04-20,2025-05-14,2025-05-12,130,112,13
PO012820,S004,P0347,W12,2025-02-25,2025-03-11,2025-03-11,52,46,4
PO012821,S012,P0156,W07,2025-05-17,2025-06-15,2025-06-15,30,28,1
PO012822,S025,P0298,W11,2025-05-09,2025-06-05,2025-06-05,59,56,2
PO012823,S005,P0251,W05,2025-02-14,2025-03-09,2025-03-09,55,53,1
PO012824,S034,P0192,W02,2025-09-14,2025-09-21,2025-09-20,138,123,12
PO012825,S011,P0264,W05,2025-07-28,2025-08-08,2025-08-07,18,17,0
PO012826,S009,P0092,W08,2026-01-18,2026-02-11,2026-02-10,95,89,6
PO012827,S035,P0373,W02,2025-08-09,2025-08-31,2025-08-31,122,105,12
PO012828,S013,P0247,W04,2025-09-24,2025-10-25,2025-10-25,23,22,0
PO012829,S032,P0232,W08,2025-09-02,2025-09-18,2025-09-16,44,44,0
PO012830,S033,P0082,W06,2025-08-22,2025-09-26,2025-09-24,91,82,9
PO012831,S012,P0314,W04,2025-04-29,2025-05-24,2025-05-22,75,74,1
PO012832,S021,P0259,W14,2025-11-13,2025-11-17,2025-11-15,26,23,2
PO012833,S015,P0327,W05,2026-01-01,2026-01-17,2026-01-17,95,85,7
PO012834,S039,P0299,W12,2025-10-13,2025-11-04,2025-11-04,52,49,2
PO012835,S033,P0284,W10,2025-06-23,2025-07-20,2025-07-18,61,54,4
PO012836,S034,P0277,W02,2026-02-28,2026-03-11,2026-03-09,216,207,6
PO012837,S018,P0080,W10,2025-06-26,2025-07-21,2025-07-25,54,47,5
PO012838,S012,P0358,W10,2026-04-21,2026-05-26,2026-05-26,61,55,4
PO012839,S016,P0387,W15,2025-06-27,2025-07-08,2025-07-06,115,103,7
PO012840,S019,P0120,W15,2026-05-30,2026-06-17,2026-06-15,35,33,1
PO012841,S034,P0101,W08,2025-09-23,2025-10-07,2025-10-18,116,108,7
PO012842,S040,P0044,W09,2025-11-10,2025-11-18,2025-11-17,76,72,2
PO012843,S028,P0344,W05,2025-05-02,2025-05-22,2025-05-20,62,55,5
PO012844,S014,P0268,W03,2026-02-01,2026-02-05,2026-02-05,36,33,3
PO012845,S016,P0381,W08,2025-07-05,2025-07-26,2025-07-25,58,55,3
PO012846,S040,P0242,W11,2025-03-03,2025-03-16,2025-03-16,23,23,0
PO012847,S039,P0301,W10,2025-04-29,2025-05-25,2025-05-23,32,30,1
PO012848,S017,P0355,W12,2025-11-16,2025-12-12,2025-12-19,103,95,6
PO012849,S025,P0315,W10,2025-06-07,2025-06-27,2025-06-27,31,30,1
PO012850,S016,P0190,W04,2026-04-19,2026-05-01,2026-04-30,305,281,23
PO012851,S037,P0009,W11,2025-06-26,2025-07-05,2025-07-04,113,110,1
PO012852,S016,P0335,W10,2025-04-03,2025-04-27,2025-04-27,44,41,3
PO012853,S031,P0005,W03,2025-04-03,2025-04-16,2025-04-15,33,29,3
PO012854,S023,P0229,W09,2026-03-27,2026-04-19,2026-04-19,163,147,11
PO012855,S001,P0364,W06,2025-11-02,2025-11-06,2025-11-06,54,53,0
PO012856,S009,P0068,W03,2025-08-18,2025-09-03,2025-09-03,109,103,4
PO012857,S033,P0358,W08,2025-07-22,2025-08-25,2025-08-23,79,71,5
PO012858,S037,P0366,W08,2025-09-10,2025-09-17,2025-09-16,93,88,3
PO012859,S011,P0281,W07,2025-08-28,2025-09-10,2025-09-10,56,53,1
PO012860,S005,P0246,W15,2025-04-07,2025-05-05,2025-05-05,119,114,4
PO012861,S034,P0146,W13,2026-03-11,2026-03-21,2026-03-21,62,59,3
PO012862,S025,P0320,W10,2025-06-18,2025-07-18,2025-07-17,140,128,6
PO012863,S031,P0335,W10,2025-01-08,2025-01-29,2025-01-29,36,34,2
PO012864,S031,P0100,W13,2026-04-22,2026-05-02,2026-04-30,36,33,3
PO012865,S010,P0248,W08,2025-05-30,2025-06-27,2025-07-07,42,37,3
PO012866,S033,P0186,W06,2025-03-12,2025-04-19,2025-04-17,140,124,10
PO012867,S021,P0125,W06,2025-09-30,2025-10-10,2025-10-08,64,53,8
PO012868,S021,P0279,W03,2025-04-02,2025-04-09,2025-04-09,378,334,41
PO012869,S012,P0113,W07,2025-12-31,2026-01-26,2026-01-26,83,78,2
PO012870,S007,P0204,W13,2025-04-02,2025-05-11,2025-05-11,202,166,26
PO012871,S040,P0256,W02,2025-10-03,2025-10-08,2025-10-09,21,21,0
PO012872,S007,P0105,W12,2025-07-27,2025-08-22,2025-08-22,78,66,9
PO012873,S010,P0184,W05,2025-09-14,2025-10-03,2025-10-03,69,61,6
PO012874,S019,P0011,W08,2025-05-17,2025-05-29,2025-05-27,62,60,1
PO012875,S007,P0323,W10,2026-04-28,2026-05-31,2026-05-30,103,90,13
PO012876,S025,P0097,W02,2025-12-19,2026-01-08,2026-01-06,69,63,3
PO012877,S016,P0302,W13,2026-01-16,2026-02-04,2026-02-02,52,46,4
PO012878,S003,P0105,W11,2025-01-30,2025-02-13,2025-02-13,117,112,2
PO012879,S003,P0077,W11,2025-08-31,2025-09-23,2025-09-30,71,67,1
PO012880,S011,P0060,W14,2026-02-04,2026-02-19,2026-02-19,77,77,0
PO012881,S017,P0088,W06,2026-03-23,2026-04-16,2026-04-14,55,51,3
PO012882,S009,P0077,W06,2025-11-02,2025-11-07,2025-11-05,58,56,2
PO012883,S023,P0274,W05,2025-11-28,2025-12-07,2025-12-06,40,34,4
PO012884,S028,P0282,W08,2025-07-18,2025-08-11,2025-08-10,43,40,3
PO012885,S002,P0208,W01,2025-04-24,2025-05-25,2025-05-24,76,69,4
PO012886,S034,P0074,W11,2025-12-24,2026-01-04,2026-01-04,56,53,3
PO012887,S009,P0313,W08,2025-12-15,2025-12-31,2025-12-29,95,88,4
PO012888,S016,P0052,W15,2025-02-25,2025-03-11,2025-03-10,121,111,6
PO012889,S017,P0069,W15,2025-02-27,2025-03-25,2025-03-24,103,98,3
PO012890,S033,P0163,W04,2026-05-18,2026-06-19,2026-06-25,69,64,4
PO012891,S009,P0145,W05,2025-09-12,2025-10-04,2025-10-03,100,94,2
PO012892,S036,P0024,W06,2025-06-18,2025-07-17,2025-07-17,87,82,5
PO012893,S002,P0163,W06,2026-03-16,2026-04-13,2026-04-20,101,90,6
PO012894,S040,P0231,W15,2025-04-12,2025-04-15,2025-04-13,255,233,12
PO012895,S004,P0365,W15,2026-01-04,2026-01-24,2026-01-22,127,115,11
PO012896,S009,P0049,W15,2025-06-15,2025-07-07,2025-07-05,55,53,1
PO012897,S013,P0107,W07,2025-11-10,2025-12-13,2025-12-13,41,40,0
PO012898,S026,P0121,W10,2025-08-26,2025-09-10,2025-09-10,74,68,5
PO012899,S017,P0116,W12,2026-01-21,2026-02-16,2026-02-16,198,184,14
PO012900,S030,P0175,W06,2025-08-02,2025-08-20,2025-08-20,28,25,2
PO012901,S007,P0211,W06,2025-11-23,2025-12-27,2025-12-25,116,96,15
PO012902,S015,P0110,W09,2026-01-19,2026-02-11,2026-02-10,38,34,4
PO012903,S014,P0053,W15,2025-12-23,2025-12-29,2025-12-27,67,61,4
PO012904,S024,P0132,W07,2025-11-12,2025-12-19,2025-12-17,55,50,4
PO012905,S027,P0391,W04,2026-05-31,2026-06-29,2026-06-27,67,61,4
PO012906,S026,P0400,W07,2026-05-14,2026-06-01,2026-05-31,16,15,1
PO012907,S025,P0018,W05,2026-02-18,2026-03-08,2026-03-08,45,43,2
PO012908,S029,P0193,W10,2025-11-05,2025-11-09,2025-11-08,55,53,1
PO012909,S008,P0256,W10,2026-04-11,2026-04-16,2026-04-16,60,54,3
PO012910,S031,P0376,W14,2025-10-20,2025-11-10,2025-11-10,26,23,2
PO012911,S027,P0217,W15,2025-06-27,2025-07-31,2025-07-29,67,60,5
PO012912,S013,P0283,W03,2025-01-01,2025-02-01,2025-01-30,69,65,1
PO012913,S009,P0310,W07,2025-09-07,2025-10-05,2025-10-04,80,76,3
PO012914,S026,P0022,W05,2025-07-21,2025-08-09,2025-08-08,91,81,10
PO012915,S008,P0253,W02,2026-04-25,2026-05-10,2026-05-08,113,105,6
PO012916,S026,P0338,W07,2025-08-05,2025-08-23,2025-08-25,71,63,7
PO012917,S011,P0300,W03,2025-08-02,2025-08-10,2025-08-10,220,215,2
PO012918,S014,P0397,W11,2025-04-25,2025-04-30,2025-05-11,77,68,6
PO012919,S017,P0212,W08,2025-09-20,2025-10-21,2025-10-21,50,47,2
PO012920,S026,P0072,W03,2025-02-16,2025-02-28,2025-02-28,137,121,14
PO012921,S008,P0140,W12,2026-02-25,2026-03-11,2026-03-10,122,115,6
PO012922,S033,P0043,W01,2026-06-02,2026-07-09,2026-07-08,17,15,1
PO012923,S040,P0185,W05,2025-11-05,2025-11-13,2025-11-12,68,67,0
PO012924,S022,P0089,W10,2025-09-20,2025-10-03,2025-10-03,65,60,2
PO012925,S018,P0142,W08,2025-04-01,2025-04-27,2025-04-26,37,33,4
PO012926,S018,P0072,W11,2025-01-20,2025-02-11,2025-02-11,23,21,2
PO012927,S036,P0362,W01,2025-09-04,2025-10-02,2025-10-02,137,131,5
PO012928,S019,P0298,W08,2026-05-25,2026-06-16,2026-06-15,41,39,1
PO012929,S015,P0032,W13,2026-06-06,2026-06-29,2026-06-27,84,73,9
PO012930,S040,P0114,W13,2025-11-12,2025-11-18,2025-11-17,114,106,5
PO012931,S039,P0272,W15,2025-02-04,2025-02-25,2025-02-24,19,17,1
PO012932,S001,P0288,W08,2025-06-20,2025-06-29,2025-06-28,256,253,0
PO012933,S019,P0248,W05,2025-02-17,2025-03-10,2025-03-09,124,120,4
PO012934,S031,P0116,W03,2025-07-17,2025-08-07,2025-08-06,479,434,39
PO012935,S016,P0269,W09,2025-06-20,2025-07-09,2025-07-07,107,94,8
PO012936,S027,P0142,W15,2026-06-25,2026-07-25,2026-07-24,38,35,2
PO012937,S023,P0391,W09,2025-09-28,2025-10-03,2025-10-03,14,13,0
PO012938,S037,P0221,W02,2025-04-18,2025-04-25,2025-04-23,72,70,0
PO012939,S001,P0163,W11,2026-06-22,2026-06-29,2026-06-27,82,74,4
PO012940,S021,P0100,W04,2026-06-10,2026-06-14,2026-06-18,133,119,12
PO012941,S028,P0223,W12,2025-07-05,2025-07-25,2025-08-03,131,118,11
PO012942,S010,P0348,W12,2026-04-28,2026-05-21,2026-05-20,99,89,8
PO012943,S024,P0191,W09,2025-02-19,2025-03-30,2025-03-30,33,29,3
PO012944,S031,P0145,W02,2025-07-08,2025-07-29,2025-07-28,252,226,18
PO012945,S010,P0065,W12,2025-08-18,2025-09-17,2025-09-17,65,59,6
PO012946,S007,P0125,W13,2025-01-14,2025-02-16,2025-02-14,18,15,2
PO012947,S030,P0389,W14,2026-04-06,2026-04-18,2026-04-18,48,41,5
PO012948,S006,P0138,W14,2025-01-07,2025-01-23,2025-01-21,107,100,4
PO012949,S005,P0226,W01,2025-03-28,2025-04-24,2025-04-22,27,25,1
PO012950,S012,P0201,W04,2025-05-26,2025-06-30,2025-06-29,50,48,1
PO012951,S030,P0400,W04,2025-07-16,2025-07-23,2025-07-21,64,58,3
PO012952,S037,P0275,W11,2025-06-29,2025-07-06,2025-07-04,30,29,1
PO012953,S030,P0240,W11,2026-02-26,2026-03-09,2026-03-08,49,42,5
PO012954,S003,P0114,W01,2026-06-08,2026-06-26,2026-06-24,65,63,1
PO012955,S023,P0305,W05,2025-05-24,2025-06-19,2025-06-19,121,107,9
PO012956,S030,P0316,W13,2025-08-04,2025-08-07,2025-08-17,36,33,3
PO012957,S031,P0357,W13,2026-02-28,2026-03-13,2026-03-11,18,17,1
PO012958,S002,P0299,W12,2026-05-01,2026-05-28,2026-06-02,50,47,2
PO012959,S029,P0042,W01,2026-01-07,2026-01-11,2026-01-11,20,19,0
PO012960,S016,P0363,W08,2025-07-25,2025-08-14,2025-08-14,69,65,4
PO012961,S024,P0170,W01,2025-09-18,2025-10-26,2025-10-26,22,20,1
PO012962,S003,P0102,W07,2026-04-17,2026-05-18,2026-05-17,109,100,5
PO012963,S001,P0117,W01,2025-10-17,2025-10-24,2025-10-22,323,311,0
PO012964,S026,P0211,W09,2025-10-04,2025-10-16,2025-10-16,65,54,8
PO012965,S024,P0345,W14,2025-06-23,2025-07-25,2025-07-23,39,35,3
PO012966,S030,P0022,W15,2025-02-20,2025-03-04,2025-03-04,162,153,8
PO012967,S024,P0034,W02,2026-06-28,2026-07-30,2026-08-03,196,172,19
PO012968,S030,P0237,W11,2025-09-19,2025-10-04,2025-10-02,31,29,2
PO012969,S027,P0305,W04,2025-01-18,2025-02-21,2025-02-21,105,93,8
PO012970,S019,P0076,W09,2026-01-23,2026-02-03,2026-02-04,128,120,6
PO012971,S028,P0035,W08,2025-08-15,2025-09-13,2025-09-12,68,60,5
PO012972,S033,P0229,W13,2026-02-23,2026-03-21,2026-03-20,154,141,8
PO012973,S015,P0266,W15,2025-09-18,2025-10-12,2025-10-12,55,51,4
PO012974,S038,P0103,W14,2026-02-21,2026-03-19,2026-03-18,89,79,6
PO012975,S021,P0231,W12,2025-11-28,2025-12-01,2025-12-01,81,75,5
PO012976,S029,P0359,W09,2026-01-02,2026-01-05,2026-01-04,27,27,0
PO012977,S029,P0044,W13,2025-12-15,2025-12-18,2025-12-26,56,54,1
PO012978,S038,P0001,W08,2025-11-11,2025-12-03,2025-12-01,33,31,2
PO012979,S031,P0138,W03,2025-12-03,2025-12-26,2025-12-24,88,79,6
PO012980,S009,P0346,W13,2026-01-17,2026-02-04,2026-02-03,85,78,4
PO012981,S020,P0398,W11,2025-10-06,2025-10-17,2025-10-15,33,29,3
PO012982,S008,P0332,W06,2025-04-06,2025-04-28,2025-04-27,98,90,6
PO012983,S015,P0130,W01,2025-08-01,2025-08-22,2025-08-20,30,25,4
PO012984,S008,P0241,W15,2025-07-03,2025-07-18,2025-07-16,60,57,2
PO012985,S026,P0139,W13,2025-12-01,2025-12-18,2025-12-18,178,160,13
PO012986,S004,P0341,W10,2025-09-30,2025-10-15,2025-10-13,48,44,4
PO012987,S038,P0068,W08,2025-06-05,2025-06-25,2025-07-07,41,38,2
PO012988,S035,P0315,W14,2025-07-27,2025-08-03,2025-08-03,68,59,7
PO012989,S031,P0189,W03,2025-12-22,2026-01-08,2026-01-07,111,103,7
PO012990,S014,P0396,W10,2025-01-20,2025-01-25,2025-02-05,31,29,2
PO012991,S004,P0156,W08,2025-06-28,2025-07-11,2025-07-22,50,44,6
PO012992,S036,P0392,W02,2025-05-19,2025-06-20,2025-06-18,60,58,2
PO012993,S031,P0093,W13,2026-06-09,2026-06-24,2026-06-24,25,23,1
PO012994,S029,P0152,W05,2025-07-19,2025-07-25,2025-08-04,24,23,1
PO012995,S007,P0089,W07,2026-06-13,2026-07-14,2026-07-26,26,22,3
PO012996,S012,P0343,W04,2025-04-10,2025-05-17,2025-05-16,45,43,1
PO012997,S015,P0067,W13,2026-05-25,2026-06-07,2026-06-05,43,37,5
PO012998,S016,P0341,W01,2025-03-10,2025-03-16,2025-03-16,49,45,2
PO012999,S012,P0374,W08,2026-06-26,2026-07-28,2026-07-26,42,40,2
PO013000,S031,P0369,W08,2025-08-27,2025-09-14,2025-09-13,18,16,1
PO013001,S027,P0259,W12,2026-04-13,2026-05-17,2026-05-17,70,63,7
PO013002,S019,P0145,W06,2025-09-29,2025-10-19,2025-10-18,111,109,1
PO013003,S017,P0041,W03,2025-05-14,2025-06-10,2025-06-16,60,54,3
PO013004,S031,P0264,W01,2025-11-16,2025-12-01,2025-12-01,130,118,6
PO013005,S006,P0400,W01,2026-03-03,2026-03-06,2026-03-04,101,97,3
PO013006,S011,P0107,W03,2025-08-26,2025-09-08,2025-09-07,46,42,2
PO013007,S034,P0156,W15,2026-03-03,2026-03-08,2026-03-06,102,95,7
PO013008,S032,P0157,W09,2026-04-19,2026-05-08,2026-05-06,14,13,0
PO013009,S017,P0100,W02,2026-06-16,2026-07-17,2026-07-15,29,27,2
PO013010,S020,P0098,W11,2025-01-23,2025-02-11,2025-02-09,35,32,3
PO013011,S030,P0049,W07,2025-02-09,2025-02-23,2025-02-23,79,73,6
PO013012,S039,P0248,W03,2025-05-30,2025-06-14,2025-06-12,56,53,3
PO013013,S006,P0243,W08,2026-03-29,2026-04-04,2026-04-04,38,37,1
PO013014,S036,P0033,W15,2026-03-04,2026-04-03,2026-04-02,104,99,5
PO013015,S023,P0132,W01,2026-02-05,2026-02-17,2026-02-24,195,172,17
PO013016,S030,P0156,W03,2025-08-17,2025-09-01,2025-08-30,70,62,6
PO013017,S005,P0081,W13,2026-02-08,2026-02-28,2026-02-28,34,32,1
PO013018,S004,P0095,W03,2025-03-05,2025-03-22,2025-03-22,104,92,10
PO013019,S011,P0316,W10,2025-01-16,2025-01-28,2025-02-04,223,215,0
PO013020,S015,P0126,W10,2025-03-03,2025-03-17,2025-03-17,51,43,6
PO013021,S011,P0396,W09,2026-02-08,2026-02-21,2026-02-19,64,60,1
PO013022,S008,P0045,W13,2026-01-27,2026-02-12,2026-02-11,237,218,9
PO013023,S027,P0121,W02,2025-04-03,2025-05-01,2025-05-10,60,54,5
PO013024,S038,P0197,W10,2025-03-26,2025-04-20,2025-04-18,111,96,11
PO013025,S031,P0332,W02,2025-06-25,2025-07-17,2025-07-15,114,102,8
PO013026,S023,P0364,W07,2026-04-04,2026-04-22,2026-05-04,92,80,8
PO013027,S036,P0150,W09,2025-03-08,2025-04-14,2025-04-14,104,99,4
PO013028,S035,P0256,W06,2025-08-24,2025-09-16,2025-09-15,81,70,10
PO013029,S009,P0335,W05,2025-04-21,2025-05-04,2025-05-02,278,256,10
PO013030,S009,P0223,W02,2025-09-22,2025-10-13,2025-10-12,93,86,4
PO013031,S012,P0284,W15,2025-03-14,2025-04-15,2025-04-14,35,33,1
PO013032,S007,P0259,W12,2025-03-01,2025-03-30,2025-03-28,49,43,4
PO013033,S014,P0345,W14,2025-09-12,2025-09-15,2025-09-15,82,74,5
PO013034,S007,P0262,W10,2025-04-10,2025-05-19,2025-05-18,64,56,7
PO013035,S035,P0085,W03,2026-03-02,2026-03-20,2026-03-19,14,13,1
PO013036,S036,P0273,W03,2026-06-20,2026-07-26,2026-07-26,31,29,2
PO013037,S004,P0250,W01,2025-06-30,2025-07-22,2025-07-21,80,71,7
PO013038,S040,P0272,W08,2025-05-29,2025-06-02,2025-06-06,73,70,0
PO013039,S018,P0315,W03,2025-12-06,2026-01-03,2026-01-07,104,88,11
PO013040,S013,P0162,W07,2025-01-18,2025-02-17,2025-02-16,100,95,2
PO013041,S010,P0373,W04,2025-07-03,2025-08-03,2025-08-01,29,26,2
PO013042,S025,P0137,W12,2025-09-19,2025-10-06,2025-10-04,23,21,1
PO013043,S028,P0265,W02,2025-04-25,2025-05-15,2025-05-15,42,36,4
PO013044,S015,P0141,W15,2025-11-03,2025-11-28,2025-11-30,51,44,5
PO013045,S007,P0277,W04,2025-11-04,2025-12-12,2025-12-10,50,44,4
PO013046,S003,P0332,W11,2025-12-10,2025-12-21,2025-12-21,68,65,1
PO013047,S010,P0373,W11,2026-04-14,2026-05-14,2026-05-13,80,69,7
PO013048,S031,P0300,W03,2026-05-19,2026-06-01,2026-05-30,209,189,12
PO013049,S037,P0080,W01,2025-05-30,2025-06-05,2025-06-04,76,74,1
PO013050,S010,P0209,W09,2026-06-27,2026-08-02,2026-08-01,63,58,5
PO013051,S005,P0300,W04,2025-12-09,2025-12-20,2025-12-26,44,43,1
PO013052,S009,P0229,W09,2026-01-03,2026-01-25,2026-02-02,179,167,10
PO013053,S009,P0309,W06,2025-09-15,2025-10-06,2025-10-05,32,30,1
PO013054,S015,P0334,W09,2025-09-25,2025-10-13,2025-10-11,76,64,9
PO013055,S010,P0381,W01,2026-06-01,2026-06-28,2026-06-26,17,16,1
PO013056,S011,P0044,W04,2026-06-27,2026-07-15,2026-07-22,23,22,0
PO013057,S015,P0113,W07,2025-09-23,2025-10-16,2025-10-15,125,108,15
PO013058,S030,P0285,W07,2026-04-06,2026-04-14,2026-04-12,86,79,7
PO013059,S014,P0325,W09,2026-01-21,2026-01-24,2026-01-24,28,26,1
PO013060,S017,P0041,W06,2025-04-14,2025-05-06,2025-05-04,132,121,8
PO013061,S040,P0351,W08,2026-05-20,2026-06-01,2026-05-31,32,31,1
PO013062,S005,P0093,W13,2025-06-21,2025-07-05,2025-07-04,40,39,1
PO013063,S017,P0101,W07,2025-07-27,2025-08-21,2025-08-20,41,38,2
PO013064,S019,P0239,W15,2025-09-15,2025-10-07,2025-10-06,107,98,5
PO013065,S022,P0399,W03,2025-10-08,2025-10-16,2025-10-22,81,72,5
PO013066,S008,P0051,W02,2025-01-09,2025-02-03,2025-02-01,132,120,7
PO013067,S032,P0266,W01,2025-08-06,2025-08-26,2025-08-26,102,96,2
PO013068,S030,P0069,W02,2025-08-06,2025-08-24,2025-08-31,69,63,6
PO013069,S003,P0192,W01,2025-01-21,2025-02-07,2025-02-05,55,54,1
PO013070,S001,P0107,W05,2025-01-05,2025-01-10,2025-01-08,53,52,0
PO013071,S001,P0291,W11,2026-04-15,2026-04-26,2026-04-25,136,132,3
PO013072,S022,P0400,W06,2025-08-16,2025-09-08,2025-09-07,35,34,1
PO013073,S029,P0357,W05,2025-05-13,2025-05-28,2025-05-28,85,77,5
PO013074,S036,P0077,W10,2025-03-15,2025-04-08,2025-04-06,30,28,1
PO013075,S022,P0271,W13,2025-12-11,2025-12-22,2025-12-21,65,64,1
PO013076,S023,P0180,W06,2025-04-05,2025-04-19,2025-04-17,95,88,7
PO013077,S019,P0105,W11,2025-03-01,2025-03-20,2025-03-19,52,50,2
PO013078,S028,P0186,W13,2025-04-07,2025-04-25,2025-04-23,83,78,5
PO013079,S002,P0379,W05,2025-11-09,2025-12-09,2025-12-09,86,79,6
PO013080,S034,P0397,W15,2026-05-19,2026-05-22,2026-05-20,68,63,4
PO013081,S031,P0193,W13,2025-09-24,2025-10-16,2025-10-14,72,66,5
PO013082,S020,P0278,W10,2025-05-23,2025-06-06,2025-06-04,76,67,6
PO013083,S018,P0064,W12,2025-10-28,2025-11-22,2025-11-21,61,54,6
PO013084,S009,P0395,W09,2025-04-20,2025-05-09,2025-05-08,157,144,8
PO013085,S036,P0189,W04,2025-07-29,2025-08-26,2025-09-01,70,65,4
PO013086,S031,P0391,W10,2026-03-22,2026-04-06,2026-04-06,45,42,3
PO013087,S030,P0193,W11,2025-04-06,2025-04-18,2025-04-23,34,31,2
PO013088,S006,P0108,W03,2025-01-27,2025-02-08,2025-02-07,90,84,3
PO013089,S033,P0202,W08,2026-05-17,2026-06-18,2026-06-24,82,72,7
PO013090,S012,P0005,W09,2025-11-09,2025-12-12,2025-12-11,133,126,6
PO013091,S013,P0043,W04,2025-01-21,2025-02-26,2025-02-25,47,45,2
PO013092,S038,P0297,W13,2025-07-09,2025-08-04,2025-08-03,186,170,15
PO013093,S026,P0240,W09,2025-04-17,2025-04-29,2025-05-02,73,65,8
PO013094,S017,P0224,W14,2025-04-08,2025-05-03,2025-05-01,99,87,8
PO013095,S001,P0154,W14,2025-08-29,2025-09-01,2025-09-01,41,38,1
PO013096,S005,P0296,W10,2025-04-27,2025-05-13,2025-05-11,59,57,2
PO013097,S004,P0006,W02,2025-10-09,2025-10-31,2025-10-31,20,19,1
PO013098,S021,P0135,W13,2025-01-02,2025-01-09,2025-01-08,225,206,18
PO013099,S014,P0345,W03,2025-01-21,2025-01-24,2025-01-24,141,127,8
PO013100,S024,P0129,W02,2025-05-15,2025-06-18,2025-06-16,56,52,4
PO013101,S025,P0243,W08,2025-01-29,2025-02-15,2025-02-14,62,60,1
PO013102,S007,P0394,W04,2025-05-18,2025-06-16,2025-06-15,116,99,15
PO013103,S017,P0016,W02,2025-11-18,2025-12-07,2025-12-05,27,26,1
PO013104,S028,P0113,W12,2025-07-25,2025-08-29,2025-08-27,118,109,8
PO013105,S001,P0327,W09,2025-07-23,2025-07-26,2025-07-24,146,146,0
PO013106,S022,P0235,W03,2025-05-01,2025-05-15,2025-05-15,121,110,5
PO013107,S020,P0134,W07,2025-01-10,2025-01-22,2025-01-22,78,71,6
PO013108,S032,P0301,W07,2026-01-16,2026-01-26,2026-02-07,62,58,1
PO013109,S017,P0275,W15,2025-09-15,2025-10-16,2025-10-15,53,48,3
PO013110,S015,P0153,W09,2025-03-28,2025-04-18,2025-04-17,68,57,8
PO013111,S004,P0067,W13,2025-03-17,2025-04-06,2025-04-06,57,51,6
PO013112,S029,P0380,W12,2026-02-17,2026-02-23,2026-02-23,147,135,7
PO013113,S008,P0360,W06,2025-12-02,2025-12-18,2025-12-18,16,15,0
PO013114,S037,P0296,W05,2026-04-05,2026-04-16,2026-04-16,109,103,3
PO013115,S005,P0386,W01,2025-09-16,2025-10-08,2025-10-09,16,16,0
PO013116,S016,P0186,W06,2025-09-25,2025-10-09,2025-10-08,125,110,12
PO013117,S028,P0399,W03,2026-03-24,2026-04-16,2026-04-14,221,190,21
PO013118,S023,P0386,W13,2025-11-02,2025-11-19,2025-11-17,52,48,3
PO013119,S038,P0083,W02,2025-09-22,2025-10-12,2025-10-12,59,54,5
PO013120,S016,P0091,W09,2025-05-02,2025-05-17,2025-05-16,107,95,8
PO013121,S033,P0168,W02,2025-11-14,2025-12-20,2025-12-20,47,45,2
PO013122,S015,P0086,W10,2025-03-10,2025-03-30,2025-03-29,95,82,11
PO013123,S014,P0203,W15,2025-08-30,2025-09-08,2025-09-06,58,54,3
PO013124,S033,P0270,W07,2025-06-24,2025-07-22,2025-07-22,46,41,4
PO013125,S014,P0339,W08,2025-06-29,2025-07-10,2025-07-09,19,18,1
PO013126,S006,P0294,W02,2026-03-31,2026-04-05,2026-04-05,111,109,1
PO013127,S021,P0261,W02,2026-01-11,2026-01-21,2026-01-20,230,200,22
PO013128,S013,P0252,W15,2026-03-25,2026-04-30,2026-04-29,73,69,2
PO013129,S003,P0390,W04,2025-08-23,2025-09-10,2025-09-10,122,119,3
PO013130,S025,P0112,W14,2025-03-20,2025-04-12,2025-04-10,42,40,2
PO013131,S017,P0174,W11,2026-05-20,2026-06-14,2026-06-13,49,45,3
PO013132,S006,P0132,W10,2026-02-20,2026-03-02,2026-03-02,83,80,3
PO013133,S011,P0005,W10,2025-06-02,2025-06-18,2025-06-16,129,124,0
PO013134,S017,P0235,W04,2025-10-07,2025-11-05,2025-11-05,43,41,2
PO013135,S032,P0048,W11,2026-02-12,2026-03-01,2026-03-01,80,75,1
PO013136,S038,P0375,W10,2026-06-02,2026-06-24,2026-06-23,40,37,3
PO013137,S038,P0119,W01,2025-07-03,2025-07-22,2025-07-22,109,96,8
PO013138,S039,P0162,W06,2026-02-20,2026-03-07,2026-03-06,29,27,1
PO013139,S038,P0105,W11,2025-06-16,2025-07-08,2025-07-11,75,69,3
PO013140,S021,P0197,W06,2026-03-26,2026-03-29,2026-04-10,71,64,7
PO013141,S008,P0376,W11,2026-04-05,2026-04-25,2026-04-24,24,24,0
PO013142,S017,P0068,W14,2025-10-18,2025-11-11,2025-11-23,187,172,6
PO013143,S024,P0143,W06,2025-10-07,2025-11-07,2025-11-07,75,69,3
PO013144,S015,P0309,W04,2026-05-29,2026-06-16,2026-06-15,42,36,4
PO013145,S002,P0133,W11,2026-05-28,2026-06-21,2026-06-20,51,48,3
PO013146,S025,P0264,W11,2025-10-01,2025-10-25,2025-10-23,49,47,2
PO013147,S032,P0244,W06,2025-03-12,2025-03-27,2025-03-25,132,125,5
PO013148,S027,P0353,W11,2025-01-21,2025-02-26,2025-02-26,43,39,2
PO013149,S005,P0358,W13,2026-06-22,2026-07-17,2026-07-26,87,83,4
PO013150,S020,P0184,W15,2025-06-24,2025-06-30,2025-06-30,45,40,4
PO013151,S021,P0141,W08,2025-10-08,2025-10-11,2025-10-11,32,29,2
PO013152,S037,P0293,W06,2025-09-22,2025-09-26,2025-10-05,137,129,3
PO013153,S011,P0177,W06,2025-06-08,2025-06-23,2025-06-21,89,89,0
PO013154,S016,P0184,W11,2025-08-07,2025-08-26,2025-08-26,36,34,2
PO013155,S011,P0221,W12,2025-03-25,2025-04-03,2025-04-01,37,36,0
PO013156,S036,P0152,W08,2025-01-16,2025-02-23,2025-03-02,103,100,3
PO013157,S023,P0283,W09,2025-08-08,2025-08-22,2025-08-20,30,27,2
PO013158,S024,P0296,W15,2025-03-06,2025-04-12,2025-04-15,70,65,4
PO013159,S032,P0091,W11,2025-04-08,2025-04-26,2025-04-26,165,159,5
PO013160,S007,P0236,W08,2026-05-22,2026-06-16,2026-06-15,75,67,8
PO013161,S038,P0215,W03,2025-12-05,2025-12-30,2025-12-30,114,103,9
PO013162,S032,P0153,W07,2026-06-25,2026-07-09,2026-07-07,19,18,1
PO013163,S031,P0235,W02,2025-09-25,2025-10-29,2025-10-28,74,70,4
PO013164,S008,P0230,W06,2026-01-04,2026-01-16,2026-01-16,172,167,5
PO013165,S010,P0158,W07,2026-04-15,2026-05-05,2026-05-05,47,42,3
PO013166,S007,P0285,W09,2025-10-19,2025-11-23,2025-11-23,105,93,10
PO013167,S007,P0248,W01,2025-01-16,2025-02-15,2025-02-14,201,169,24
PO013168,S031,P0396,W01,2025-05-12,2025-05-25,2025-05-24,158,143,10
PO013169,S013,P0259,W13,2025-01-03,2025-01-31,2025-01-31,127,120,4
PO013170,S014,P0110,W12,2025-09-19,2025-10-11,2025-10-09,67,62,5
PO013171,S019,P0001,W05,2026-03-16,2026-04-02,2026-04-02,84,79,5
PO013172,S032,P0242,W05,2025-08-14,2025-08-30,2025-08-29,90,88,0
PO013173,S026,P0158,W05,2026-04-10,2026-04-30,2026-04-30,54,49,5
PO013174,S011,P0386,W01,2025-07-25,2025-08-18,2025-08-18,149,144,1
PO013175,S030,P0386,W03,2026-05-18,2026-06-01,2026-06-01,27,25,2
PO013176,S002,P0204,W06,2026-05-21,2026-06-10,2026-06-09,55,50,3
PO013177,S015,P0062,W14,2026-02-03,2026-02-17,2026-02-17,44,36,6
PO013178,S028,P0271,W02,2025-11-27,2025-12-17,2025-12-18,66,62,3
PO013179,S035,P0128,W01,2026-01-06,2026-01-26,2026-01-25,48,42,5
PO013180,S027,P0268,W03,2025-07-29,2025-08-29,2025-08-28,130,121,7
PO013181,S024,P0198,W07,2026-03-17,2026-04-22,2026-04-26,59,56,3
PO013182,S005,P0228,W07,2025-06-26,2025-07-14,2025-07-13,99,94,2
PO013183,S016,P0288,W13,2025-09-16,2025-09-25,2025-09-25,50,45,4
PO013184,S038,P0243,W12,2025-06-06,2025-06-26,2025-06-26,115,104,10
PO013185,S023,P0167,W06,2025-07-30,2025-08-07,2025-08-05,132,115,12
PO013186,S017,P0064,W15,2025-08-27,2025-09-22,2025-09-20,72,66,5
PO013187,S020,P0136,W08,2025-05-09,2025-05-15,2025-05-17,60,55,4
PO013188,S030,P0024,W01,2025-09-22,2025-10-12,2025-10-10,62,54,5
PO013189,S027,P0395,W01,2025-08-19,2025-09-06,2025-09-04,25,23,2
PO013190,S026,P0339,W05,2025-05-06,2025-06-03,2025-06-02,131,111,15
PO013191,S029,P0280,W05,2025-11-20,2025-11-26,2025-11-25,34,32,1
PO013192,S002,P0169,W09,2025-07-26,2025-08-23,2025-08-22,74,66,5
PO013193,S011,P0051,W04,2026-03-30,2026-04-07,2026-04-07,78,76,1
PO013194,S012,P0046,W07,2026-02-09,2026-03-17,2026-03-28,104,92,7
PO013195,S039,P0091,W11,2026-06-08,2026-06-28,2026-06-30,18,17,1
PO013196,S008,P0100,W03,2025-05-10,2025-05-22,2025-05-22,52,51,1
PO013197,S038,P0144,W06,2025-02-04,2025-02-21,2025-02-22,43,38,3
PO013198,S016,P0169,W06,2026-06-19,2026-07-12,2026-07-10,94,85,7
PO013199,S006,P0347,W15,2026-06-07,2026-06-11,2026-06-10,186,175,8
PO013200,S023,P0383,W12,2026-04-19,2026-05-11,2026-05-09,66,58,5
PO013201,S010,P0354,W14,2025-12-22,2026-01-14,2026-01-12,147,128,12
PO013202,S023,P0367,W13,2025-12-09,2025-12-25,2025-12-24,169,157,10
PO013203,S028,P0095,W15,2026-06-19,2026-07-22,2026-07-20,88,79,5
PO013204,S004,P0145,W15,2025-08-20,2025-09-12,2025-09-10,83,74,8
PO013205,S005,P0345,W08,2026-01-27,2026-02-16,2026-02-15,17,16,0
PO013206,S016,P0327,W10,2025-12-22,2026-01-07,2026-01-11,34,31,2
PO013207,S002,P0381,W07,2025-07-10,2025-07-25,2025-07-24,222,200,18
PO013208,S019,P0246,W12,2026-04-18,2026-05-07,2026-05-05,57,50,5
PO013209,S039,P0024,W08,2026-04-09,2026-04-30,2026-04-30,20,19,1
PO013210,S027,P0157,W07,2025-06-02,2025-07-05,2025-07-03,30,27,2
PO013211,S001,P0118,W12,2026-05-08,2026-05-16,2026-05-14,38,37,1
PO013212,S033,P0341,W06,2025-04-12,2025-05-09,2025-05-09,80,75,5
PO013213,S025,P0249,W13,2026-05-08,2026-05-23,2026-05-23,108,102,6
PO013214,S001,P0201,W03,2026-04-26,2026-05-05,2026-05-04,117,116,1
PO013215,S006,P0267,W07,2025-12-04,2025-12-07,2025-12-07,54,51,2
PO013216,S007,P0242,W14,2025-04-24,2025-05-27,2025-05-25,101,89,10
PO013217,S001,P0229,W01,2025-12-11,2025-12-19,2025-12-24,66,63,1
PO013218,S019,P0287,W03,2025-04-08,2025-05-01,2025-04-30,58,54,3
PO013219,S016,P0176,W10,2025-05-02,2025-05-13,2025-05-12,167,144,16
PO013220,S003,P0065,W14,2026-01-27,2026-02-17,2026-02-17,68,64,2
PO013221,S015,P0357,W10,2025-12-16,2026-01-03,2026-01-03,87,75,10
PO013222,S008,P0296,W10,2025-05-12,2025-05-21,2025-05-19,55,52,2
PO013223,S020,P0385,W15,2025-12-24,2026-01-10,2026-01-09,123,110,9
PO013224,S024,P0352,W09,2025-08-02,2025-09-06,2025-09-05,62,57,5
PO013225,S005,P0308,W02,2026-02-11,2026-03-08,2026-03-14,88,83,2
PO013226,S023,P0217,W09,2025-06-24,2025-06-28,2025-07-03,64,57,6
PO013227,S003,P0372,W11,2025-02-11,2025-02-22,2025-02-22,301,275,11
PO013228,S007,P0188,W12,2026-01-01,2026-02-04,2026-02-03,77,65,9
PO013229,S005,P0083,W07,2025-02-28,2025-03-27,2025-03-27,116,114,2
PO013230,S007,P0374,W11,2025-04-23,2025-05-19,2025-05-17,94,82,11
PO013231,S021,P0130,W03,2025-12-24,2025-12-31,2025-12-31,170,149,18
PO013232,S028,P0358,W01,2025-09-25,2025-10-13,2025-10-12,191,172,12
PO013233,S040,P0365,W10,2026-06-16,2026-06-25,2026-06-23,64,60,1
PO013234,S005,P0082,W12,2026-01-01,2026-01-16,2026-01-15,94,91,2
PO013235,S012,P0225,W02,2025-08-30,2025-10-07,2025-10-05,38,36,1
PO013236,S034,P0268,W08,2025-12-03,2025-12-20,2025-12-28,51,47,4
PO013237,S003,P0318,W12,2025-06-06,2025-06-29,2025-06-27,78,74,1
PO013238,S029,P0281,W12,2025-12-16,2025-12-22,2025-12-21,142,137,2
PO013239,S031,P0252,W15,2025-09-02,2025-09-13,2025-09-16,131,119,11
PO013240,S010,P0270,W08,2025-04-04,2025-04-30,2025-05-06,58,54,4
PO013241,S023,P0223,W02,2026-03-05,2026-03-13,2026-03-12,76,67,6
PO013242,S039,P0384,W06,2025-10-30,2025-11-28,2025-11-26,82,75,3
PO013243,S030,P0256,W12,2025-03-30,2025-04-17,2025-04-17,81,71,6
PO013244,S017,P0389,W05,2025-03-29,2025-04-19,2025-04-19,174,159,9
PO013245,S014,P0369,W08,2026-02-20,2026-03-08,2026-03-08,114,107,7
PO013246,S022,P0070,W05,2026-04-06,2026-04-20,2026-04-18,468,443,19
PO013247,S001,P0062,W03,2026-05-03,2026-05-09,2026-05-21,123,112,6
PO013248,S035,P0195,W15,2026-06-22,2026-07-05,2026-07-16,53,48,4
PO013249,S019,P0352,W11,2025-04-06,2025-04-28,2025-05-07,21,21,0
PO013250,S013,P0046,W09,2025-11-03,2025-12-03,2025-12-07,22,21,0
PO013251,S028,P0169,W06,2025-09-29,2025-10-25,2025-10-24,52,46,4
PO013252,S020,P0044,W01,2025-12-29,2026-01-06,2026-01-04,85,76,9
PO013253,S006,P0181,W09,2025-08-16,2025-08-19,2025-08-18,78,71,4
PO013254,S029,P0128,W05,2025-12-17,2025-12-20,2025-12-18,74,73,1
PO013255,S036,P0110,W09,2025-10-29,2025-12-08,2025-12-06,58,55,1
PO013256,S005,P0356,W11,2025-12-20,2026-01-13,2026-01-13,65,60,3
PO013257,S040,P0326,W01,2025-02-26,2025-03-10,2025-03-08,31,29,1
PO013258,S022,P0263,W02,2026-03-08,2026-03-24,2026-03-23,65,58,4
PO013259,S022,P0070,W01,2025-10-29,2025-11-13,2025-11-12,108,99,6
PO013260,S007,P0270,W01,2025-09-18,2025-10-18,2025-10-17,54,49,5
PO013261,S009,P0370,W14,2025-11-22,2025-12-14,2025-12-23,72,67,3
PO013262,S019,P0333,W05,2026-03-14,2026-03-29,2026-04-08,94,87,4
PO013263,S039,P0236,W09,2026-02-07,2026-02-23,2026-02-23,124,113,6
PO013264,S029,P0006,W07,2025-03-05,2025-03-13,2025-03-11,105,102,3
PO013265,S036,P0384,W08,2026-05-10,2026-06-09,2026-06-07,51,48,2
PO013266,S010,P0249,W04,2025-09-20,2025-10-28,2025-10-26,54,49,3
PO013267,S034,P0271,W15,2025-05-23,2025-05-31,2025-06-07,121,108,9
PO013268,S004,P0225,W12,2025-02-20,2025-03-14,2025-03-13,65,58,7
PO013269,S035,P0285,W05,2025-11-09,2025-11-17,2025-11-15,143,120,16
PO013270,S032,P0297,W11,2025-03-11,2025-04-10,2025-04-09,106,100,4
PO013271,S020,P0123,W12,2025-04-24,2025-05-04,2025-05-13,51,46,4
PO013272,S009,P0286,W13,2025-10-26,2025-11-26,2025-11-25,88,80,6
PO013273,S008,P0305,W07,2025-10-25,2025-11-11,2025-11-11,50,47,2
PO013274,S031,P0167,W03,2025-08-12,2025-08-22,2025-08-20,63,58,3
PO013275,S021,P0238,W15,2026-01-03,2026-01-17,2026-01-17,92,82,8
PO013276,S025,P0383,W10,2025-09-09,2025-10-02,2025-10-01,71,69,1
PO013277,S018,P0024,W09,2025-01-07,2025-02-08,2025-02-07,20,17,2
PO013278,S008,P0060,W01,2025-10-11,2025-10-18,2025-10-17,102,93,5
PO013279,S035,P0055,W15,2026-02-18,2026-03-06,2026-03-16,124,106,12
PO013280,S040,P0027,W03,2025-01-22,2025-02-11,2025-02-11,70,67,0
PO013281,S029,P0256,W05,2025-07-11,2025-07-31,2025-07-29,38,35,2
PO013282,S035,P0110,W11,2025-10-08,2025-10-26,2025-11-05,78,70,7
PO013283,S009,P0278,W02,2025-08-20,2025-09-05,2025-09-03,44,39,3
PO013284,S006,P0060,W03,2025-03-07,2025-03-13,2025-03-12,83,79,4
PO013285,S023,P0165,W04,2026-02-16,2026-03-06,2026-03-06,109,96,8
PO013286,S009,P0297,W04,2025-03-01,2025-03-11,2025-03-11,151,138,7
PO013287,S027,P0083,W08,2025-02-27,2025-03-20,2025-03-18,118,100,13
PO013288,S013,P0370,W12,2025-01-06,2025-02-03,2025-02-03,179,171,0
PO013289,S032,P0163,W10,2025-05-21,2025-06-10,2025-06-09,296,276,6
PO013290,S021,P0155,W11,2026-05-23,2026-05-28,2026-05-28,70,59,8
PO013291,S032,P0212,W15,2025-11-09,2025-11-28,2025-11-28,102,99,2
PO013292,S003,P0006,W07,2025-01-08,2025-01-29,2025-01-27,38,36,1
PO013293,S015,P0140,W04,2026-01-11,2026-01-25,2026-01-24,41,35,5
PO013294,S025,P0196,W01,2025-05-18,2025-06-11,2025-06-10,79,73,3
PO013295,S023,P0382,W02,2026-03-07,2026-03-17,2026-03-17,56,52,4
PO013296,S035,P0265,W04,2025-04-03,2025-04-22,2025-04-22,26,24,2
PO013297,S022,P0289,W11,2026-01-09,2026-01-16,2026-01-16,178,164,8
PO013298,S025,P0389,W13,2025-02-14,2025-03-11,2025-03-15,28,26,1
PO013299,S027,P0359,W02,2025-04-28,2025-05-26,2025-05-24,18,16,1
PO013300,S030,P0145,W06,2026-06-25,2026-07-15,2026-07-13,113,101,8
PO013301,S034,P0155,W14,2026-01-03,2026-01-08,2026-01-08,83,73,6
PO013302,S014,P0232,W13,2026-06-20,2026-07-04,2026-07-03,79,75,4
PO013303,S008,P0105,W07,2025-07-03,2025-07-15,2025-07-13,22,20,1
PO013304,S024,P0052,W06,2026-04-13,2026-05-19,2026-05-19,53,48,3
PO013305,S030,P0384,W06,2025-12-24,2026-01-07,2026-01-05,78,69,6
PO013306,S019,P0167,W14,2026-03-06,2026-03-15,2026-03-15,68,61,4
PO013307,S035,P0072,W02,2025-05-21,2025-06-07,2025-06-07,88,79,7
PO013308,S001,P0157,W11,2025-11-05,2025-11-08,2025-11-07,41,39,2
PO013309,S032,P0269,W08,2025-06-24,2025-07-14,2025-07-13,76,72,3
PO013310,S006,P0204,W13,2025-05-20,2025-06-03,2025-06-03,41,37,3
PO013311,S024,P0383,W11,2025-02-08,2025-03-13,2025-03-13,121,105,10
PO013312,S013,P0088,W15,2025-05-22,2025-06-24,2025-06-24,124,119,2
PO013313,S027,P0071,W12,2025-06-06,2025-07-05,2025-07-04,130,119,8
PO013314,S022,P0336,W05,2026-04-10,2026-04-21,2026-04-21,100,93,4
PO013315,S018,P0339,W03,2026-06-20,2026-07-11,2026-07-17,85,76,9
PO013316,S008,P0262,W11,2025-02-04,2025-02-23,2025-02-22,105,98,3
PO013317,S037,P0183,W11,2026-03-03,2026-03-16,2026-03-14,101,91,5
PO013318,S015,P0292,W14,2025-01-10,2025-01-27,2025-01-25,15,13,1
PO013319,S017,P0326,W10,2025-07-25,2025-08-13,2025-08-13,76,72,4
PO013320,S028,P0070,W13,2026-05-26,2026-06-19,2026-06-19,63,56,5
PO013321,S006,P0225,W04,2025-08-01,2025-08-12,2025-08-10,60,55,2
PO013322,S005,P0258,W01,2025-12-05,2025-12-29,2025-12-27,36,35,0
PO013323,S003,P0019,W07,2025-08-09,2025-08-23,2025-08-25,45,43,1
PO013324,S015,P0350,W02,2025-05-11,2025-06-05,2025-06-05,202,176,22
PO013325,S036,P0190,W01,2025-05-06,2025-06-04,2025-06-04,71,68,2
PO013326,S030,P0303,W03,2025-04-04,2025-04-23,2025-04-21,41,37,2
PO013327,S004,P0159,W15,2025-02-15,2025-03-01,2025-03-11,48,43,4
PO013328,S032,P0385,W13,2026-06-25,2026-07-19,2026-07-17,108,100,7
PO013329,S005,P0121,W12,2025-03-03,2025-03-17,2025-03-16,77,71,3
PO013330,S036,P0148,W12,2026-04-16,2026-05-22,2026-05-20,62,56,3
PO013331,S010,P0256,W04,2026-01-16,2026-02-15,2026-02-26,17,15,1
PO013332,S019,P0077,W10,2025-08-17,2025-09-09,2025-09-07,97,89,6
PO013333,S016,P0214,W12,2025-09-07,2025-09-29,2025-09-27,40,37,3
PO013334,S019,P0172,W02,2025-06-17,2025-07-11,2025-07-09,140,130,10
PO013335,S014,P0198,W08,2025-09-12,2025-09-22,2025-09-22,76,70,3
PO013336,S036,P0322,W12,2026-02-08,2026-03-19,2026-03-17,15,14,0
PO013337,S014,P0391,W15,2025-01-27,2025-02-07,2025-02-05,76,71,5
PO013338,S028,P0049,W02,2025-11-22,2025-12-15,2025-12-13,111,104,6
PO013339,S022,P0370,W09,2026-05-25,2026-06-05,2026-06-04,106,100,5
PO013340,S037,P0285,W14,2025-06-22,2025-06-30,2025-06-28,26,25,1
PO013341,S011,P0106,W08,2025-10-30,2025-11-17,2025-11-15,25,24,0
PO013342,S031,P0314,W01,2026-03-26,2026-04-09,2026-04-08,69,62,7
PO013343,S007,P0195,W13,2025-12-24,2026-01-25,2026-02-05,65,56,7
PO013344,S032,P0322,W05,2026-02-09,2026-02-27,2026-03-11,72,68,1
PO013345,S036,P0125,W05,2026-02-11,2026-03-13,2026-03-11,80,72,5
PO013346,S001,P0323,W10,2025-01-03,2025-01-13,2025-01-13,209,199,7
PO013347,S022,P0247,W03,2025-07-16,2025-07-29,2025-08-09,80,77,2
PO013348,S035,P0335,W13,2025-08-09,2025-08-27,2025-08-27,63,58,5
PO013349,S021,P0298,W04,2025-10-27,2025-11-03,2025-11-02,98,91,7
PO013350,S020,P0111,W03,2025-08-15,2025-08-24,2025-08-24,84,75,6
PO013351,S019,P0161,W05,2025-05-27,2025-06-14,2025-06-20,81,74,4
PO013352,S014,P0148,W03,2026-02-14,2026-02-21,2026-02-21,40,37,2
PO013353,S035,P0387,W09,2025-02-18,2025-03-06,2025-03-04,70,59,8
PO013354,S037,P0368,W08,2025-02-02,2025-02-05,2025-02-03,68,64,1
PO013355,S039,P0138,W14,2026-06-21,2026-07-14,2026-07-13,130,118,8
PO013356,S029,P0174,W05,2025-07-24,2025-07-27,2025-07-27,73,69,4
PO013357,S001,P0112,W01,2025-11-24,2025-11-27,2025-11-27,95,89,3
PO013358,S017,P0240,W05,2026-03-14,2026-04-03,2026-04-14,54,52,2
PO013359,S009,P0021,W09,2026-06-15,2026-07-04,2026-07-03,41,38,1
PO013360,S027,P0172,W06,2026-01-16,2026-02-18,2026-02-28,130,113,11
PO013361,S036,P0258,W10,2025-12-24,2026-01-30,2026-01-28,30,29,1
PO013362,S001,P0201,W12,2025-11-26,2025-12-01,2025-11-29,46,46,0
PO013363,S013,P0192,W09,2025-02-26,2025-03-26,2025-03-26,122,117,0
PO013364,S025,P0021,W07,2026-04-23,2026-05-16,2026-05-15,61,57,1
PO013365,S025,P0062,W11,2025-05-04,2025-05-26,2025-06-05,24,23,1
PO013366,S007,P0035,W09,2025-08-04,2025-08-29,2025-08-28,133,112,15
PO013367,S022,P0370,W10,2026-01-28,2026-02-19,2026-02-17,116,107,6
PO013368,S037,P0071,W03,2025-03-15,2025-03-26,2025-03-25,101,98,1
PO013369,S021,P0203,W09,2026-03-25,2026-04-03,2026-04-01,129,113,11
PO013370,S039,P0331,W05,2026-04-02,2026-04-13,2026-04-11,83,74,7
PO013371,S008,P0109,W12,2026-02-15,2026-02-26,2026-02-24,141,134,6
PO013372,S005,P0174,W04,2026-06-02,2026-06-28,2026-06-27,45,44,1
PO013373,S017,P0106,W13,2025-11-29,2025-12-18,2025-12-18,103,98,2
PO013374,S005,P0053,W13,2026-02-26,2026-03-12,2026-03-10,139,134,2
PO013375,S013,P0066,W06,2025-06-19,2025-07-08,2025-07-06,101,95,1
PO013376,S039,P0044,W09,2025-03-22,2025-04-05,2025-04-04,49,47,1
PO013377,S020,P0342,W06,2026-02-14,2026-03-04,2026-03-04,231,206,21
PO013378,S004,P0049,W04,2025-08-28,2025-09-14,2025-09-13,49,45,3
PO013379,S011,P0090,W02,2025-05-10,2025-05-18,2025-05-19,40,39,0
PO013380,S028,P0210,W07,2025-03-11,2025-04-02,2025-04-01,26,24,2
PO013381,S031,P0102,W06,2025-03-04,2025-03-18,2025-03-17,46,44,2
PO013382,S006,P0086,W13,2025-03-14,2025-03-23,2025-03-23,63,61,2
PO013383,S037,P0368,W14,2026-05-20,2026-05-29,2026-05-27,106,97,4
PO013384,S023,P0213,W11,2025-12-07,2025-12-19,2025-12-18,182,161,14
PO013385,S030,P0144,W05,2026-02-27,2026-03-15,2026-03-15,88,79,8
PO013386,S009,P0154,W09,2025-01-02,2025-01-24,2025-01-23,30,28,1
PO013387,S029,P0046,W11,2025-09-03,2025-09-15,2025-09-13,63,59,3
PO013388,S018,P0380,W01,2026-06-16,2026-07-09,2026-07-09,92,82,8
PO013389,S025,P0177,W08,2026-01-29,2026-02-21,2026-02-22,86,79,6
PO013390,S036,P0054,W10,2026-03-06,2026-04-09,2026-04-08,130,121,4
PO013391,S021,P0004,W07,2025-05-26,2025-06-09,2025-06-07,42,38,4
PO013392,S024,P0142,W12,2026-01-29,2026-03-05,2026-03-05,54,49,3
PO013393,S007,P0191,W02,2025-07-03,2025-08-02,2025-08-04,52,44,6
PO013394,S007,P0081,W04,2025-07-09,2025-08-11,2025-08-11,15,13,2
PO013395,S036,P0069,W04,2025-10-10,2025-11-09,2025-11-07,221,212,8
PO013396,S017,P0276,W11,2025-06-18,2025-07-15,2025-07-15,137,130,6
PO013397,S013,P0011,W06,2026-04-16,2026-05-07,2026-05-06,54,50,2
PO013398,S033,P0257,W09,2026-03-31,2026-05-04,2026-05-03,62,58,2
PO013399,S035,P0213,W11,2025-09-28,2025-10-19,2025-10-18,128,110,13
PO013400,S025,P0336,W15,2025-02-22,2025-03-23,2025-03-22,63,59,3
PO013401,S035,P0197,W04,2025-06-21,2025-07-07,2025-07-06,71,63,7
PO013402,S040,P0288,W06,2025-12-09,2025-12-15,2025-12-25,50,46,2
PO013403,S026,P0247,W15,2025-02-19,2025-03-03,2025-03-01,52,46,6
PO013404,S001,P0162,W01,2025-02-05,2025-02-12,2025-02-12,92,89,3
PO013405,S017,P0220,W11,2025-06-14,2025-07-09,2025-07-08,155,144,4
PO013406,S030,P0010,W05,2025-04-29,2025-05-13,2025-05-15,35,31,3
PO013407,S034,P0238,W07,2026-04-23,2026-05-01,2026-04-29,95,88,7
PO013408,S035,P0214,W03,2025-10-28,2025-11-16,2025-11-14,82,72,7
PO013409,S008,P0178,W02,2025-12-08,2025-12-15,2025-12-14,12,12,0
PO013410,S040,P0267,W10,2025-04-16,2025-04-30,2025-04-29,107,105,2
PO013411,S001,P0093,W07,2026-01-06,2026-01-26,2026-01-27,46,45,0
PO013412,S005,P0186,W12,2025-11-21,2025-12-07,2025-12-15,42,41,0
PO013413,S031,P0287,W07,2025-08-11,2025-08-31,2025-08-30,17,16,1
PO013414,S017,P0395,W05,2025-12-13,2026-01-17,2026-01-15,88,81,6
PO013415,S026,P0340,W04,2025-09-09,2025-09-25,2025-09-23,89,77,9
PO013416,S024,P0062,W15,2026-03-20,2026-04-24,2026-04-22,82,77,5
PO013417,S040,P0099,W02,2026-05-18,2026-06-04,2026-06-02,62,61,0
PO013418,S037,P0083,W10,2026-02-10,2026-02-21,2026-03-05,53,51,2
PO013419,S030,P0375,W08,2025-09-27,2025-10-16,2025-10-15,221,202,15
PO013420,S033,P0344,W10,2026-05-14,2026-06-24,2026-07-05,139,133,6
PO013421,S030,P0242,W09,2026-03-26,2026-04-16,2026-04-15,57,52,4
PO013422,S004,P0374,W13,2025-08-04,2025-08-23,2025-08-21,49,43,4
PO013423,S025,P0217,W13,2025-02-12,2025-03-03,2025-03-03,68,64,2
PO013424,S020,P0077,W01,2025-07-03,2025-07-15,2025-07-20,37,34,3
PO013425,S033,P0148,W06,2025-11-10,2025-12-22,2025-12-30,55,51,4
PO013426,S004,P0049,W04,2025-11-14,2025-12-03,2025-12-02,36,33,2
PO013427,S006,P0339,W10,2025-10-20,2025-10-28,2025-11-07,84,79,3
PO013428,S023,P0270,W08,2025-05-02,2025-05-16,2025-05-14,185,167,16
PO013429,S031,P0137,W04,2025-08-30,2025-09-13,2025-09-11,41,39,2
PO013430,S007,P0261,W05,2025-08-11,2025-09-12,2025-09-18,115,100,11
PO013431,S005,P0222,W01,2026-06-11,2026-06-21,2026-06-26,57,53,2
PO013432,S027,P0393,W05,2025-03-06,2025-04-12,2025-04-12,27,24,3
PO013433,S010,P0205,W01,2025-12-03,2025-12-29,2025-12-29,32,29,2
PO013434,S016,P0048,W06,2026-01-21,2026-02-13,2026-02-13,108,97,7
PO013435,S007,P0083,W06,2025-09-22,2025-10-27,2025-10-25,261,223,30
PO013436,S012,P0339,W12,2026-04-25,2026-06-02,2026-06-02,38,37,1
PO013437,S009,P0076,W06,2025-06-29,2025-07-18,2025-07-18,154,141,8
PO013438,S025,P0200,W15,2025-06-19,2025-07-20,2025-07-20,54,49,4
PO013439,S009,P0055,W13,2026-05-24,2026-06-12,2026-06-22,266,242,17
PO013440,S026,P0009,W11,2025-12-15,2025-12-27,2025-12-28,93,81,10
PO013441,S039,P0267,W15,2025-11-05,2025-11-25,2025-11-24,143,131,7
PO013442,S038,P0380,W06,2026-05-09,2026-06-03,2026-06-02,51,47,4
PO013443,S036,P0393,W06,2026-05-25,2026-06-21,2026-06-21,44,42,2
PO013444,S018,P0212,W09,2026-06-29,2026-07-24,2026-07-24,76,64,10
PO013445,S036,P0371,W07,2025-02-16,2025-03-15,2025-03-15,44,41,1
PO013446,S010,P0105,W04,2026-06-09,2026-07-02,2026-07-08,283,254,23
PO013447,S005,P0083,W09,2025-06-06,2025-06-25,2025-06-23,50,49,0
PO013448,S002,P0155,W08,2025-04-14,2025-05-06,2025-05-05,161,149,10
PO013449,S026,P0037,W10,2025-07-07,2025-08-01,2025-07-30,82,71,9
PO013450,S027,P0250,W06,2025-11-12,2025-12-20,2025-12-19,37,33,3
PO013451,S015,P0269,W01,2025-11-25,2025-12-15,2025-12-15,48,42,6
PO013452,S017,P0255,W10,2025-03-08,2025-04-04,2025-04-02,153,144,7
PO013453,S024,P0208,W14,2025-04-05,2025-05-13,2025-05-13,66,61,5
PO013454,S038,P0340,W05,2025-08-09,2025-08-27,2025-08-31,23,22,1
PO013455,S024,P0371,W11,2025-02-20,2025-03-27,2025-03-27,32,30,2
PO013456,S014,P0302,W15,2026-03-25,2026-04-04,2026-04-04,70,61,6
PO013457,S040,P0037,W07,2025-01-11,2025-01-19,2025-01-18,150,147,0
PO013458,S018,P0173,W14,2025-02-13,2025-03-21,2025-03-19,95,83,10
PO013459,S013,P0226,W03,2025-02-14,2025-03-18,2025-03-18,94,91,3
PO013460,S013,P0145,W02,2025-09-09,2025-10-09,2025-10-08,93,90,0
PO013461,S011,P0077,W09,2026-06-05,2026-06-15,2026-06-15,107,107,0
PO013462,S040,P0142,W14,2026-02-07,2026-02-10,2026-02-09,69,68,0
PO013463,S036,P0378,W15,2025-11-08,2025-12-14,2025-12-13,165,149,9
PO013464,S021,P0147,W03,2026-05-28,2026-05-31,2026-05-30,49,44,5
PO013465,S019,P0204,W08,2025-02-08,2025-02-25,2025-02-23,50,47,3
PO013466,S034,P0062,W05,2025-09-11,2025-09-16,2025-09-16,49,46,2
PO013467,S026,P0061,W12,2025-05-31,2025-06-17,2025-06-17,69,60,6
PO013468,S005,P0093,W14,2025-09-08,2025-09-28,2025-09-26,64,62,1
PO013469,S010,P0245,W13,2025-09-21,2025-10-14,2025-10-12,72,65,5
PO013470,S026,P0314,W12,2025-04-13,2025-04-27,2025-04-25,103,91,9
PO013471,S007,P0340,W11,2026-02-04,2026-03-01,2026-02-28,73,65,7
PO013472,S005,P0269,W14,2026-03-09,2026-04-01,2026-04-12,75,71,2
PO013473,S014,P0178,W15,2025-04-15,2025-04-18,2025-04-16,33,30,2
PO013474,S037,P0397,W04,2025-03-19,2025-03-27,2025-03-25,74,70,2
PO013475,S026,P0219,W06,2026-03-10,2026-03-25,2026-03-23,84,76,6
PO013476,S009,P0158,W13,2026-06-22,2026-07-15,2026-07-15,37,34,2
PO013477,S007,P0043,W15,2026-06-21,2026-07-19,2026-07-19,39,35,4
PO013478,S031,P0120,W15,2025-08-29,2025-09-20,2025-09-30,203,177,17
PO013479,S004,P0301,W01,2026-03-18,2026-03-31,2026-03-29,71,64,4
PO013480,S011,P0203,W09,2026-04-18,2026-05-10,2026-05-09,76,72,1
PO013481,S021,P0255,W04,2025-02-25,2025-03-02,2025-03-01,20,17,2
PO013482,S003,P0223,W02,2025-06-18,2025-07-04,2025-07-03,30,28,1
PO013483,S002,P0203,W03,2025-12-19,2026-01-15,2026-01-19,85,77,5
PO013484,S028,P0203,W14,2026-06-14,2026-07-07,2026-07-05,39,38,1
PO013485,S039,P0093,W02,2025-07-20,2025-08-10,2025-08-08,70,64,4
PO013486,S016,P0190,W02,2025-06-28,2025-07-10,2025-07-14,120,112,7
PO013487,S039,P0072,W04,2025-05-15,2025-06-08,2025-06-07,34,34,0
PO013488,S028,P0014,W04,2026-05-02,2026-05-31,2026-05-31,265,227,27
PO013489,S013,P0002,W14,2026-05-08,2026-06-05,2026-06-05,81,74,3
PO013490,S021,P0369,W05,2025-01-07,2025-01-10,2025-01-08,44,41,3
PO013491,S003,P0121,W13,2025-05-09,2025-05-29,2025-06-10,63,61,2
PO013492,S036,P0238,W08,2025-12-09,2026-01-11,2026-01-10,95,91,4
PO013493,S004,P0069,W07,2025-03-16,2025-04-07,2025-04-06,30,27,3
PO013494,S019,P0020,W07,2026-05-13,2026-06-04,2026-06-03,181,169,7
PO013495,S021,P0152,W01,2025-01-15,2025-01-23,2025-01-29,71,63,6
PO013496,S002,P0238,W13,2025-07-07,2025-08-01,2025-07-30,99,91,7
PO013497,S013,P0040,W13,2025-07-05,2025-08-06,2025-08-06,47,43,2
PO013498,S027,P0252,W11,2025-02-20,2025-03-22,2025-03-21,64,57,7
PO013499,S033,P0124,W05,2026-04-30,2026-06-10,2026-06-10,54,48,4
PO013500,S008,P0263,W07,2026-05-11,2026-05-24,2026-05-24,67,63,1
PO013501,S014,P0237,W03,2026-06-23,2026-07-02,2026-07-01,106,94,8
PO013502,S002,P0060,W13,2025-08-01,2025-08-28,2025-08-28,34,30,3
PO013503,S032,P0362,W08,2025-03-27,2025-04-15,2025-04-15,65,62,2
PO013504,S014,P0125,W06,2026-04-21,2026-05-02,2026-05-09,31,29,2
PO013505,S007,P0238,W12,2025-12-05,2026-01-04,2026-01-03,79,67,9
PO013506,S016,P0321,W12,2026-03-01,2026-03-15,2026-03-13,127,110,12
PO013507,S017,P0388,W14,2025-11-25,2025-12-26,2025-12-26,37,34,2
PO013508,S039,P0178,W14,2025-01-02,2025-01-19,2025-01-19,51,47,3
PO013509,S009,P0050,W15,2026-06-15,2026-07-01,2026-06-30,13,12,0
PO013510,S031,P0278,W15,2025-02-22,2025-03-12,2025-03-10,83,73,7
PO013511,S022,P0127,W10,2025-03-18,2025-04-02,2025-04-02,41,40,1
PO013512,S040,P0245,W12,2025-03-26,2025-04-08,2025-04-07,67,65,2
PO013513,S003,P0230,W06,2026-03-20,2026-04-08,2026-04-08,74,69,4
PO013514,S020,P0074,W12,2026-03-15,2026-03-20,2026-03-20,61,55,5
PO013515,S021,P0276,W15,2025-12-29,2026-01-07,2026-01-07,38,34,3
PO013516,S022,P0228,W11,2026-06-24,2026-07-06,2026-07-17,61,59,2
PO013517,S039,P0351,W01,2025-03-23,2025-04-19,2025-04-18,10,10,0
PO013518,S019,P0311,W09,2025-04-28,2025-05-24,2025-05-30,88,79,6
PO013519,S027,P0015,W14,2025-06-08,2025-07-10,2025-07-08,258,240,17
PO013520,S024,P0152,W02,2025-04-18,2025-05-17,2025-05-16,128,117,8
PO013521,S039,P0082,W08,2025-06-19,2025-07-02,2025-07-01,110,98,8
PO013522,S020,P0294,W05,2025-09-15,2025-10-01,2025-09-29,77,69,8
PO013523,S009,P0386,W06,2026-01-11,2026-01-28,2026-01-27,90,82,6
PO013524,S031,P0304,W13,2025-10-28,2025-11-17,2025-11-29,57,52,5
PO013525,S018,P0213,W05,2025-05-03,2025-05-23,2025-05-21,295,261,29
PO013526,S012,P0129,W07,2026-02-04,2026-03-12,2026-03-10,47,45,2
PO013527,S039,P0397,W11,2026-05-29,2026-06-08,2026-06-12,77,73,2
PO013528,S019,P0052,W02,2025-06-07,2025-06-25,2025-06-25,194,181,12
PO013529,S025,P0125,W06,2025-12-08,2025-12-31,2025-12-31,65,62,0
PO013530,S005,P0144,W03,2025-04-22,2025-05-09,2025-05-09,111,109,2
PO013531,S038,P0007,W14,2026-05-23,2026-06-11,2026-06-11,138,125,11
PO013532,S021,P0223,W01,2025-12-13,2025-12-19,2025-12-19,68,60,5
PO013533,S026,P0087,W11,2025-11-03,2025-11-16,2025-11-14,36,32,3
PO013534,S036,P0095,W09,2025-10-18,2025-11-20,2025-11-19,71,66,3
PO013535,S032,P0241,W15,2026-05-02,2026-05-15,2026-05-13,32,31,0
PO013536,S028,P0130,W03,2026-01-04,2026-02-05,2026-02-03,215,199,15
PO013537,S026,P0174,W13,2025-04-19,2025-05-10,2025-05-10,172,149,18
PO013538,S017,P0329,W14,2025-05-16,2025-06-06,2025-06-14,98,91,6
PO013539,S040,P0153,W05,2025-09-08,2025-09-22,2025-09-22,38,36,2
PO013540,S020,P0397,W12,2026-04-03,2026-04-10,2026-04-11,36,32,3
PO013541,S013,P0222,W08,2026-01-21,2026-02-14,2026-02-20,44,43,0
PO013542,S020,P0022,W07,2025-07-01,2025-07-12,2025-07-12,104,91,10
PO013543,S033,P0232,W09,2025-01-15,2025-02-15,2025-02-15,35,33,2
PO013544,S027,P0174,W02,2025-08-01,2025-08-29,2025-09-05,80,73,7
PO013545,S011,P0058,W11,2025-08-08,2025-08-19,2025-08-17,40,38,0
PO013546,S012,P0174,W09,2025-07-14,2025-08-11,2025-08-09,90,82,6
PO013547,S017,P0282,W05,2025-01-12,2025-02-01,2025-01-30,86,79,4
PO013548,S002,P0389,W13,2025-10-27,2025-11-29,2025-12-02,105,95,8
PO013549,S038,P0040,W11,2026-03-24,2026-04-16,2026-04-15,57,50,6
PO013550,S019,P0050,W09,2025-02-27,2025-03-17,2025-03-16,33,31,1
PO013551,S033,P0099,W06,2025-01-08,2025-02-08,2025-02-08,27,25,2
PO013552,S005,P0258,W12,2025-08-07,2025-08-27,2025-09-04,73,71,2
PO013553,S028,P0151,W06,2026-05-01,2026-05-18,2026-05-17,101,89,7
PO013554,S031,P0172,W06,2026-03-20,2026-04-08,2026-04-08,163,140,15
PO013555,S020,P0347,W15,2025-12-13,2025-12-25,2025-12-30,60,52,6
PO013556,S002,P0229,W11,2026-05-13,2026-06-12,2026-06-10,76,70,6
PO013557,S033,P0045,W10,2026-03-07,2026-04-05,2026-04-17,94,87,4
PO013558,S036,P0019,W07,2026-01-07,2026-02-08,2026-02-07,58,57,1
PO013559,S010,P0377,W04,2026-03-29,2026-04-14,2026-04-13,28,26,2
PO013560,S017,P0012,W09,2025-10-17,2025-11-22,2025-11-22,27,25,1
PO013561,S040,P0392,W08,2025-01-30,2025-02-04,2025-02-04,29,28,0
PO013562,S014,P0211,W10,2026-06-17,2026-06-29,2026-06-29,47,43,3
PO013563,S039,P0373,W09,2025-09-10,2025-10-06,2025-10-12,144,133,10
PO013564,S020,P0398,W07,2025-06-27,2025-07-18,2025-07-17,57,51,5
PO013565,S016,P0338,W03,2025-03-22,2025-03-28,2025-04-08,38,35,2
PO013566,S024,P0001,W14,2025-11-12,2025-12-17,2025-12-16,46,41,4
PO013567,S015,P0058,W13,2025-11-17,2025-12-01,2025-12-01,100,88,11
PO013568,S018,P0121,W05,2025-07-15,2025-08-05,2025-08-04,111,100,10
PO013569,S019,P0326,W04,2025-10-31,2025-11-20,2025-11-18,25,23,1
PO013570,S021,P0219,W09,2025-07-06,2025-07-16,2025-07-23,130,117,10
PO013571,S016,P0383,W14,2025-01-29,2025-02-05,2025-02-05,44,40,2
PO013572,S007,P0366,W03,2025-02-03,2025-03-05,2025-03-05,13,11,1
PO013573,S040,P0241,W03,2026-04-19,2026-05-01,2026-04-29,54,52,1
PO013574,S028,P0145,W09,2025-06-01,2025-06-24,2025-06-22,214,200,14
PO013575,S006,P0167,W14,2026-06-07,2026-06-24,2026-06-22,92,87,4
PO013576,S040,P0024,W03,2025-04-13,2025-04-20,2025-04-18,64,60,1
PO013577,S021,P0198,W05,2025-01-29,2025-02-13,2025-02-12,85,75,7
PO013578,S005,P0247,W05,2025-04-06,2025-04-23,2025-04-21,43,41,1
PO013579,S001,P0214,W13,2026-03-07,2026-03-11,2026-03-11,27,27,0
PO013580,S011,P0176,W15,2025-11-02,2025-11-20,2025-11-20,71,69,0
PO013581,S007,P0127,W12,2025-03-26,2025-04-26,2025-04-24,36,32,4
PO013582,S039,P0371,W07,2026-06-03,2026-06-25,2026-06-25,13,12,0
PO013583,S038,P0390,W02,2025-05-22,2025-06-07,2025-06-05,95,84,7
PO013584,S027,P0078,W02,2025-05-20,2025-06-14,2025-06-12,111,101,8
PO013585,S003,P0395,W15,2025-11-22,2025-12-12,2025-12-10,177,168,2
PO013586,S039,P0392,W12,2025-01-09,2025-01-30,2025-01-30,69,60,6
PO013587,S035,P0316,W03,2025-02-01,2025-02-23,2025-02-27,47,42,5
PO013588,S019,P0041,W08,2025-05-06,2025-05-19,2025-05-18,83,75,5
PO013589,S030,P0155,W06,2025-10-13,2025-10-31,2025-10-31,39,37,2
PO013590,S026,P0329,W05,2025-09-08,2025-09-26,2025-09-26,105,98,7
PO013591,S023,P0284,W04,2025-03-02,2025-03-07,2025-03-05,207,188,18
PO013592,S013,P0291,W05,2026-04-14,2026-05-16,2026-05-16,73,69,1
PO013593,S020,P0206,W06,2025-10-30,2025-11-05,2025-11-03,35,32,2
PO013594,S007,P0301,W08,2025-04-05,2025-05-06,2025-05-05,39,34,4
PO013595,S025,P0332,W05,2025-02-20,2025-03-15,2025-03-14,54,51,2
PO013596,S033,P0339,W07,2026-06-12,2026-07-15,2026-07-14,39,35,3
PO013597,S013,P0254,W08,2025-03-03,2025-03-31,2025-04-08,37,35,1
PO013598,S031,P0040,W05,2025-07-04,2025-07-25,2025-07-24,20,18,1
PO013599,S010,P0361,W03,2025-02-28,2025-03-26,2025-03-25,277,256,19
PO013600,S033,P0146,W04,2025-02-19,2025-03-28,2025-03-26,69,63,4
PO013601,S038,P0347,W07,2026-01-02,2026-01-29,2026-01-29,103,94,7
PO013602,S030,P0078,W06,2025-05-02,2025-05-18,2025-05-18,58,52,4
PO013603,S027,P0055,W14,2025-04-06,2025-05-03,2025-05-01,19,17,1
PO013604,S016,P0007,W02,2026-05-30,2026-06-21,2026-06-21,118,106,9
PO013605,S030,P0115,W07,2025-10-31,2025-11-23,2025-11-23,116,103,10
PO013606,S007,P0150,W02,2026-03-25,2026-04-16,2026-04-17,82,72,7
PO013607,S013,P0293,W09,2025-09-18,2025-10-10,2025-10-09,43,40,1
PO013608,S027,P0004,W02,2026-01-18,2026-02-15,2026-02-13,29,27,1
PO013609,S011,P0138,W04,2025-02-25,2025-03-09,2025-03-07,34,33,1
PO013610,S039,P0303,W14,2026-03-29,2026-04-19,2026-04-18,50,47,3
PO013611,S011,P0328,W12,2025-12-15,2025-12-23,2025-12-21,34,33,0
PO013612,S025,P0363,W03,2025-03-07,2025-03-25,2025-03-24,33,31,1
PO013613,S015,P0359,W01,2025-10-29,2025-11-18,2025-11-17,103,88,11
PO013614,S025,P0019,W12,2026-05-21,2026-06-08,2026-06-10,119,109,6
PO013615,S038,P0188,W04,2025-04-13,2025-04-29,2025-04-28,65,60,4
PO013616,S023,P0384,W03,2026-02-14,2026-02-25,2026-02-24,52,46,4
PO013617,S023,P0044,W12,2025-11-27,2025-12-05,2025-12-04,64,56,5
PO013618,S010,P0311,W06,2026-05-26,2026-06-23,2026-06-22,65,57,5
PO013619,S032,P0217,W07,2025-01-23,2025-02-13,2025-02-12,194,190,3
PO013620,S040,P0319,W12,2026-04-13,2026-05-02,2026-05-01,25,25,0
PO013621,S004,P0398,W05,2025-03-25,2025-04-12,2025-04-10,138,126,10
PO013622,S026,P0072,W08,2025-06-13,2025-06-21,2025-06-19,108,97,9
PO013623,S007,P0337,W11,2025-02-09,2025-03-16,2025-03-16,99,85,12
PO013624,S024,P0302,W13,2025-11-25,2025-12-30,2025-12-28,27,24,3
PO013625,S035,P0350,W03,2025-11-11,2025-11-28,2025-11-29,42,37,4
PO013626,S035,P0153,W01,2026-06-22,2026-07-09,2026-07-09,110,96,13
PO013627,S019,P0253,W02,2025-07-25,2025-08-11,2025-08-16,14,13,0
PO013628,S032,P0399,W03,2025-04-26,2025-05-07,2025-05-06,20,19,0
PO013629,S031,P0053,W02,2025-02-10,2025-02-25,2025-03-01,58,54,4
PO013630,S029,P0176,W12,2025-06-09,2025-06-18,2025-06-18,36,35,1
PO013631,S012,P0390,W09,2026-04-22,2026-05-26,2026-06-03,79,76,2
PO013632,S017,P0066,W06,2025-12-04,2025-12-26,2025-12-25,24,22,1
PO013633,S018,P0307,W07,2025-10-19,2025-11-13,2025-11-12,14,13,1
PO013634,S040,P0324,W02,2025-12-02,2025-12-13,2025-12-13,62,61,1
PO013635,S019,P0210,W12,2026-02-02,2026-02-25,2026-02-23,67,62,3
PO013636,S009,P0252,W15,2025-05-05,2025-05-23,2025-05-21,252,236,16
PO013637,S038,P0352,W06,2026-04-10,2026-04-23,2026-04-22,151,139,11
PO013638,S019,P0338,W07,2025-02-15,2025-03-02,2025-03-01,87,81,4
PO013639,S014,P0012,W08,2025-12-18,2025-12-24,2025-12-22,38,35,2
PO013640,S029,P0111,W09,2025-07-07,2025-07-15,2025-07-15,86,79,3
PO013641,S014,P0156,W01,2026-01-29,2026-02-14,2026-02-12,44,40,2
PO013642,S026,P0396,W12,2026-05-07,2026-05-27,2026-05-27,49,43,5
PO013643,S032,P0085,W15,2025-02-01,2025-02-20,2025-02-24,44,41,2
PO013644,S012,P0195,W13,2025-08-02,2025-09-05,2025-09-04,214,201,13
PO013645,S025,P0220,W08,2026-01-29,2026-02-18,2026-02-17,168,152,12
PO013646,S029,P0221,W03,2026-03-11,2026-03-24,2026-03-22,65,63,2
PO013647,S003,P0060,W14,2025-07-07,2025-08-08,2025-08-06,202,189,4
PO013648,S011,P0206,W12,2025-02-02,2025-02-25,2025-02-28,135,132,0
PO013649,S024,P0074,W13,2025-05-24,2025-07-05,2025-07-04,94,83,7
PO013650,S022,P0210,W13,2026-02-24,2026-03-08,2026-03-08,143,132,7
PO013651,S018,P0120,W13,2025-11-07,2025-11-29,2025-11-28,63,55,7
PO013652,S010,P0310,W05,2026-06-25,2026-08-01,2026-07-31,34,31,3
PO013653,S038,P0341,W14,2025-05-07,2025-06-02,2025-06-01,39,35,3
PO013654,S010,P0259,W02,2026-02-04,2026-03-01,2026-02-28,31,28,2
PO013655,S021,P0090,W14,2025-04-12,2025-04-18,2025-04-17,36,33,3
PO013656,S019,P0257,W12,2026-01-18,2026-01-29,2026-01-29,87,81,4
PO013657,S033,P0144,W08,2026-01-10,2026-02-13,2026-02-13,19,18,1
PO013658,S033,P0179,W04,2025-05-15,2025-06-17,2025-06-16,126,112,8
PO013659,S011,P0365,W10,2025-03-22,2025-04-03,2025-04-02,164,155,5
PO013660,S002,P0159,W10,2026-04-07,2026-05-06,2026-05-11,35,33,2
PO013661,S030,P0358,W01,2025-06-22,2025-07-08,2025-07-08,48,45,3
PO013662,S026,P0203,W14,2025-02-01,2025-02-12,2025-02-19,52,47,5
PO013663,S018,P0017,W11,2026-05-14,2026-06-13,2026-06-17,46,41,5
PO013664,S020,P0047,W13,2025-01-20,2025-01-29,2025-01-29,63,58,5
PO013665,S016,P0003,W02,2025-03-27,2025-04-20,2025-04-21,66,63,3
PO013666,S038,P0400,W14,2026-01-26,2026-02-12,2026-02-10,72,66,5
PO013667,S022,P0162,W03,2025-12-04,2025-12-15,2025-12-14,19,18,1
PO013668,S008,P0126,W02,2025-05-07,2025-05-21,2025-05-20,122,115,6
PO013669,S039,P0180,W05,2026-03-30,2026-04-29,2026-04-27,60,56,4
PO013670,S023,P0184,W10,2026-06-09,2026-06-18,2026-06-21,78,72,6
PO013671,S010,P0137,W08,2026-02-22,2026-03-23,2026-03-23,45,39,5
PO013672,S012,P0049,W02,2025-12-11,2026-01-13,2026-01-13,108,100,5
PO013673,S004,P0393,W05,2025-11-21,2025-12-18,2025-12-18,105,94,10
PO013674,S021,P0051,W10,2025-01-24,2025-01-27,2025-01-25,241,212,19
PO013675,S040,P0380,W13,2025-05-24,2025-06-02,2025-06-02,20,20,0
PO013676,S033,P0007,W09,2026-04-16,2026-05-21,2026-05-20,347,312,31
PO013677,S023,P0257,W08,2025-11-16,2025-11-25,2025-11-25,78,73,3
PO013678,S025,P0147,W09,2025-01-02,2025-01-22,2025-01-23,43,40,2
PO013679,S013,P0274,W05,2026-02-22,2026-03-24,2026-03-24,55,52,1
PO013680,S006,P0195,W01,2026-05-05,2026-05-13,2026-05-11,63,59,4
PO013681,S035,P0265,W14,2025-02-18,2025-03-09,2025-03-09,105,93,10
PO013682,S028,P0258,W10,2025-07-28,2025-08-17,2025-08-17,51,46,4
PO013683,S022,P0222,W07,2025-04-23,2025-05-06,2025-05-05,78,74,2
PO013684,S038,P0247,W05,2025-06-18,2025-07-04,2025-07-02,84,77,5
PO013685,S008,P0291,W14,2025-05-04,2025-05-16,2025-05-19,35,33,2
PO013686,S032,P0056,W09,2025-10-13,2025-11-06,2025-11-06,59,58,1
PO013687,S002,P0205,W09,2025-11-01,2025-12-03,2025-12-01,69,66,3
PO013688,S016,P0030,W14,2025-05-06,2025-05-24,2025-05-22,104,95,5
PO013689,S026,P0341,W07,2025-06-12,2025-06-21,2025-06-20,87,74,12
PO013690,S005,P0199,W08,2026-06-04,2026-06-27,2026-06-25,164,156,4
PO013691,S040,P0297,W01,2025-07-02,2025-07-17,2025-07-16,56,54,0
PO013692,S029,P0400,W14,2025-07-22,2025-07-28,2025-08-06,39,38,1
PO013693,S027,P0341,W08,2025-05-28,2025-06-24,2025-06-28,19,18,1
PO013694,S016,P0385,W01,2026-04-30,2026-05-21,2026-05-19,113,101,9
PO013695,S020,P0319,W04,2026-04-24,2026-05-12,2026-05-11,45,41,3
PO013696,S002,P0176,W01,2025-10-08,2025-11-06,2025-11-04,93,87,4
PO013697,S040,P0169,W13,2026-03-24,2026-04-06,2026-04-05,57,57,0
PO013698,S038,P0145,W02,2025-12-13,2026-01-05,2026-01-13,85,74,7
PO013699,S011,P0181,W01,2025-10-24,2025-11-05,2025-11-04,45,44,1
PO013700,S032,P0146,W09,2026-06-06,2026-06-10,2026-06-09,73,69,4
PO013701,S009,P0306,W06,2025-11-01,2025-11-16,2025-11-15,133,120,9
PO013702,S024,P0309,W06,2026-06-27,2026-07-30,2026-07-30,283,255,28
PO013703,S010,P0187,W13,2025-01-09,2025-02-01,2025-02-07,185,170,15
PO013704,S012,P0272,W06,2026-01-17,2026-02-20,2026-02-18,23,23,0
PO013705,S030,P0034,W10,2026-01-29,2026-02-11,2026-02-12,78,69,8
PO013706,S020,P0106,W04,2025-08-09,2025-08-13,2025-08-13,145,124,15
PO013707,S006,P0267,W14,2025-05-28,2025-06-08,2025-06-06,52,47,3
PO013708,S036,P0323,W03,2025-01-11,2025-02-15,2025-02-15,200,177,13
PO013709,S031,P0191,W15,2025-06-07,2025-06-14,2025-06-14,49,44,4
PO013710,S040,P0251,W08,2025-12-15,2025-12-20,2025-12-20,25,24,0
PO013711,S018,P0049,W04,2026-06-22,2026-07-06,2026-07-18,19,17,1
PO013712,S017,P0381,W02,2026-05-28,2026-06-12,2026-06-11,147,140,7
PO013713,S001,P0173,W05,2025-09-24,2025-09-30,2025-09-29,39,39,0
PO013714,S020,P0019,W03,2025-04-07,2025-04-23,2025-04-28,32,29,2
PO013715,S029,P0141,W14,2025-02-04,2025-02-07,2025-02-05,74,74,0
PO013716,S003,P0045,W14,2025-11-10,2025-12-09,2025-12-09,175,163,4
PO013717,S001,P0252,W03,2025-11-05,2025-11-21,2025-11-19,55,54,1
PO013718,S031,P0380,W12,2026-04-08,2026-04-25,2026-04-25,66,58,5
PO013719,S023,P0345,W13,2025-04-07,2025-04-25,2025-04-23,174,154,12
PO013720,S011,P0061,W04,2026-04-07,2026-04-24,2026-04-23,104,100,2
PO013721,S030,P0276,W15,2026-03-13,2026-03-31,2026-03-29,74,66,6
PO013722,S037,P0331,W12,2025-10-04,2025-10-21,2025-10-19,32,30,1
PO013723,S036,P0389,W07,2026-06-11,2026-07-18,2026-07-16,98,93,3
PO013724,S007,P0252,W03,2026-05-19,2026-06-19,2026-06-18,51,46,5
PO013725,S001,P0301,W02,2026-05-31,2026-06-06,2026-06-05,82,78,2
PO013726,S015,P0200,W05,2025-07-11,2025-07-25,2025-07-27,158,133,20
PO013727,S030,P0129,W05,2025-11-17,2025-12-04,2025-12-03,48,46,2
PO013728,S014,P0337,W15,2026-01-15,2026-01-19,2026-01-19,56,51,3
PO013729,S022,P0342,W05,2026-02-10,2026-02-22,2026-03-02,53,47,4
PO013730,S025,P0068,W11,2025-03-28,2025-04-29,2025-04-28,132,119,11
PO013731,S038,P0002,W10,2025-06-13,2025-07-04,2025-07-04,110,99,9
PO013732,S006,P0275,W09,2026-06-11,2026-06-18,2026-06-22,108,99,5
PO013733,S009,P0122,W09,2026-05-09,2026-05-26,2026-05-25,60,57,3
PO013734,S015,P0044,W09,2026-03-21,2026-04-18,2026-04-16,79,67,9
PO013735,S018,P0292,W11,2026-03-25,2026-04-14,2026-04-20,27,24,2
PO013736,S039,P0019,W14,2026-01-22,2026-02-15,2026-02-14,174,161,10
PO013737,S029,P0036,W13,2025-11-18,2025-11-21,2025-11-21,20,19,0
PO013738,S011,P0185,W15,2026-02-18,2026-03-01,2026-02-28,29,29,0
PO013739,S024,P0084,W05,2025-12-17,2026-01-23,2026-01-21,125,109,10
PO013740,S005,P0094,W04,2025-09-21,2025-10-08,2025-10-06,101,96,4
PO013741,S002,P0106,W10,2025-01-01,2025-01-16,2025-01-16,49,48,1
PO013742,S027,P0219,W05,2025-01-26,2025-02-27,2025-02-27,69,63,6
PO013743,S015,P0055,W15,2025-05-31,2025-06-21,2025-06-20,123,103,14
PO013744,S021,P0003,W13,2026-03-09,2026-03-18,2026-03-17,93,82,8
PO013745,S002,P0311,W02,2026-01-18,2026-02-09,2026-02-08,75,68,5
PO013746,S022,P0101,W08,2025-11-05,2025-11-21,2025-11-29,59,55,3
PO013747,S012,P0005,W05,2026-04-14,2026-05-21,2026-05-20,37,35,2
PO013748,S030,P0309,W13,2025-02-10,2025-02-27,2025-02-27,54,48,4
PO013749,S004,P0190,W14,2025-11-12,2025-12-06,2025-12-05,66,58,6
PO013750,S027,P0172,W14,2025-09-10,2025-10-14,2025-10-13,71,64,5
PO013751,S039,P0369,W06,2025-07-27,2025-08-10,2025-08-10,116,109,3
PO013752,S027,P0103,W12,2025-03-08,2025-04-01,2025-04-10,107,95,11
PO013753,S018,P0016,W13,2025-02-14,2025-03-11,2025-03-20,79,72,7
PO013754,S021,P0249,W04,2025-06-25,2025-06-29,2025-06-29,37,34,3
PO013755,S039,P0331,W07,2025-08-22,2025-09-05,2025-09-04,42,40,2
PO013756,S013,P0079,W10,2025-11-29,2025-12-27,2025-12-25,114,109,2
PO013757,S004,P0308,W06,2026-06-15,2026-06-29,2026-06-28,57,50,5
PO013758,S040,P0273,W12,2025-02-20,2025-02-28,2025-02-26,62,61,0
PO013759,S002,P0007,W06,2025-10-28,2025-11-22,2025-11-21,40,36,2
PO013760,S016,P0083,W01,2026-05-21,2026-06-06,2026-06-06,75,70,5
PO013761,S023,P0022,W09,2025-07-14,2025-07-30,2025-07-30,120,110,9
PO013762,S005,P0098,W11,2025-12-25,2026-01-16,2026-01-14,53,51,2
PO013763,S010,P0336,W06,2025-02-18,2025-03-23,2025-03-21,134,124,10
PO013764,S018,P0194,W11,2025-05-02,2025-05-30,2025-05-28,62,53,7
PO013765,S017,P0395,W08,2025-12-19,2026-01-12,2026-01-11,82,75,5
PO013766,S002,P0337,W13,2025-02-04,2025-02-23,2025-02-21,209,186,17
PO013767,S028,P0242,W13,2025-01-01,2025-01-20,2025-01-19,157,143,8
PO013768,S007,P0184,W01,2025-11-01,2025-12-01,2025-12-06,62,52,7
PO013769,S016,P0393,W14,2025-08-03,2025-08-17,2025-08-16,132,123,7
PO013770,S027,P0195,W14,2025-07-01,2025-07-28,2025-07-27,82,71,8
PO013771,S011,P0018,W12,2026-02-20,2026-03-04,2026-03-03,20,20,0
PO013772,S005,P0357,W11,2025-06-30,2025-07-19,2025-07-26,30,28,1
PO013773,S033,P0114,W10,2025-08-12,2025-09-15,2025-09-14,53,48,5
PO013774,S011,P0196,W04,2026-05-26,2026-06-10,2026-06-08,32,31,0
PO013775,S022,P0355,W07,2026-02-28,2026-03-21,2026-03-20,78,76,2
PO013776,S003,P0321,W15,2026-03-13,2026-04-06,2026-04-06,55,54,1
PO013777,S039,P0072,W11,2026-01-09,2026-01-27,2026-01-26,21,20,1
PO013778,S021,P0250,W07,2026-01-11,2026-01-14,2026-01-12,84,77,5
PO013779,S011,P0132,W11,2026-02-14,2026-02-24,2026-02-26,43,42,0
PO013780,S017,P0011,W01,2025-06-19,2025-07-07,2025-07-07,32,29,2
PO013781,S029,P0141,W05,2025-04-20,2025-05-04,2025-05-02,78,75,3
PO013782,S018,P0210,W10,2025-05-11,2025-06-04,2025-06-03,25,22,2
PO013783,S032,P0056,W04,2025-04-28,2025-05-11,2025-05-13,141,132,4
PO013784,S034,P0191,W12,2025-05-18,2025-05-31,2025-05-30,294,270,20
PO013785,S015,P0217,W12,2026-03-08,2026-04-01,2026-03-30,90,78,9
PO013786,S026,P0116,W09,2026-03-30,2026-04-08,2026-04-08,47,42,5
PO013787,S034,P0336,W01,2025-12-23,2025-12-29,2025-12-27,89,80,5
PO013788,S025,P0065,W01,2025-03-29,2025-04-21,2025-04-19,33,31,1
PO013789,S003,P0219,W13,2025-04-29,2025-05-17,2025-05-23,95,91,1
PO013790,S004,P0105,W02,2026-03-08,2026-03-26,2026-03-26,49,45,4
PO013791,S031,P0061,W13,2025-02-22,2025-03-05,2025-03-03,67,59,5
PO013792,S039,P0101,W10,2025-02-23,2025-03-22,2025-04-03,47,45,2
PO013793,S013,P0051,W12,2026-05-18,2026-06-20,2026-06-29,56,53,3
PO013794,S035,P0090,W03,2025-09-09,2025-09-29,2025-10-01,68,58,7
PO013795,S011,P0151,W07,2025-10-09,2025-10-12,2025-10-10,90,90,0
PO013796,S005,P0128,W02,2025-07-11,2025-07-27,2025-07-25,44,44,0
PO013797,S028,P0129,W08,2025-07-31,2025-08-26,2025-08-24,171,149,16
PO013798,S022,P0227,W01,2025-10-10,2025-10-24,2025-10-24,128,118,6
PO013799,S021,P0319,W06,2025-01-31,2025-02-11,2025-02-10,100,90,10
PO013800,S003,P0364,W06,2025-11-20,2025-12-14,2025-12-13,43,40,2
PO013801,S019,P0244,W14,2025-11-22,2025-12-17,2025-12-17,47,43,3
PO013802,S005,P0228,W04,2026-01-16,2026-02-11,2026-02-11,74,71,1
PO013803,S019,P0237,W05,2026-03-29,2026-04-11,2026-04-09,50,45,3
PO013804,S018,P0027,W05,2025-12-06,2025-12-28,2025-12-30,158,139,13
PO013805,S011,P0099,W03,2025-06-14,2025-06-27,2025-06-25,25,25,0
PO013806,S014,P0361,W15,2025-07-17,2025-07-27,2025-07-27,45,41,3
PO013807,S011,P0294,W08,2025-05-31,2025-06-18,2025-06-18,103,98,3
PO013808,S026,P0293,W04,2025-04-08,2025-04-25,2025-04-23,43,39,3
PO013809,S017,P0030,W10,2025-10-16,2025-11-05,2025-11-14,122,111,6
PO013810,S014,P0333,W07,2025-09-25,2025-10-06,2025-10-06,42,39,3
PO013811,S031,P0278,W03,2025-05-20,2025-06-07,2025-06-05,188,165,15
PO013812,S025,P0172,W07,2025-05-24,2025-06-24,2025-06-24,10,10,0
PO013813,S027,P0374,W14,2025-02-01,2025-02-25,2025-02-23,160,143,12
PO013814,S016,P0075,W03,2026-03-30,2026-04-10,2026-04-09,117,102,10
PO013815,S018,P0213,W04,2026-02-24,2026-03-21,2026-03-20,193,170,17
PO013816,S012,P0233,W12,2025-12-31,2026-01-29,2026-01-27,71,66,3
PO013817,S028,P0253,W11,2026-02-02,2026-02-20,2026-02-20,43,39,4
PO013818,S027,P0324,W02,2025-05-26,2025-06-30,2025-07-11,20,18,1
PO013819,S015,P0315,W14,2026-06-09,2026-07-02,2026-07-05,35,32,3
PO013820,S038,P0296,W03,2025-10-05,2025-10-21,2025-10-20,234,200,23
PO013821,S010,P0246,W12,2026-06-08,2026-07-03,2026-07-01,32,29,2
PO013822,S010,P0031,W09,2025-06-01,2025-07-04,2025-07-03,64,58,5
PO013823,S023,P0085,W15,2025-05-12,2025-05-28,2025-06-04,83,75,6
PO013824,S030,P0013,W10,2025-07-14,2025-07-22,2025-07-22,10,10,0
PO013825,S027,P0083,W09,2025-04-10,2025-05-19,2025-05-19,49,46,3
PO013826,S040,P0188,W08,2025-06-07,2025-06-20,2025-06-19,36,35,1
PO013827,S016,P0171,W14,2026-05-09,2026-05-31,2026-05-31,26,24,2
PO013828,S029,P0345,W12,2026-03-12,2026-03-15,2026-03-24,26,26,0
PO013829,S002,P0011,W14,2025-12-13,2026-01-14,2026-01-14,35,34,1
PO013830,S002,P0111,W12,2026-04-10,2026-05-01,2026-04-29,16,15,0
PO013831,S021,P0364,W09,2026-06-13,2026-06-23,2026-06-23,18,17,1
PO013832,S001,P0069,W06,2025-11-24,2025-11-27,2025-11-26,34,34,0
PO013833,S008,P0081,W08,2026-05-14,2026-06-01,2026-06-01,31,29,1
PO013834,S032,P0071,W01,2025-08-25,2025-09-11,2025-09-09,31,30,0
PO013835,S003,P0166,W05,2025-02-28,2025-03-18,2025-03-18,125,115,4
PO013836,S033,P0041,W04,2025-11-16,2025-12-21,2025-12-20,42,36,4
PO013837,S005,P0221,W04,2025-12-29,2026-01-11,2026-01-09,84,78,2
PO013838,S027,P0221,W15,2026-03-06,2026-04-07,2026-04-05,53,46,5
PO013839,S012,P0198,W09,2025-10-26,2025-11-30,2025-11-28,22,20,1
PO013840,S009,P0333,W15,2025-05-31,2025-06-14,2025-06-12,125,114,5
PO013841,S006,P0266,W07,2025-12-29,2026-01-07,2026-01-06,34,33,1
PO013842,S011,P0110,W15,2026-01-24,2026-02-03,2026-02-02,64,63,1
PO013843,S027,P0237,W02,2025-09-03,2025-09-24,2025-09-23,277,246,24
PO013844,S015,P0376,W09,2026-05-12,2026-05-27,2026-05-27,100,88,11
PO013845,S034,P0266,W05,2025-12-13,2025-12-16,2025-12-14,24,22,1
PO013846,S021,P0230,W04,2025-05-23,2025-06-05,2025-06-05,90,82,8
PO013847,S019,P0102,W03,2026-05-22,2026-06-13,2026-06-11,66,61,3
PO013848,S004,P0207,W08,2026-01-12,2026-02-03,2026-02-08,45,41,3
PO013849,S006,P0387,W15,2025-07-24,2025-07-31,2025-07-29,71,69,1
PO013850,S004,P0052,W08,2026-05-31,2026-06-10,2026-06-09,38,34,3
PO013851,S038,P0390,W10,2025-01-31,2025-02-24,2025-02-23,34,31,2
PO013852,S024,P0309,W03,2025-09-10,2025-10-07,2025-10-05,127,110,13
PO013853,S039,P0173,W15,2026-05-23,2026-06-12,2026-06-11,101,90,6
PO013854,S008,P0055,W04,2026-02-09,2026-02-20,2026-02-18,193,178,11
PO013855,S030,P0065,W11,2025-11-11,2025-11-24,2025-12-03,127,117,10
PO013856,S019,P0305,W15,2026-01-05,2026-01-26,2026-01-26,77,71,3
PO013857,S016,P0033,W09,2025-01-14,2025-01-26,2025-01-26,322,291,19
PO013858,S010,P0257,W03,2026-03-03,2026-03-30,2026-03-28,83,77,5
PO013859,S036,P0302,W04,2025-09-02,2025-10-08,2025-10-07,67,63,1
PO013860,S021,P0080,W09,2025-11-08,2025-11-15,2025-11-17,153,136,14
PO013861,S013,P0114,W04,2025-11-03,2025-12-08,,92,87,1
PO013862,S019,P0368,W12,2025-08-21,2025-09-03,2025-09-03,77,73,3
PO013863,S023,P0124,W13,2025-05-13,2025-06-02,2025-05-31,41,37,3
PO013864,S010,P0343,W09,2026-03-29,2026-04-23,2026-04-23,102,96,6
PO013865,S015,P0243,W05,2026-06-19,2026-07-09,2026-07-09,20,18,2
PO013866,S018,P0382,W09,2026-04-30,2026-05-18,2026-05-27,119,104,13
PO013867,S031,P0130,W03,2025-05-26,2025-06-14,2025-06-12,32,30,1
PO013868,S018,P0398,W03,2025-05-15,2025-06-07,2025-06-06,67,60,7
PO013869,S036,P0363,W09,2026-06-02,2026-07-09,2026-07-07,115,106,5
PO013870,S027,P0202,W01,2025-10-28,2025-12-01,2025-11-30,59,52,5
PO013871,S008,P0026,W06,2025-01-08,2025-01-19,2025-01-23,76,73,3
PO013872,S030,P0241,W11,2025-09-20,2025-10-12,2025-10-12,11,11,0
PO013873,S011,P0285,W01,2025-07-21,2025-08-02,2025-08-04,75,72,2
PO013874,S029,P0038,W14,2025-10-01,2025-10-10,2025-10-09,59,55,2
PO013875,S009,P0303,W12,2025-12-23,2026-01-15,2026-01-13,21,21,0
PO013876,S024,P0133,W03,2025-08-21,2025-09-25,2025-09-25,66,61,5
PO013877,S038,P0263,W12,2025-05-03,2025-05-11,2025-05-10,58,53,3
PO013878,S036,P0187,W09,2025-11-24,2025-12-25,2025-12-25,90,88,1
PO013879,S035,P0083,W02,2026-04-13,2026-04-29,2026-04-27,39,36,2
PO013880,S038,P0091,W06,2025-10-28,2025-11-21,2025-11-20,59,53,4
PO013881,S030,P0306,W06,2026-01-29,2026-02-06,2026-02-05,66,55,8
PO013882,S033,P0142,W10,2025-01-29,2025-02-25,2025-02-24,71,62,6
PO013883,S006,P0273,W01,2025-05-28,2025-06-01,2025-06-03,30,27,2
PO013884,S023,P0046,W10,2026-03-06,2026-03-20,2026-03-18,64,59,5
PO013885,S023,P0171,W06,2025-06-01,2025-06-17,2025-06-15,215,190,18
PO013886,S024,P0152,W05,2025-03-22,2025-04-26,2025-04-25,100,87,9
PO013887,S017,P0232,W12,2025-05-28,2025-06-16,2025-06-14,60,57,3
PO013888,S010,P0358,W08,2025-03-16,2025-04-17,2025-04-16,41,35,4
PO013889,S032,P0400,W10,2025-08-14,2025-08-30,2025-08-29,93,90,3
PO013890,S020,P0163,W12,2025-01-19,2025-01-25,2025-02-05,85,76,8
PO013891,S010,P0212,W05,2025-03-26,2025-04-28,2025-04-27,139,128,11
PO013892,S022,P0222,W08,2026-01-03,2026-01-19,2026-01-19,141,133,7
PO013893,S035,P0336,W10,2025-03-08,2025-03-26,2025-03-26,126,116,10
PO013894,S007,P0173,W07,2025-01-23,2025-02-24,2025-02-23,202,172,22
PO013895,S040,P0334,W01,2026-01-14,2026-01-23,2026-01-23,202,196,5
PO013896,S014,P0081,W13,2025-09-20,2025-10-01,2025-10-01,49,44,3
PO013897,S032,P0349,W10,2025-06-15,2025-06-25,2025-06-23,79,75,3
PO013898,S006,P0385,W07,2025-02-19,2025-02-27,2025-02-27,70,64,3
PO013899,S020,P0348,W07,2026-04-04,2026-04-13,2026-04-12,140,129,10
PO013900,S019,P0379,W10,2025-07-12,2025-08-05,2025-08-03,97,90,5
PO013901,S012,P0005,W13,2025-08-22,2025-09-20,2025-09-18,110,106,4
PO013902,S026,P0236,W05,2025-04-15,2025-05-02,2025-05-02,67,59,6
PO013903,S033,P0127,W05,2025-02-19,2025-04-01,2025-03-30,54,48,4
PO013904,S034,P0028,W15,2025-05-09,2025-05-13,2025-05-11,109,102,7
PO013905,S031,P0159,W14,2025-05-25,2025-06-12,2025-06-11,44,40,3
PO013906,S007,P0013,W07,2026-03-25,2026-04-24,2026-04-24,76,64,9
PO013907,S010,P0094,W07,2026-05-28,2026-06-24,2026-06-24,105,94,9
PO013908,S019,P0038,W12,2025-11-10,2025-11-28,2025-11-28,40,36,2
PO013909,S007,P0334,W15,2025-08-10,2025-09-10,2025-09-10,24,21,2
PO013910,S001,P0363,W04,2026-06-20,2026-06-23,2026-06-22,69,69,0
PO013911,S034,P0275,W11,2025-12-30,2026-01-12,,19,17,1
PO013912,S003,P0062,W07,2026-01-15,2026-02-06,2026-02-04,138,129,4
PO013913,S038,P0249,W03,2025-03-14,2025-04-09,2025-04-07,58,51,5
PO013914,S003,P0171,W09,2025-08-16,2025-09-09,2025-09-08,49,46,2
PO013915,S010,P0293,W01,2025-02-15,2025-03-18,2025-03-17,55,48,6
PO013916,S016,P0141,W10,2026-04-21,2026-05-05,2026-05-06,118,110,4
PO013917,S007,P0226,W04,2025-06-09,2025-07-10,2025-07-09,25,23,2
PO013918,S011,P0062,W10,2025-08-13,2025-08-28,2025-08-27,77,76,1
PO013919,S035,P0250,W07,2025-01-11,2025-01-29,2025-01-29,71,61,8
PO013920,S032,P0391,W15,2025-02-19,2025-03-19,2025-03-19,27,26,1
PO013921,S039,P0304,W04,2025-08-24,2025-09-12,2025-09-12,46,41,4
PO013922,S018,P0194,W01,2025-02-17,2025-03-12,2025-03-12,152,131,17
PO013923,S018,P0213,W10,2025-11-24,2025-12-15,2025-12-13,63,57,5
PO013924,S020,P0300,W09,2025-12-10,2025-12-27,2025-12-26,31,29,2
PO013925,S023,P0363,W11,2025-10-20,2025-10-28,2025-10-28,14,13,0
PO013926,S026,P0186,W08,2025-07-05,2025-07-22,2025-07-22,111,95,11
PO013927,S027,P0018,W05,2025-09-03,2025-10-06,2025-10-04,33,29,3
PO013928,S020,P0213,W01,2025-06-01,2025-06-16,2025-06-15,95,86,8
PO013929,S036,P0242,W07,2025-07-12,2025-08-14,2025-08-13,91,85,3
PO013930,S001,P0166,W07,2025-08-14,2025-08-17,2025-08-17,93,91,1
PO013931,S015,P0142,W02,2025-10-29,2025-11-19,2025-11-20,66,60,5
PO013932,S024,P0124,W12,2026-05-08,2026-06-13,2026-06-12,47,42,3
PO013933,S037,P0228,W08,2026-03-13,2026-03-16,2026-03-14,77,75,1
PO013934,S023,P0201,W01,2025-07-12,2025-07-28,2025-08-01,283,265,17
PO013935,S014,P0053,W02,2025-08-04,2025-08-11,2025-08-13,180,158,17
PO013936,S030,P0185,W09,2025-02-17,2025-03-01,2025-02-27,35,31,3
PO013937,S023,P0249,W10,2025-09-18,2025-09-24,2025-09-23,28,26,2
PO013938,S018,P0248,W07,2026-04-12,2026-05-07,2026-05-06,87,74,9
PO013939,S037,P0238,W03,2025-02-16,2025-02-19,2025-02-17,72,71,1
PO013940,S004,P0326,W15,2026-06-24,2026-07-15,2026-07-13,44,40,3
PO013941,S002,P0274,W07,2025-12-01,2025-12-25,2025-12-23,52,47,3
PO013942,S008,P0126,W08,2025-03-01,2025-03-04,2025-03-02,39,37,1
PO013943,S023,P0187,W04,2026-05-26,2026-05-29,2026-05-27,72,67,4
PO013944,S030,P0091,W11,2025-08-14,2025-08-27,2025-08-27,32,30,2
PO013945,S038,P0341,W14,2026-02-09,2026-03-02,2026-03-06,41,40,1
PO013946,S003,P0176,W10,2025-02-13,2025-03-07,2025-03-13,61,60,1
PO013947,S018,P0286,W02,2025-10-20,2025-11-17,2025-11-17,16,15,1
PO013948,S039,P0212,W08,2025-02-05,2025-02-28,2025-02-27,83,74,5
PO013949,S024,P0360,W08,2026-02-10,2026-03-15,2026-03-15,40,37,2
PO013950,S023,P0070,W13,2025-07-07,2025-07-24,2025-08-03,60,51,7
PO013951,S003,P0261,W01,2025-09-28,2025-10-21,2025-10-20,41,39,1
PO013952,S002,P0306,W03,2025-09-08,2025-09-28,2025-09-28,59,53,4
PO013953,S040,P0355,W11,2025-06-06,2025-06-20,2025-06-29,40,38,1
PO013954,S006,P0112,W10,2025-09-11,2025-09-25,2025-09-24,127,119,4
PO013955,S017,P0370,W09,2025-06-23,2025-07-21,2025-07-20,39,36,2
PO013956,S009,P0328,W15,2026-03-31,2026-04-17,2026-04-17,26,25,0
PO013957,S015,P0343,W04,2025-12-24,2026-01-18,2026-01-18,62,54,7
PO013958,S018,P0263,W10,2025-06-06,2025-06-27,2025-06-27,74,65,6
PO013959,S014,P0155,W11,2025-08-19,2025-08-27,2025-08-27,63,56,4
PO013960,S007,P0103,W04,2026-01-06,2026-01-29,2026-01-29,151,132,17
PO013961,S005,P0296,W07,2025-04-28,2025-05-19,2025-05-25,28,27,0
PO013962,S016,P0140,W12,2025-07-23,2025-08-13,2025-08-12,109,99,9
PO013963,S013,P0324,W09,2026-02-14,2026-03-13,2026-03-12,65,61,2
PO013964,S025,P0385,W10,2025-05-31,2025-06-23,2025-06-23,72,67,3
PO013965,S025,P0119,W11,2025-04-14,2025-05-01,2025-05-01,34,31,2
PO013966,S014,P0020,W10,2026-05-05,2026-05-15,2026-05-13,71,64,4
PO013967,S013,P0291,W11,2025-10-03,2025-10-29,2025-10-29,82,78,1
PO013968,S003,P0235,W13,2025-12-08,2025-12-26,2026-01-05,63,62,1
PO013969,S026,P0198,W08,2025-03-11,2025-03-20,2025-03-19,78,67,9
PO013970,S035,P0313,W05,2025-07-07,2025-07-23,2025-07-23,74,65,9
PO013971,S034,P0281,W09,2026-01-08,2026-01-23,2026-01-22,29,26,2
PO013972,S038,P0285,W01,2025-05-28,2025-06-19,2025-06-18,41,38,3
PO013973,S013,P0390,W14,2026-04-12,2026-05-22,2026-05-20,56,53,2
PO013974,S024,P0152,W10,2025-05-03,2025-06-05,2025-06-04,39,37,2
PO013975,S021,P0322,W13,2025-11-06,2025-11-17,2025-11-16,174,158,15
PO013976,S021,P0277,W08,2025-07-11,2025-07-24,2025-07-22,121,104,11
PO013977,S040,P0240,W14,2025-03-08,2025-03-11,2025-03-11,67,67,0
PO013978,S020,P0264,W09,2025-12-17,2025-12-25,2025-12-25,60,54,4
PO013979,S036,P0035,W07,2025-07-07,2025-08-04,2025-08-03,58,55,3
PO013980,S008,P0372,W02,2026-05-06,2026-05-19,2026-05-22,31,31,0
PO013981,S040,P0277,W11,2025-08-22,2025-09-02,2025-09-02,60,58,1
PO013982,S004,P0170,W15,2025-06-10,2025-07-03,2025-07-05,54,48,5
PO013983,S027,P0009,W15,2026-04-29,2026-05-22,2026-05-21,82,75,7
PO013984,S019,P0169,W09,2025-09-27,2025-10-15,2025-10-13,112,102,5
PO013985,S032,P0262,W10,2025-11-08,2025-11-27,2025-12-06,10,10,0
PO013986,S012,P0066,W05,2025-01-21,2025-02-19,2025-02-19,90,80,7
PO013987,S020,P0344,W11,2025-02-10,2025-02-23,2025-02-23,46,40,4
PO013988,S032,P0003,W03,2025-11-14,2025-11-28,2025-11-27,46,45,0
PO013989,S040,P0225,W08,2025-12-22,2025-12-31,2025-12-31,75,74,1
PO013990,S040,P0048,W04,2025-12-15,2025-12-19,2025-12-17,45,44,0
PO013991,S026,P0043,W13,2026-03-19,2026-04-06,2026-04-05,40,38,2
PO013992,S027,P0290,W12,2025-02-08,2025-03-17,2025-03-28,32,30,2
PO013993,S028,P0037,W12,2025-05-12,2025-06-07,2025-06-07,154,136,13
PO013994,S025,P0283,W10,2026-02-19,2026-03-13,2026-03-12,76,69,6
PO013995,S040,P0303,W09,2025-03-01,2025-03-09,2025-03-08,60,55,2
PO013996,S009,P0011,W09,2026-02-22,2026-03-19,2026-03-18,171,155,10
PO013997,S015,P0265,W01,2025-09-05,2025-09-28,2025-09-26,143,130,13
PO013998,S008,P0088,W06,2025-07-10,2025-07-24,2025-07-22,61,58,3
PO013999,S032,P0010,W14,2025-09-08,2025-09-21,2025-09-21,71,67,1
PO014000,S013,P0257,W11,2025-10-24,2025-11-26,2025-11-25,89,88,0
PO014001,S016,P0102,W01,2026-05-31,2026-06-16,2026-06-15,95,86,9
PO014002,S038,P0193,W06,2025-09-23,2025-10-10,2025-10-13,32,29,2
PO014003,S001,P0378,W09,2025-10-10,2025-10-13,2025-10-13,56,54,2
PO014004,S025,P0266,W06,2025-11-19,2025-12-12,2025-12-19,27,25,1
PO014005,S014,P0040,W15,2025-01-31,2025-02-06,2025-02-05,74,68,6
PO014006,S022,P0124,W04,2025-06-27,2025-07-14,2025-07-13,55,53,2
PO014007,S033,P0073,W06,2025-07-25,2025-08-27,2025-08-26,79,70,7
PO014008,S023,P0264,W04,2025-04-10,2025-04-29,2025-04-29,124,112,9
PO014009,S015,P0100,W02,2026-06-18,2026-07-15,2026-07-13,118,106,9
PO014010,S030,P0136,W07,2026-03-06,2026-03-27,2026-03-25,139,122,12
PO014011,S003,P0084,W13,2026-06-22,2026-07-17,2026-07-16,35,34,1
PO014012,S017,P0127,W09,2026-05-18,2026-06-10,2026-06-09,41,38,3
PO014013,S025,P0247,W11,2025-07-07,2025-07-23,2025-07-22,52,48,4
PO014014,S028,P0305,W03,2025-01-22,2025-02-16,,99,90,8
PO014015,S006,P0022,W10,2026-05-06,2026-05-15,2026-05-14,39,37,2
PO014016,S003,P0380,W05,2026-01-14,2026-02-14,2026-02-13,140,129,4
PO014017,S030,P0155,W04,2025-09-20,2025-10-10,2025-10-09,102,92,8
PO014018,S001,P0156,W06,2025-05-27,2025-05-30,2025-05-30,37,36,0
PO014019,S009,P0076,W02,2025-05-22,2025-06-15,2025-06-15,179,167,7
PO014020,S015,P0258,W08,2025-03-03,2025-03-21,2025-03-20,21,19,2
PO014021,S007,P0304,W07,2026-01-02,2026-02-07,2026-02-06,74,64,9
PO014022,S024,P0272,W11,2026-04-21,2026-05-30,2026-05-30,165,155,9
PO014023,S026,P0255,W13,2025-09-27,2025-10-06,2025-10-06,69,59,7
PO014024,S015,P0373,W05,2025-06-16,2025-07-02,2025-06-30,111,99,12
PO014025,S031,P0018,W09,2025-02-23,2025-03-09,2025-03-07,38,36,2
PO014026,S033,P0157,W08,2025-03-21,2025-04-20,2025-04-18,56,52,4
PO014027,S012,P0288,W06,2025-04-21,2025-05-28,2025-06-02,39,37,1
PO014028,S002,P0084,W11,2025-07-04,2025-08-04,2025-08-06,79,73,5
PO014029,S013,P0187,W02,2025-02-28,2025-03-28,2025-03-26,33,31,1
PO014030,S029,P0177,W06,2025-09-06,2025-09-20,,55,54,1
PO014031,S024,P0232,W10,2025-02-28,2025-04-03,2025-04-01,85,75,10
PO014032,S019,P0267,W05,2026-02-19,2026-03-09,2026-03-07,46,43,2
PO014033,S025,P0031,W01,2025-05-10,2025-06-11,2025-06-11,85,77,7
PO014034,S035,P0191,W09,2025-03-27,2025-04-11,2025-04-12,34,31,3
PO014035,S039,P0211,W05,2026-05-25,2026-06-16,2026-06-14,67,63,3
PO014036,S004,P0173,W11,2025-01-17,2025-02-06,2025-02-05,67,60,5
PO014037,S035,P0376,W13,2025-08-11,2025-08-22,2025-08-20,40,34,4
PO014038,S003,P0289,W05,2025-05-02,2025-05-28,2025-05-27,102,96,5
PO014039,S015,P0296,W13,2025-04-07,2025-04-20,2025-04-30,70,59,10
PO014040,S012,P0151,W08,2025-04-06,2025-05-01,2025-04-29,129,119,7
PO014041,S028,P0344,W08,2025-07-13,2025-08-10,2025-08-08,44,42,2
PO014042,S027,P0207,W08,2025-07-15,2025-08-18,2025-08-16,17,16,1
PO014043,S023,P0033,W03,2025-01-17,2025-01-31,2025-01-30,37,35,2
PO014044,S034,P0335,W06,2025-03-11,2025-03-14,2025-03-12,34,32,2
PO014045,S033,P0214,W09,2025-09-13,2025-10-15,2025-10-14,167,153,10
PO014046,S025,P0354,W06,2025-05-03,2025-05-27,2025-05-27,44,43,1
PO014047,S039,P0089,W13,2025-08-22,2025-09-12,2025-09-15,126,119,3
PO014048,S028,P0280,W13,2026-04-14,2026-05-14,2026-05-16,55,49,4
PO014049,S003,P0119,W10,2026-06-18,2026-07-17,2026-07-16,300,292,8
PO014050,S014,P0160,W03,2025-09-27,2025-10-03,,52,47,4
PO014051,S018,P0012,W05,2026-05-18,2026-06-11,2026-06-09,42,36,4
PO014052,S021,P0013,W09,2026-05-15,2026-05-22,2026-05-20,94,83,11
PO014053,S002,P0151,W08,2025-07-29,2025-08-27,2025-08-26,29,27,1
PO014054,S026,P0385,W01,2025-04-09,2025-04-18,2025-04-30,119,105,12
PO014055,S037,P0188,W07,2025-10-27,2025-10-30,2025-10-30,27,26,0
PO014056,S001,P0056,W11,2025-03-27,2025-03-30,2025-04-03,39,38,0
PO014057,S001,P0332,W03,2026-03-23,2026-03-31,2026-03-31,141,132,2
PO014058,S022,P0141,W10,2025-05-04,2025-05-16,2025-05-14,38,38,0
PO014059,S016,P0355,W01,2025-11-30,2025-12-09,2025-12-09,44,39,4
PO014060,S029,P0104,W03,2025-05-08,2025-05-13,2025-05-15,151,135,9
PO014061,S018,P0030,W03,2025-06-06,2025-06-30,2025-06-30,71,62,7
PO014062,S034,P0186,W02,2025-09-05,2025-09-08,2025-09-06,130,117,9
PO014063,S021,P0189,W12,2025-04-15,2025-04-24,2025-04-23,15,13,1
PO014064,S004,P0139,W04,2025-04-29,2025-05-26,2025-05-24,161,146,15
PO014065,S029,P0365,W04,2025-03-13,2025-03-21,2025-03-31,90,84,2
PO014066,S014,P0186,W05,2025-10-08,2025-10-16,2025-10-15,36,33,3
PO014067,S007,P0040,W08,2025-05-17,2025-06-20,2025-06-18,140,121,16
PO014068,S026,P0171,W14,2026-03-08,2026-03-27,2026-04-06,55,50,5
PO014069,S014,P0260,W01,2025-04-30,2025-05-15,2025-05-21,49,44,3
PO014070,S003,P0294,W08,2025-02-10,2025-03-07,2025-03-06,91,86,3
PO014071,S003,P0009,W13,2026-04-01,2026-04-22,2026-04-21,115,110,5
PO014072,S026,P0186,W03,2026-04-23,2026-05-08,2026-05-08,33,30,3
PO014073,S028,P0040,W05,2025-09-16,2025-10-18,2025-10-16,46,42,2
PO014074,S035,P0053,W07,2025-12-10,2025-12-24,2025-12-22,58,53,4
PO014075,S031,P0337,W13,2026-02-25,2026-03-14,2026-03-12,58,52,5
PO014076,S014,P0119,W13,2025-06-03,2025-06-17,2025-06-15,111,102,9
PO014077,S011,P0126,W14,2026-03-10,2026-03-19,2026-03-19,82,80,2
PO014078,S020,P0141,W01,2026-03-25,2026-04-10,2026-04-08,216,186,26
PO014079,S025,P0172,W05,2025-12-12,2025-12-30,2025-12-29,25,23,1
PO014080,S012,P0020,W01,2026-03-16,2026-04-09,2026-04-09,56,52,2
PO014081,S015,P0091,W10,2025-01-13,2025-01-27,2025-01-26,207,179,23
PO014082,S034,P0343,W13,2025-12-16,2025-12-30,2026-01-03,60,55,3
PO014083,S026,P0167,W13,2025-09-21,2025-10-02,2025-10-02,100,89,9
PO014084,S025,P0096,W15,2026-06-22,2026-07-06,2026-07-04,115,105,5
PO014085,S005,P0344,W14,2025-02-25,2025-03-21,2025-03-29,49,47,1
PO014086,S008,P0342,W09,2025-11-07,2025-11-11,2025-11-17,45,42,1
PO014087,S022,P0070,W03,2025-08-26,2025-09-10,2025-09-10,37,35,1
PO014088,S008,P0380,W04,2025-10-03,2025-10-18,2025-10-18,21,19,1
PO014089,S036,P0288,W14,2025-03-20,2025-04-20,2025-04-28,41,38,3
PO014090,S017,P0158,W11,2026-06-17,2026-07-14,2026-07-13,61,54,4
PO014091,S015,P0125,W10,2026-02-25,2026-03-20,2026-03-19,101,87,12
PO014092,S016,P0262,W04,2025-09-06,2025-10-03,2025-10-10,50,46,3
PO014093,S011,P0069,W04,2025-09-22,2025-10-04,2025-10-02,37,37,0
PO014094,S014,P0099,W02,2025-12-08,2025-12-14,2025-12-14,68,63,3
PO014095,S016,P0086,W14,2025-11-09,2025-12-02,2025-12-05,85,75,8
PO014096,S015,P0041,W14,2025-02-07,2025-02-19,2025-03-02,83,73,9
PO014097,S032,P0047,W04,2026-02-03,2026-03-02,2026-02-28,167,158,5
PO014098,S016,P0104,W05,2026-05-27,2026-06-12,2026-06-10,67,62,4
PO014099,S002,P0262,W02,2026-06-11,2026-07-13,2026-07-12,54,51,2
PO014100,S032,P0094,W10,2025-11-16,2025-11-25,2025-11-25,58,56,1
PO014101,S007,P0230,W12,2026-02-17,2026-03-17,2026-03-16,79,69,8
PO014102,S020,P0347,W08,2025-06-24,2025-07-05,2025-07-05,128,112,11
PO014103,S031,P0222,W06,2025-10-22,2025-11-13,2025-11-12,60,56,4
PO014104,S017,P0254,W13,2026-06-07,2026-07-08,2026-07-06,40,39,1
PO014105,S029,P0261,W12,2026-05-09,2026-05-17,2026-05-15,56,52,2
PO014106,S030,P0306,W12,2026-03-27,2026-04-25,2026-04-25,43,40,3
PO014107,S015,P0264,W03,2025-06-18,2025-06-28,2025-06-26,128,112,14
PO014108,S008,P0026,W07,2025-08-07,2025-08-14,2025-08-13,66,61,5
PO014109,S015,P0208,W02,2025-07-21,2025-08-15,2025-08-13,43,38,4
PO014110,S036,P0377,W14,2026-06-25,2026-07-27,2026-07-25,188,168,12
PO014111,S009,P0380,W10,2026-06-17,2026-07-05,2026-07-05,40,37,1
PO014112,S020,P0159,W11,2026-06-25,2026-07-09,2026-07-07,86,75,7
PO014113,S029,P0346,W04,2025-04-27,2025-05-04,2025-05-04,23,23,0
PO014114,S032,P0165,W14,2026-01-12,2026-02-02,2026-02-01,74,73,1
PO014115,S022,P0332,W04,2025-08-24,2025-09-11,2025-09-11,123,114,6
PO014116,S025,P0250,W04,2025-11-08,2025-11-23,2025-11-21,49,47,1
PO014117,S004,P0107,W11,2026-02-14,2026-02-18,2026-02-16,103,93,8
PO014118,S008,P0065,W06,2025-06-16,2025-06-30,2025-06-30,20,18,1
PO014119,S029,P0227,W04,2026-06-21,2026-06-27,2026-06-26,26,25,1
PO014120,S031,P0315,W02,2025-02-08,2025-02-25,2025-02-23,91,86,5
PO014121,S012,P0263,W13,2025-06-04,2025-07-11,2025-07-11,88,83,1
PO014122,S006,P0102,W11,2026-04-08,2026-04-15,2026-04-14,98,95,3
PO014123,S021,P0347,W11,2025-04-24,2025-05-02,2025-04-30,240,207,24
PO014124,S021,P0330,W13,2026-05-21,2026-06-03,2026-06-03,24,21,3
PO014125,S008,P0180,W10,2026-06-12,2026-06-28,2026-06-28,152,143,7
PO014126,S032,P0370,W11,2025-04-26,2025-05-08,2025-05-09,80,76,2
PO014127,S038,P0388,W01,2025-06-02,2025-06-17,2025-06-16,85,78,4
PO014128,S001,P0327,W09,2025-09-20,2025-09-23,2025-09-29,57,54,1
PO014129,S030,P0133,W11,2026-03-09,2026-04-02,2026-03-31,33,30,2
PO014130,S030,P0375,W10,2025-06-10,2025-06-25,2025-06-23,37,35,2
PO014131,S039,P0160,W09,2025-06-07,2025-06-28,2025-06-26,48,44,3
PO014132,S021,P0283,W15,2025-10-17,2025-10-22,2025-10-20,30,26,3
PO014133,S008,P0318,W11,2026-06-30,2026-07-12,2026-07-12,29,29,0
PO014134,S032,P0152,W08,2025-07-12,2025-07-25,2025-07-23,75,74,1
PO014135,S019,P0094,W10,2026-05-12,2026-06-04,2026-06-04,109,103,4
PO014136,S012,P0341,W09,2025-08-26,2025-09-30,2025-09-30,39,36,2
PO014137,S034,P0037,W04,2025-10-23,2025-10-28,2025-10-28,74,67,5
PO014138,S013,P0298,W08,2025-11-13,2025-12-14,2025-12-13,26,26,0
PO014139,S039,P0023,W07,2025-06-26,2025-07-10,2025-07-08,23,23,0
PO014140,S026,P0182,W04,2025-08-22,2025-08-25,2025-08-24,44,38,4
PO014141,S008,P0149,W07,2025-04-22,2025-05-06,2025-05-05,47,43,2
PO014142,S008,P0357,W09,2025-02-04,2025-02-18,2025-02-16,72,65,4
PO014143,S027,P0031,W14,2025-03-06,2025-04-06,,99,89,6
PO014144,S015,P0030,W13,2026-01-06,2026-02-02,2026-01-31,30,26,3
PO014145,S034,P0374,W03,2026-05-09,2026-05-28,2026-05-28,77,71,5
PO014146,S004,P0376,W10,2026-03-11,2026-03-27,2026-03-27,37,33,3
PO014147,S005,P0141,W07,2025-04-21,2025-05-13,2025-05-12,24,23,1
PO014148,S039,P0061,W05,2025-04-03,2025-04-16,2025-04-15,56,53,2
PO014149,S001,P0159,W13,2025-02-16,2025-02-19,2025-02-18,158,149,7
PO014150,S026,P0088,W11,2025-04-08,2025-05-05,2025-05-04,24,21,2
PO014151,S010,P0325,W04,2025-10-04,2025-11-05,2025-11-04,119,109,8
PO014152,S025,P0168,W04,2026-04-04,2026-05-04,2026-05-03,44,41,2
PO014153,S036,P0172,W03,2025-04-03,2025-05-02,2025-04-30,167,156,11
PO014154,S033,P0223,W02,2025-10-02,2025-11-11,2025-11-09,78,73,4
PO014155,S026,P0146,W11,2025-07-28,2025-08-11,2025-08-10,43,38,4
PO014156,S017,P0193,W11,2026-03-15,2026-04-05,2026-04-04,20,20,0
PO014157,S005,P0258,W01,2025-10-07,2025-10-30,2025-10-29,63,58,2
PO014158,S008,P0291,W11,2025-12-03,2025-12-13,2025-12-12,110,99,7
PO014159,S038,P0149,W15,2025-05-09,2025-06-03,2025-06-14,48,43,4
PO014160,S038,P0389,W04,2025-01-14,2025-02-07,2025-02-07,21,19,1
PO014161,S022,P0308,W13,2025-05-07,2025-05-24,2025-05-23,45,44,1
PO014162,S022,P0187,W09,2025-01-16,2025-01-30,2025-01-29,22,21,0
PO014163,S032,P0316,W01,2025-10-04,2025-11-02,2025-11-07,69,65,1
PO014164,S010,P0365,W08,2025-04-12,2025-05-09,2025-05-08,54,49,3
PO014165,S030,P0161,W05,2025-03-09,2025-03-21,2025-03-20,83,74,7
PO014166,S013,P0234,W14,2026-06-04,2026-07-03,2026-07-02,174,162,8
PO014167,S033,P0396,W07,2025-02-01,2025-03-05,2025-03-13,130,114,11
PO014168,S034,P0330,W01,2025-09-11,2025-09-14,2025-09-12,19,18,1
PO014169,S019,P0111,W03,2025-11-23,2025-12-10,2025-12-10,56,51,3
PO014170,S022,P0351,W10,2025-12-06,2025-12-18,2025-12-16,117,107,6
PO014171,S007,P0258,W02,2025-07-07,2025-08-13,,43,37,4
PO014172,S017,P0167,W11,2025-08-23,2025-09-20,2025-09-19,27,26,1
PO014173,S037,P0389,W11,2025-05-12,2025-05-16,2025-05-20,98,90,5
PO014174,S026,P0020,W04,2026-05-19,2026-06-09,2026-06-15,87,77,10
PO014175,S021,P0216,W03,2025-10-24,2025-11-11,2025-11-10,84,75,7
PO014176,S034,P0397,W12,2025-11-20,2025-11-26,2025-11-25,48,46,2
PO014177,S010,P0380,W14,2026-05-04,2026-06-07,2026-06-05,137,125,9
PO014178,S015,P0103,W01,2026-06-16,2026-07-16,2026-07-16,39,35,3
PO014179,S011,P0038,W03,2025-08-06,2025-09-04,2025-09-04,19,19,0
PO014180,S009,P0320,W04,2025-06-09,2025-06-28,2025-06-27,144,136,4
PO014181,S001,P0390,W15,2025-09-15,2025-10-02,2025-10-01,44,44,0
PO014182,S015,P0190,W04,2025-01-14,2025-01-31,2025-01-31,146,127,18
PO014183,S028,P0285,W08,2025-07-26,2025-08-15,2025-08-14,19,18,1
PO014184,S001,P0097,W02,2025-08-21,2025-08-24,2025-08-22,28,28,0
PO014185,S039,P0224,W07,2025-03-25,2025-04-15,2025-04-15,90,85,4
PO014186,S031,P0373,W11,2026-04-30,2026-05-22,2026-05-20,21,19,1
PO014187,S039,P0362,W07,2025-11-14,2025-12-05,2025-12-05,145,132,8
PO014188,S025,P0252,W02,2025-07-15,2025-08-08,2025-08-10,102,92,5
PO014189,S025,P0044,W09,2025-01-20,2025-02-13,2025-02-13,172,157,10
PO014190,S023,P0054,W08,2025-01-08,2025-01-18,2025-01-17,40,37,3
PO014191,S022,P0321,W04,2025-12-17,2026-01-04,2026-01-02,102,91,6
PO014192,S022,P0332,W12,2026-06-17,2026-07-02,2026-06-30,88,80,5
PO014193,S021,P0126,W10,2026-02-15,2026-02-21,2026-02-21,89,80,9
PO014194,S004,P0006,W13,2026-05-18,2026-06-10,2026-06-08,76,65,9
PO014195,S018,P0388,W03,2026-01-02,2026-01-29,2026-01-29,78,69,9
PO014196,S033,P0038,W14,2026-06-26,2026-08-02,2026-08-05,49,45,3
PO014197,S026,P0090,W06,2025-04-23,2025-05-12,2025-05-24,139,127,12
PO014198,S040,P0168,W10,2026-04-05,2026-04-17,2026-04-15,80,73,3
PO014199,S030,P0001,W08,2025-09-25,2025-10-13,2025-10-11,10,8,1
PO014200,S012,P0130,W11,2026-01-30,2026-03-06,2026-03-12,121,117,3
PO014201,S028,P0364,W05,2025-12-12,2026-01-02,2026-01-02,119,105,9
PO014202,S008,P0357,W05,2025-09-18,2025-10-01,2025-09-30,41,37,2
PO014203,S003,P0267,W02,2025-09-01,2025-09-24,2025-09-24,50,48,2
PO014204,S030,P0364,W07,2025-11-20,2025-12-03,2025-12-05,40,37,3
PO014205,S034,P0091,W03,2025-01-07,2025-01-12,2025-01-12,96,90,5
PO014206,S037,P0306,W03,2025-12-13,2025-12-28,2026-01-01,52,52,0
PO014207,S030,P0214,W10,2025-07-15,2025-07-24,2025-07-22,95,89,6
PO014208,S022,P0086,W11,2026-05-31,2026-06-11,2026-06-09,21,20,0
PO014209,S001,P0092,W13,2026-04-23,2026-04-28,2026-04-26,59,58,1
PO014210,S030,P0247,W02,2025-06-25,2025-07-11,2025-07-11,85,78,7
PO014211,S031,P0115,W09,2026-01-06,2026-01-27,2026-01-27,31,29,2
PO014212,S001,P0071,W07,2025-05-22,2025-05-31,2025-06-01,120,116,0
PO014213,S017,P0300,W14,2025-09-15,2025-10-10,2025-10-10,77,68,6
PO014214,S022,P0317,W13,2025-01-14,2025-02-02,2025-02-02,95,85,6
PO014215,S033,P0375,W08,2025-09-23,2025-10-30,2025-10-30,32,28,3
PO014216,S019,P0386,W13,2025-07-09,2025-07-24,2025-07-23,99,93,5
PO014217,S028,P0129,W10,2025-07-15,2025-08-07,2025-08-06,88,82,3
PO014218,S016,P0081,W07,2025-10-18,2025-10-31,2025-10-29,118,107,7
PO014219,S013,P0022,W08,2025-07-15,2025-08-01,2025-07-30,140,128,5
PO014220,S004,P0156,W11,2025-10-30,2025-11-23,2025-11-22,90,79,9
PO014221,S031,P0112,W02,2025-11-08,2025-11-26,2025-11-24,94,83,8
PO014222,S007,P0129,W13,2025-04-05,2025-04-29,2025-04-27,116,103,12
PO014223,S011,P0386,W02,2026-03-11,2026-03-20,2026-03-20,164,155,1
PO014224,S020,P0162,W10,2025-02-13,2025-03-02,2025-03-02,88,77,8
PO014225,S025,P0033,W14,2025-04-06,2025-04-30,2025-04-29,120,109,6
PO014226,S013,P0358,W12,2025-11-13,2025-12-16,2025-12-28,16,15,0
PO014227,S014,P0037,W12,2025-09-04,2025-09-14,2025-09-12,416,382,27
PO014228,S014,P0248,W13,2025-09-21,2025-10-05,2025-10-03,86,78,5
PO014229,S025,P0372,W04,2025-01-08,2025-02-03,2025-02-10,99,92,5
PO014230,S010,P0343,W01,2025-09-08,2025-10-01,2025-10-02,42,37,4
PO014231,S024,P0299,W13,2026-04-06,2026-05-16,2026-05-15,36,33,3
PO014232,S027,P0184,W03,2025-01-08,2025-02-07,2025-02-05,56,50,5
PO014233,S024,P0142,W09,2026-03-04,2026-04-12,2026-04-12,67,63,3
PO014234,S005,P0382,W15,2025-05-02,2025-05-23,2025-05-22,18,18,0
PO014235,S033,P0105,W14,2025-07-17,2025-08-27,2025-08-25,96,89,7
PO014236,S028,P0146,W13,2026-04-29,2026-05-28,2026-05-28,48,43,4
PO014237,S006,P0003,W04,2025-11-05,2025-11-18,2025-11-18,81,75,4
PO014238,S031,P0365,W07,2025-12-04,2025-12-23,2025-12-22,47,42,3
PO014239,S017,P0363,W15,2025-10-25,2025-11-17,2025-11-15,70,66,2
PO014240,S001,P0031,W13,2025-04-30,2025-05-03,2025-05-02,79,78,0
PO014241,S028,P0265,W14,2025-05-28,2025-06-20,2025-06-18,56,52,3
PO014242,S004,P0336,W10,2025-06-26,2025-07-09,2025-07-07,28,26,2
PO014243,S027,P0270,W08,2026-01-22,2026-02-21,2026-02-21,23,20,2
PO014244,S029,P0393,W04,2025-03-27,2025-04-03,2025-04-03,126,121,3
PO014245,S011,P0373,W04,2026-04-07,2026-04-21,2026-04-21,50,48,1
PO014246,S008,P0344,W13,2025-12-09,2025-12-19,2025-12-21,50,45,3
PO014247,S010,P0367,W01,2025-06-18,2025-07-16,2025-07-14,84,75,8
PO014248,S023,P0032,W11,2026-01-25,2026-02-03,2026-02-03,110,100,5
PO014249,S019,P0202,W12,2025-11-01,2025-11-18,2025-11-30,18,17,0
PO014250,S020,P0036,W11,2025-07-19,2025-08-01,2025-08-01,123,107,13
PO014251,S018,P0272,W08,2025-10-31,2025-11-30,2025-11-28,62,52,7
PO014252,S013,P0169,W07,2025-05-04,2025-06-02,2025-06-14,74,71,2
PO014253,S004,P0018,W11,2025-11-09,2025-11-27,2025-11-25,81,74,5
PO014254,S018,P0279,W06,2025-04-25,2025-05-20,2025-05-18,201,176,24
PO014255,S015,P0386,W04,2025-12-10,2025-12-27,2025-12-26,38,32,5
PO014256,S023,P0045,W11,2026-03-05,2026-03-20,2026-03-29,187,161,18
PO014257,S037,P0032,W13,2026-04-03,2026-04-18,2026-04-16,40,39,1
PO014258,S037,P0361,W11,2026-05-13,2026-05-16,2026-05-16,30,29,0
PO014259,S024,P0221,W07,2025-05-26,2025-07-13,2025-07-13,70,64,5
PO014260,S013,P0018,W10,2025-03-13,2025-04-22,2025-04-20,58,56,0
PO014261,S006,P0257,W13,2025-04-26,2025-04-29,2025-04-28,36,34,1
PO014262,S007,P0293,W15,2025-09-08,2025-10-07,2025-10-06,78,68,10
PO014263,S040,P0141,W11,2025-01-28,2025-02-11,2025-02-10,24,23,0
PO014264,S007,P0270,W10,2025-01-13,2025-02-21,2025-02-20,49,44,5
PO014265,S008,P0083,W11,2025-01-26,2025-02-10,2025-02-10,135,128,6
PO014266,S037,P0106,W07,2026-04-02,2026-04-10,2026-04-20,120,113,3
PO014267,S021,P0225,W13,2025-10-02,2025-10-09,2025-10-21,60,54,6
PO014268,S001,P0177,W11,2025-03-09,2025-03-12,2025-03-12,170,163,4
PO014269,S014,P0179,W03,2026-03-27,2026-04-01,2026-03-30,107,100,7
PO014270,S016,P0229,W07,2025-09-27,2025-10-18,2025-10-16,174,157,14
PO014271,S010,P0201,W06,2025-03-10,2025-04-14,2025-04-13,38,37,1
PO014272,S027,P0145,W09,2026-04-06,2026-05-16,2026-05-15,28,27,1
PO014273,S022,P0194,W09,2025-04-18,2025-05-13,2025-05-12,96,89,3
PO014274,S011,P0073,W08,2026-06-01,2026-06-08,2026-06-08,61,60,0
PO014275,S012,P0025,W10,2025-12-21,2026-01-16,2026-01-15,99,94,3
PO014276,S032,P0245,W14,2025-10-13,2025-10-30,2025-10-29,114,106,4
PO014277,S023,P0214,W07,2025-12-18,2025-12-24,2025-12-23,36,33,3
PO014278,S012,P0122,W07,2025-11-24,2025-12-26,2025-12-26,85,81,4
PO014279,S004,P0158,W07,2026-03-06,2026-03-27,2026-03-26,69,61,6
PO014280,S020,P0019,W08,2026-01-03,2026-01-22,2026-01-21,41,38,3
PO014281,S019,P0206,W12,2025-10-28,2025-11-19,2025-11-19,33,31,2
PO014282,S024,P0180,W09,2025-11-08,2025-12-14,2025-12-12,26,24,2
PO014283,S020,P0143,W05,2026-01-18,2026-01-26,2026-01-26,52,47,3
PO014284,S033,P0358,W02,2026-01-17,2026-02-22,2026-02-21,54,50,4
PO014285,S033,P0069,W13,2025-02-10,2025-03-12,2025-03-10,93,87,6
PO014286,S034,P0081,W08,2026-03-18,2026-03-25,2026-03-24,160,146,10
PO014287,S038,P0152,W02,2025-04-17,2025-05-05,2025-05-16,61,56,5
PO014288,S031,P0198,W11,2025-10-14,2025-11-17,2025-11-15,103,89,11
PO014289,S032,P0008,W03,2025-08-29,2025-09-15,2025-09-15,132,128,4
PO014290,S023,P0199,W01,2026-05-16,2026-06-07,2026-06-05,55,51,4
PO014291,S019,P0178,W14,2025-12-07,2025-12-30,2025-12-29,45,44,1
PO014292,S002,P0218,W01,2026-05-21,2026-06-19,2026-06-18,39,37,2
PO014293,S036,P0333,W14,2025-12-30,2026-02-01,2026-01-31,35,34,1
PO014294,S012,P0217,W07,2025-03-10,2025-04-04,2025-04-04,69,65,4
PO014295,S016,P0241,W04,2025-01-19,2025-02-10,2025-02-20,179,160,11
PO014296,S038,P0111,W01,2025-04-18,2025-05-16,2025-05-16,35,31,3
PO014297,S040,P0035,W01,2026-03-26,2026-04-02,2026-04-03,155,151,2
PO014298,S023,P0205,W01,2026-05-21,2026-05-31,2026-05-30,52,45,5
PO014299,S003,P0166,W07,2025-06-06,2025-06-28,2025-06-27,57,55,0
PO014300,S005,P0174,W07,2025-08-08,2025-09-01,2025-08-31,39,37,1
PO014301,S031,P0163,W07,2025-05-05,2025-05-30,2025-05-29,80,71,8
PO014302,S026,P0092,W02,2025-01-14,2025-01-26,2025-01-28,82,68,10
PO014303,S003,P0347,W11,2026-01-27,2026-02-27,2026-02-26,14,14,0
PO014304,S040,P0218,W10,2026-02-02,2026-02-08,2026-02-07,65,64,0
PO014305,S020,P0319,W06,2025-12-21,2025-12-26,2025-12-26,23,22,1
PO014306,S008,P0018,W08,2025-03-14,2025-04-06,2025-04-04,60,54,3
PO014307,S015,P0163,W10,2025-04-29,2025-05-09,2025-05-08,38,34,4
PO014308,S034,P0162,W14,2025-01-02,2025-01-14,2025-01-12,47,43,2
PO014309,S019,P0110,W04,2025-11-24,2025-12-08,2025-12-08,231,219,10
PO014310,S022,P0127,W06,2025-12-29,2026-01-12,2026-01-12,42,40,1
PO014311,S021,P0251,W12,2025-03-04,2025-03-08,2025-03-06,237,207,26
PO014312,S015,P0161,W08,2025-10-21,2025-10-30,2025-10-29,87,80,7
PO014313,S037,P0300,W06,2025-07-13,2025-07-24,2025-07-24,98,95,3
PO014314,S033,P0129,W05,2026-05-05,2026-06-10,2026-06-10,27,24,2
PO014315,S005,P0069,W13,2025-11-06,2025-11-27,2025-11-25,52,49,1
PO014316,S023,P0084,W08,2025-04-18,2025-05-05,2025-05-04,37,34,2
PO014317,S003,P0322,W07,2025-10-09,2025-11-05,2025-11-05,231,224,0
PO014318,S022,P0143,W01,2025-12-31,2026-01-15,2026-01-14,275,249,14
PO014319,S032,P0243,W09,2025-04-27,2025-05-11,2025-05-09,105,100,4
PO014320,S027,P0332,W12,2025-09-18,2025-10-16,2025-10-14,51,46,3
PO014321,S027,P0394,W15,2026-06-04,2026-07-07,2026-07-06,62,54,6
PO014322,S024,P0267,W04,2026-01-06,2026-02-03,2026-02-01,15,13,1
PO014323,S037,P0168,W10,2026-04-29,2026-05-14,2026-05-13,23,23,0
PO014324,S016,P0272,W02,2025-11-03,2025-11-23,2025-11-21,59,53,4
PO014325,S014,P0019,W12,2025-08-02,2025-08-18,2025-08-16,43,40,3
PO014326,S010,P0232,W09,2025-02-15,2025-03-15,2025-03-14,39,35,3
PO014327,S017,P0267,W15,2025-05-11,2025-06-01,2025-05-31,31,29,1
PO014328,S016,P0240,W06,2026-04-22,2026-05-05,2026-05-06,10,10,0
PO014329,S008,P0334,W14,2026-03-09,2026-03-25,,70,64,3
PO014330,S035,P0312,W03,2025-06-13,2025-06-20,2025-06-20,65,60,5
PO014331,S007,P0009,W08,2025-12-26,2026-02-07,2026-02-06,98,81,13
PO014332,S036,P0009,W13,2025-08-03,2025-09-09,2025-09-12,145,130,9
PO014333,S019,P0245,W01,2026-05-29,2026-06-07,2026-06-07,121,114,7
PO014334,S010,P0209,W05,2026-06-28,2026-07-22,2026-07-22,98,86,10
PO014335,S040,P0152,W03,2026-01-13,2026-01-16,2026-01-15,26,26,0
PO014336,S020,P0173,W11,2026-06-20,2026-06-27,2026-06-27,86,75,8
PO014337,S004,P0193,W05,2026-03-26,2026-04-10,2026-04-09,71,67,4
PO014338,S008,P0195,W14,2025-07-13,2025-07-23,2025-07-21,34,31,2
PO014339,S016,P0336,W03,2026-06-28,2026-07-06,2026-07-06,27,24,2
PO014340,S024,P0188,W08,2025-12-16,2026-01-23,2026-01-22,61,56,4
PO014341,S029,P0191,W13,2026-06-01,2026-06-07,2026-06-06,41,39,2
PO014342,S038,P0343,W04,2025-12-04,2025-12-18,2025-12-17,40,36,3
PO014343,S034,P0374,W15,2026-02-01,2026-02-04,2026-02-08,148,134,12
PO014344,S016,P0386,W09,2025-03-15,2025-03-18,2025-03-16,50,45,4
PO014345,S008,P0259,W12,2025-10-19,2025-10-24,2025-10-22,25,23,1
PO014346,S027,P0234,W03,2025-07-02,2025-08-05,2025-08-05,47,42,4
PO014347,S038,P0147,W13,2026-03-03,2026-03-24,2026-03-23,42,35,5
PO014348,S021,P0166,W01,2026-02-07,2026-02-21,2026-02-20,102,92,10
PO014349,S002,P0073,W12,2025-04-16,2025-05-11,2025-05-21,32,30,2
PO014350,S002,P0332,W13,2026-06-14,2026-07-06,2026-07-17,182,171,11
PO014351,S030,P0326,W03,2025-08-26,2025-09-10,2025-09-08,130,114,11
PO014352,S016,P0149,W04,2025-02-06,2025-02-20,2025-02-20,218,203,15
PO014353,S020,P0346,W10,2025-02-19,2025-03-03,2025-03-02,36,33,3
PO014354,S032,P0334,W04,2025-02-15,2025-02-24,2025-02-22,172,165,2
PO014355,S021,P0349,W07,2025-01-16,2025-01-27,2025-01-27,64,56,7
PO014356,S007,P0001,W02,2025-02-20,2025-03-19,2025-03-19,46,42,4
PO014357,S035,P0208,W05,2025-04-07,2025-04-21,2025-04-19,39,36,3
PO014358,S032,P0116,W09,2026-06-25,2026-07-10,2026-07-09,29,29,0
PO014359,S033,P0216,W03,2025-01-19,2025-02-24,2025-02-22,38,35,3
PO014360,S023,P0251,W06,2026-01-09,2026-02-05,2026-02-03,104,96,7
PO014361,S013,P0319,W09,2025-12-01,2025-12-25,2025-12-24,26,26,0
PO014362,S018,P0091,W10,2025-01-25,2025-02-15,2025-02-15,78,70,7
PO014363,S028,P0304,W02,2025-06-07,2025-06-22,2025-06-22,19,17,1
PO014364,S036,P0107,W11,2025-08-12,2025-09-19,2025-09-17,306,287,9
PO014365,S010,P0160,W04,2025-07-22,2025-08-21,2025-08-20,54,48,4
PO014366,S035,P0005,W12,2025-12-29,2026-01-18,2026-01-30,225,202,22
PO014367,S002,P0317,W05,2025-05-14,2025-06-12,2025-06-10,38,35,2
PO014368,S019,P0369,W14,2026-05-15,2026-05-30,2026-05-30,54,49,3
PO014369,S023,P0099,W01,2025-10-05,2025-10-23,2025-10-22,105,94,9
PO014370,S030,P0327,W01,2025-07-11,2025-07-25,2025-07-24,64,58,5
PO014371,S023,P0175,W15,2025-04-29,2025-05-17,2025-05-17,81,71,6
PO014372,S036,P0180,W08,2025-03-04,2025-04-13,2025-04-14,23,23,0
PO014373,S038,P0344,W09,2025-03-31,2025-05-03,2025-05-14,54,48,4
PO014374,S021,P0330,W15,2025-11-17,2025-11-22,2025-11-20,28,26,2
PO014375,S023,P0194,W15,2025-03-09,2025-03-20,2025-03-18,116,103,8
PO014376,S023,P0082,W07,2025-01-09,2025-01-12,2025-01-10,67,61,5
PO014377,S040,P0343,W15,2025-07-24,2025-08-01,2025-07-30,64,63,1
PO014378,S006,P0390,W07,2026-03-10,2026-03-16,2026-03-14,203,194,7
PO014379,S020,P0387,W12,2026-02-13,2026-02-27,2026-03-01,124,109,12
PO014380,S002,P0361,W01,2025-12-06,2026-01-04,2026-01-09,68,60,5
PO014381,S024,P0356,W07,2025-01-24,2025-02-25,2025-02-23,14,12,1
PO014382,S003,P0153,W07,2026-02-15,2026-03-07,2026-03-06,31,30,1
PO014383,S018,P0085,W15,2025-01-30,2025-02-16,2025-02-23,256,220,31
PO014384,S038,P0342,W15,2026-05-18,2026-06-16,2026-06-21,62,57,5
PO014385,S031,P0388,W04,2026-01-23,2026-02-11,2026-02-09,59,53,4
PO014386,S036,P0242,W08,2026-03-18,2026-04-21,2026-04-21,51,47,2
PO014387,S031,P0377,W01,2025-07-31,2025-08-19,2025-08-18,243,212,20
PO014388,S031,P0014,W15,2025-04-11,2025-05-02,2025-05-01,61,52,6
PO014389,S031,P0095,W09,2025-05-11,2025-05-29,2025-05-27,84,77,5
PO014390,S029,P0318,W08,2025-03-08,2025-03-13,2025-03-13,48,44,2
PO014391,S022,P0090,W11,2025-03-23,2025-04-09,2025-04-08,28,27,1
PO014392,S040,P0312,W14,2025-05-27,2025-06-16,2025-06-27,70,68,1
PO014393,S009,P0225,W15,2025-01-06,2025-01-28,2025-01-27,100,91,5
PO014394,S030,P0342,W14,2026-03-19,2026-04-07,2026-04-11,125,111,10
PO014395,S029,P0161,W04,2025-11-22,2025-11-25,2025-11-25,60,58,2
PO014396,S022,P0005,W06,2025-12-07,2025-12-20,2025-12-18,36,34,2
PO014397,S028,P0168,W02,2025-08-19,2025-09-08,2025-09-06,49,46,3
PO014398,S004,P0284,W12,2025-02-23,2025-03-10,2025-03-09,17,16,1
PO014399,S015,P0222,W11,2025-04-13,2025-05-04,2025-05-13,61,52,6
PO014400,S018,P0106,W11,2026-01-23,2026-02-25,2026-02-23,35,31,3
PO014401,S037,P0004,W15,2025-08-09,2025-08-19,2025-08-18,81,76,3
PO014402,S001,P0157,W02,2026-06-05,2026-06-10,2026-06-10,94,88,3
PO014403,S031,P0268,W02,2025-03-16,2025-04-11,2025-04-10,42,38,3
PO014404,S035,P0031,W09,2025-07-08,2025-07-25,2025-07-24,89,78,9
PO014405,S005,P0175,W14,2025-12-28,2026-01-30,2026-02-04,32,31,0
PO014406,S005,P0039,W08,2025-10-10,2025-10-21,2025-10-28,76,72,1
PO014407,S033,P0227,W14,2026-02-26,2026-03-31,2026-03-30,66,59,7
PO014408,S026,P0089,W06,2025-08-05,2025-08-19,2025-08-18,27,24,2
PO014409,S020,P0065,W11,2026-06-19,2026-07-08,2026-07-07,135,118,12
PO014410,S025,P0397,W06,2025-08-04,2025-08-30,2025-08-30,64,59,4
PO014411,S034,P0214,W08,2026-05-24,2026-06-11,2026-06-11,72,66,3
PO014412,S026,P0275,W13,2026-01-22,2026-02-05,2026-02-05,89,78,8
PO014413,S022,P0032,W02,2025-01-23,2025-02-09,2025-02-08,86,84,2
PO014414,S027,P0216,W06,2025-04-14,2025-05-21,2025-05-26,125,115,8
PO014415,S008,P0086,W06,2025-01-31,2025-02-17,2025-02-16,212,200,9
PO014416,S026,P0089,W01,2025-12-02,2025-12-15,2025-12-14,59,52,5
PO014417,S036,P0243,W12,2025-08-17,2025-09-15,2025-09-13,70,67,1
PO014418,S013,P0232,W01,2025-09-23,2025-10-17,2025-10-15,118,116,2
PO014419,S026,P0010,W10,2025-09-16,2025-10-09,2025-10-07,83,69,12
PO014420,S039,P0290,W15,2025-07-16,2025-07-31,2025-07-29,36,33,2
PO014421,S030,P0191,W09,2025-02-22,2025-03-10,2025-03-12,24,23,1
PO014422,S030,P0184,W02,2025-02-09,2025-03-01,2025-02-27,133,124,9
PO014423,S017,P0256,W12,2025-10-25,2025-11-26,2025-12-05,350,329,16
PO014424,S025,P0180,W06,2026-03-23,2026-04-18,2026-04-17,140,126,7
PO014425,S009,P0007,W01,2026-04-13,2026-05-09,2026-05-09,43,42,1
PO014426,S005,P0071,W09,2026-06-01,2026-06-19,2026-06-19,50,47,2
PO014427,S006,P0138,W05,2025-01-30,2025-02-09,2025-02-09,18,17,0
PO014428,S015,P0256,W14,2025-10-21,2025-11-07,2025-11-05,51,45,5
PO014429,S011,P0352,W04,2025-10-28,2025-11-11,2025-11-14,124,118,0
PO014430,S024,P0196,W15,2025-05-03,2025-06-01,2025-06-01,48,44,4
PO014431,S013,P0151,W07,2026-04-13,2026-05-22,2026-05-22,155,147,5
PO014432,S020,P0076,W07,2025-08-11,2025-08-26,2025-08-24,72,65,6
PO014433,S029,P0199,W03,2025-02-17,2025-02-24,2025-02-22,27,26,1
PO014434,S018,P0192,W06,2026-04-03,2026-05-06,2026-05-05,106,94,10
PO014435,S027,P0051,W05,2026-03-24,2026-04-18,2026-04-26,100,91,9
PO014436,S005,P0349,W06,2025-02-14,2025-03-16,2025-03-15,77,76,1
PO014437,S027,P0029,W15,2025-12-19,2026-01-10,2026-01-09,102,91,9
PO014438,S013,P0011,W03,2025-05-12,2025-06-15,2025-06-14,75,72,1
PO014439,S015,P0298,W03,2025-06-09,2025-06-18,2025-06-16,52,45,6
PO014440,S003,P0072,W07,2026-02-05,2026-02-26,2026-02-28,444,434,10
PO014441,S040,P0321,W11,2025-08-27,2025-09-01,2025-08-30,37,36,1
PO014442,S010,P0012,W01,2026-06-10,2026-07-04,2026-07-03,129,118,7
PO014443,S037,P0329,W10,2025-11-24,2025-12-07,2025-12-11,96,89,4
PO014444,S010,P0071,W04,2025-11-23,2025-12-17,2025-12-15,67,58,6
PO014445,S040,P0149,W15,2025-07-10,2025-07-18,2025-07-18,27,26,0
PO014446,S021,P0393,W12,2025-07-30,2025-08-13,2025-08-23,59,55,4
PO014447,S009,P0096,W03,2025-03-23,2025-04-08,2025-04-07,73,67,4
PO014448,S010,P0259,W11,2026-05-22,2026-06-09,2026-06-08,46,41,3
PO014449,S034,P0383,W03,2025-03-17,2025-03-27,2025-04-03,74,70,4
PO014450,S034,P0224,W14,2025-10-10,2025-10-21,2025-10-20,70,64,4
PO014451,S011,P0109,W04,2025-07-11,2025-07-30,2025-07-30,111,106,3
PO014452,S024,P0397,W04,2025-05-14,2025-06-19,2025-06-18,62,54,5
PO014453,S006,P0276,W11,2026-03-18,2026-04-01,2026-03-31,174,162,5
PO014454,S015,P0133,W14,2025-03-11,2025-04-01,2025-04-01,82,70,10
PO014455,S005,P0032,W14,2025-04-17,2025-05-06,2025-05-05,58,58,0
PO014456,S037,P0251,W15,2025-09-19,2025-09-25,2025-09-24,113,108,3
PO014457,S018,P0272,W13,2026-02-15,2026-03-10,2026-03-09,64,57,6
PO014458,S005,P0097,W05,2026-05-16,2026-05-31,2026-06-03,50,48,0
PO014459,S024,P0120,W04,2026-06-22,2026-07-27,2026-07-27,38,34,3
PO014460,S040,P0139,W03,2025-11-07,2025-11-14,2025-11-14,85,81,3
PO014461,S028,P0348,W10,2025-08-29,2025-09-19,2025-09-17,26,24,1
PO014462,S029,P0080,W09,2025-09-15,2025-09-21,2025-09-19,26,25,0
PO014463,S006,P0320,W08,2026-04-07,2026-04-10,2026-04-17,84,81,1
PO014464,S035,P0386,W13,2026-05-05,2026-05-19,2026-05-18,40,36,4
PO014465,S003,P0125,W15,2025-01-21,2025-02-15,2025-02-15,73,69,2
PO014466,S029,P0234,W02,2025-04-25,2025-04-28,2025-04-28,10,9,0
PO014467,S030,P0131,W02,2026-04-22,2026-05-04,2026-05-02,24,22,1
PO014468,S020,P0003,W09,2026-02-16,2026-03-06,2026-03-11,16,14,1
PO014469,S007,P0184,W03,2025-01-31,2025-03-10,2025-03-08,53,47,5
PO014470,S039,P0295,W15,2025-08-06,2025-08-23,2025-08-23,49,46,2
PO014471,S036,P0169,W03,2025-09-07,2025-10-08,2025-10-07,59,56,3
PO014472,S007,P0253,W11,2025-04-12,2025-05-14,2025-05-24,81,72,8
PO014473,S035,P0148,W03,2026-04-27,2026-05-15,2026-05-25,65,55,7
PO014474,S016,P0277,W07,2025-05-07,2025-05-30,2025-05-29,77,71,4
PO014475,S026,P0036,W06,2026-04-14,2026-04-28,2026-04-28,127,114,13
PO014476,S035,P0055,W10,2025-12-18,2025-12-27,2026-01-04,43,38,4
PO014477,S035,P0074,W15,2025-05-06,2025-05-25,2025-06-05,288,257,25
PO014478,S015,P0239,W01,2025-01-12,2025-02-01,2025-02-01,100,85,11
PO014479,S023,P0056,W10,2025-07-25,2025-08-12,2025-08-10,51,48,3
PO014480,S020,P0190,W05,2026-02-17,2026-02-24,2026-03-03,106,91,10
PO014481,S002,P0292,W02,2026-05-08,2026-06-09,2026-06-10,35,33,1
PO014482,S030,P0129,W07,2026-03-16,2026-03-31,2026-03-29,27,25,1
PO014483,S032,P0063,W11,2025-04-17,2025-04-30,2025-04-29,66,61,3
PO014484,S026,P0214,W03,2025-07-30,2025-08-09,2025-08-08,46,39,5
PO014485,S039,P0205,W09,2025-03-15,2025-03-29,2025-03-28,90,85,3
PO014486,S021,P0150,W08,2025-06-26,2025-06-30,2025-06-29,59,52,5
PO014487,S015,P0278,W10,2026-05-10,2026-05-26,2026-05-26,81,67,10
PO014488,S039,P0191,W09,2026-05-27,2026-06-25,2026-06-24,90,83,5
PO014489,S006,P0085,W10,2025-12-05,2025-12-09,2025-12-09,48,46,2
PO014490,S039,P0059,W03,2025-02-06,2025-02-20,2025-02-20,60,55,4
PO014491,S036,P0251,W14,2026-01-01,2026-02-01,2026-01-31,68,63,3
PO014492,S014,P0198,W01,2025-12-08,2025-12-24,2025-12-22,99,92,7
PO014493,S011,P0001,W02,2025-05-04,2025-05-20,2025-05-18,45,43,0
PO014494,S016,P0097,W05,2026-06-11,2026-06-28,2026-06-27,29,26,2
PO014495,S001,P0158,W13,2025-11-05,2025-11-08,2025-11-08,71,67,1
PO014496,S017,P0236,W08,2025-09-26,2025-10-23,2025-10-22,32,31,1
PO014497,S019,P0001,W14,2026-03-22,2026-04-03,2026-04-01,86,77,5
PO014498,S014,P0247,W09,2025-03-21,2025-03-28,2025-03-27,190,166,15
PO014499,S011,P0253,W15,2025-02-09,2025-02-24,2025-02-22,130,128,2
PO014500,S022,P0005,W10,2026-03-15,2026-04-02,2026-04-08,47,44,2
PO014501,S013,P0022,W08,2025-11-07,2025-12-10,2025-12-08,79,76,3
PO014502,S004,P0013,W06,2026-06-28,2026-07-17,2026-07-19,46,39,5
PO014503,S012,P0019,W04,2026-06-03,2026-07-08,2026-07-06,30,29,1
PO014504,S003,P0346,W01,2025-03-12,2025-03-21,2025-03-20,53,51,1
PO014505,S013,P0068,W12,2025-02-04,2025-03-04,2025-03-03,87,83,3
PO014506,S028,P0169,W13,2026-02-05,2026-03-09,2026-03-09,28,26,2
PO014507,S008,P0129,W08,2025-02-24,2025-03-06,2025-03-06,170,164,5
PO014508,S038,P0386,W06,2026-01-13,2026-01-30,2026-01-29,141,134,7
PO014509,S012,P0006,W08,2025-03-09,2025-04-02,2025-04-02,24,22,1
PO014510,S005,P0242,W01,2026-03-11,2026-03-27,2026-04-02,64,62,1
PO014511,S026,P0186,W04,2026-04-07,2026-04-21,2026-04-24,64,58,5
PO014512,S023,P0350,W02,2025-08-25,2025-09-13,2025-09-21,53,50,3
PO014513,S025,P0273,W04,2026-05-31,2026-06-25,2026-06-24,58,56,2
PO014514,S040,P0119,W13,2026-01-28,2026-02-06,2026-02-05,40,39,0
PO014515,S023,P0381,W03,2025-08-24,2025-09-16,2025-09-14,67,60,6
PO014516,S019,P0311,W06,2026-04-28,2026-05-23,,74,68,4
PO014517,S015,P0280,W08,2026-06-24,2026-07-16,2026-07-16,56,47,7
PO014518,S025,P0153,W11,2025-11-08,2025-11-28,2025-11-26,84,76,4
PO014519,S023,P0108,W05,2026-04-01,2026-04-19,2026-04-19,80,72,6
PO014520,S007,P0075,W02,2025-07-07,2025-08-04,2025-08-03,68,59,7
PO014521,S008,P0172,W01,2025-12-29,2026-01-19,2026-01-19,81,76,3
PO014522,S026,P0161,W08,2025-04-16,2025-04-24,2025-05-01,51,46,5
PO014523,S031,P0362,W12,2026-06-16,2026-07-05,2026-07-05,120,107,9
PO014524,S023,P0324,W15,2025-11-13,2025-12-01,2025-12-01,73,66,5
PO014525,S033,P0015,W12,2026-05-21,2026-06-26,2026-06-26,85,77,8
PO014526,S028,P0178,W09,2025-06-13,2025-07-15,2025-07-14,159,149,8
PO014527,S011,P0181,W13,2026-06-22,2026-07-05,2026-07-04,80,76,1
PO014528,S017,P0104,W02,2026-06-27,2026-07-25,2026-07-24,75,69,3
PO014529,S039,P0301,W12,2026-03-12,2026-03-31,2026-03-31,38,36,2
PO014530,S008,P0099,W11,2025-07-10,2025-07-18,2025-07-17,116,111,4
PO014531,S027,P0360,W15,2026-01-30,2026-03-02,2026-03-01,261,225,24
PO014532,S024,P0390,W04,2026-04-01,2026-05-09,2026-05-07,93,87,4
PO014533,S018,P0246,W06,2026-05-05,2026-05-29,2026-05-28,113,95,13
PO014534,S031,P0248,W09,2026-01-30,2026-02-15,2026-02-13,93,84,5
PO014535,S020,P0342,W06,2025-11-08,2025-11-27,2025-11-27,175,155,17
PO014536,S010,P0099,W01,2025-12-04,2026-01-01,2026-01-01,145,132,13
PO014537,S003,P0304,W10,2025-01-19,2025-02-13,2025-02-19,100,96,1
PO014538,S022,P0259,W08,2026-03-25,2026-04-17,2026-04-16,60,57,3
PO014539,S005,P0081,W14,2025-12-07,2026-01-09,2026-01-08,125,122,0
PO014540,S010,P0119,W08,2025-01-04,2025-02-03,2025-02-03,87,76,10
PO014541,S007,P0359,W09,2026-06-21,2026-07-14,2026-07-14,36,32,4
PO014542,S020,P0057,W07,2025-11-14,2025-11-29,2025-11-27,38,36,2
PO014543,S037,P0025,W01,2025-10-06,2025-10-17,2025-10-16,46,44,1
PO014544,S036,P0389,W04,2025-06-14,2025-07-12,2025-07-11,137,129,5
PO014545,S014,P0213,W07,2025-10-16,2025-10-26,2025-10-24,31,28,2
PO014546,S007,P0283,W14,2025-12-13,2026-01-09,2026-01-09,88,78,8
PO014547,S016,P0332,W15,2025-05-24,2025-06-10,2025-06-08,25,24,1
PO014548,S008,P0261,W04,2025-09-08,2025-09-20,2025-09-18,150,140,4
PO014549,S027,P0135,W10,2026-04-27,2026-05-21,2026-05-25,39,36,3
PO014550,S016,P0001,W14,2026-04-20,2026-05-03,2026-05-01,26,24,2
PO014551,S021,P0381,W07,2025-12-11,2025-12-20,2025-12-18,227,199,23
PO014552,S025,P0070,W06,2025-08-18,2025-09-23,2025-09-22,39,37,1
PO014553,S005,P0160,W13,2025-01-07,2025-02-08,2025-02-08,32,32,0
PO014554,S033,P0361,W07,2025-07-15,2025-08-10,2025-08-22,20,19,1
PO014555,S033,P0283,W03,2026-06-18,2026-07-24,2026-07-23,54,50,4
PO014556,S001,P0119,W02,2025-05-05,2025-05-14,2025-05-23,44,43,0
PO014557,S026,P0007,W15,2025-02-12,2025-03-04,2025-03-03,38,34,4
PO014558,S037,P0038,W15,2025-01-30,2025-02-05,2025-02-03,148,140,6
PO014559,S032,P0328,W09,2025-01-05,2025-01-14,2025-01-13,54,50,2
PO014560,S030,P0062,W05,2025-02-28,2025-03-16,2025-03-24,93,86,7
PO014561,S002,P0291,W12,2025-09-24,2025-10-22,2025-10-21,44,41,3
PO014562,S009,P0327,W03,2025-03-06,2025-03-21,2025-03-21,44,39,3
PO014563,S018,P0065,W01,2025-02-06,2025-02-24,2025-02-22,32,28,3
PO014564,S033,P0347,W11,2025-02-06,2025-03-06,2025-03-06,28,24,3
PO014565,S021,P0282,W04,2025-09-13,2025-09-24,2025-09-22,98,89,8
PO014566,S037,P0145,W10,2026-01-07,2026-01-14,2026-01-13,62,61,1
PO014567,S031,P0074,W08,2025-11-12,2025-11-23,2025-11-30,78,73,4
PO014568,S007,P0253,W01,2025-05-11,2025-06-08,2025-06-08,36,32,3
PO014569,S014,P0314,W05,2025-09-11,2025-09-27,2025-09-27,81,75,4
PO014570,S003,P0145,W07,2025-11-03,2025-11-22,2025-12-01,99,93,3
PO014571,S005,P0205,W14,2026-01-03,2026-01-18,2026-01-18,158,153,1
PO014572,S019,P0391,W15,2025-09-08,2025-09-25,2025-09-23,219,204,11
PO014573,S006,P0367,W07,2025-03-05,2025-03-11,2025-03-09,123,115,6
PO014574,S040,P0269,W08,2025-11-29,2025-12-02,2025-12-02,28,28,0
PO014575,S001,P0121,W04,2025-05-13,2025-05-16,2025-05-14,32,31,0
PO014576,S040,P0130,W08,2026-03-05,2026-03-12,2026-03-14,137,129,4
PO014577,S019,P0304,W01,2025-06-30,2025-07-22,2025-07-22,46,45,1
PO014578,S029,P0334,W15,2026-01-01,2026-01-14,2026-01-14,113,106,5
PO014579,S033,P0373,W09,2025-11-06,2025-12-13,2025-12-20,47,43,3
PO014580,S005,P0289,W06,2025-04-18,2025-05-08,2025-05-08,82,78,2
PO014581,S030,P0110,W10,2025-12-17,2026-01-09,2026-01-07,45,41,2
PO014582,S022,P0183,W11,2025-01-05,2025-01-20,2025-01-20,32,30,1
PO014583,S020,P0222,W07,2025-03-05,2025-03-15,2025-03-13,28,26,2
PO014584,S018,P0148,W07,2026-05-29,2026-06-20,2026-06-18,39,35,4
PO014585,S004,P0145,W05,2026-03-27,2026-04-10,2026-04-09,77,68,8
PO014586,S010,P0024,W05,2025-10-28,2025-11-20,2025-11-18,253,226,21
PO014587,S023,P0261,W08,2025-10-20,2025-11-06,2025-11-09,112,106,6
PO014588,S021,P0160,W13,2026-03-14,2026-03-18,2026-03-18,67,58,6
PO014589,S003,P0180,W11,2025-01-29,2025-03-01,2025-03-01,74,70,2
PO014590,S026,P0227,W06,2025-09-17,2025-10-03,2025-10-03,54,47,6
PO014591,S038,P0202,W05,2026-05-24,2026-06-14,2026-06-13,94,84,9
PO014592,S006,P0213,W01,2025-08-22,2025-09-04,2025-09-04,107,101,2
PO014593,S031,P0395,W03,2025-10-11,2025-10-20,2025-11-01,100,90,6
PO014594,S010,P0343,W02,2025-04-10,2025-05-15,2025-05-15,60,55,4
PO014595,S032,P0159,W02,2025-11-04,2025-11-21,2025-11-20,41,38,1
PO014596,S033,P0178,W06,2025-07-28,2025-08-27,2025-09-04,55,48,5
PO014597,S001,P0116,W14,2025-10-19,2025-10-30,2025-10-30,53,53,0
PO014598,S016,P0155,W12,2025-03-16,2025-03-29,2025-03-28,84,80,3
PO014599,S017,P0108,W12,2026-01-27,2026-02-28,2026-02-26,37,34,2
PO014600,S013,P0042,W03,2025-03-02,2025-03-28,2025-03-26,84,81,2
PO014601,S033,P0182,W09,2026-05-17,2026-06-28,2026-06-26,159,145,10
PO014602,S010,P0311,W13,2025-07-19,2025-08-15,2025-08-13,153,138,12
PO014603,S017,P0037,W01,2025-06-01,2025-06-30,2025-06-29,73,68,4
PO014604,S039,P0226,W11,2025-02-26,2025-03-23,2025-03-21,82,71,7
PO014605,S030,P0302,W09,2025-09-12,2025-10-02,2025-10-02,125,109,10
PO014606,S003,P0290,W07,2025-06-09,2025-07-04,2025-07-02,179,173,1
PO014607,S032,P0162,W03,2025-07-30,2025-08-19,2025-08-17,134,129,5
PO014608,S012,P0088,W11,2025-07-31,2025-08-29,2025-08-29,84,81,3
PO014609,S001,P0023,W03,2025-01-11,2025-01-14,2025-01-12,110,106,2
PO014610,S023,P0383,W09,2026-04-22,2026-05-12,2026-05-10,22,21,1
PO014611,S037,P0295,W10,2026-01-26,2026-02-02,2026-02-06,34,32,1
PO014612,S039,P0357,W01,2026-06-15,2026-07-04,2026-07-04,65,62,3
PO014613,S001,P0115,W05,2026-02-08,2026-02-11,2026-02-11,37,36,0
PO014614,S009,P0357,W13,2025-06-12,2025-06-26,2025-06-24,30,29,0
PO014615,S037,P0118,W06,2025-05-31,2025-06-06,2025-06-06,10,10,0
PO014616,S009,P0003,W03,2025-11-01,2025-11-22,2025-11-20,34,31,2
PO014617,S027,P0370,W14,2025-02-14,2025-03-21,2025-03-21,34,30,3
PO014618,S004,P0058,W15,2025-04-21,2025-04-28,2025-05-01,44,40,4
PO014619,S029,P0131,W10,2025-05-21,2025-05-27,2025-05-25,67,63,2
PO014620,S011,P0129,W06,2025-01-22,2025-02-07,2025-02-05,158,154,0
PO014621,S035,P0150,W05,2025-10-27,2025-11-16,2025-11-27,32,28,3
PO014622,S035,P0174,W01,2025-05-26,2025-06-07,2025-06-06,62,53,7
PO014623,S032,P0047,W01,2025-04-07,2025-04-16,2025-04-15,62,60,0
PO014624,S031,P0215,W05,2026-03-03,2026-03-17,2026-03-17,95,84,9
PO014625,S039,P0153,W09,2025-09-12,2025-10-02,2025-10-01,119,106,8
PO014626,S012,P0260,W05,2026-04-24,2026-05-25,2026-05-24,132,125,7
PO014627,S022,P0304,W09,2026-05-19,2026-05-28,2026-05-27,296,271,15
PO014628,S008,P0056,W04,2025-11-25,2025-12-05,2025-12-04,40,37,2
PO014629,S038,P0315,W07,2025-01-14,2025-01-31,2025-01-29,12,12,0
PO014630,S002,P0148,W04,2025-06-19,2025-07-13,2025-07-11,81,73,6
PO014631,S034,P0043,W08,2025-08-27,2025-09-04,2025-09-03,35,33,2
PO014632,S016,P0154,W08,2026-05-02,2026-05-19,2026-05-19,111,98,10
PO014633,S038,P0144,W15,2026-01-14,2026-02-13,2026-02-11,36,32,3
PO014634,S020,P0100,W08,2025-01-25,2025-02-08,2025-02-06,52,46,5
PO014635,S031,P0099,W07,2026-06-12,2026-06-28,2026-06-28,44,41,3
PO014636,S007,P0183,W06,2026-05-31,2026-07-03,2026-07-03,16,15,1
PO014637,S004,P0240,W04,2026-04-03,2026-04-19,2026-04-17,25,23,2
PO014638,S020,P0131,W13,2026-01-15,2026-02-03,2026-02-03,29,27,2
PO014639,S013,P0127,W06,2025-02-15,2025-03-11,2025-03-10,50,48,1
PO014640,S003,P0152,W03,2025-09-07,2025-09-30,2025-10-09,54,52,2
PO014641,S015,P0285,W04,2026-05-03,2026-05-15,2026-05-13,75,66,8
PO014642,S035,P0058,W10,2026-04-24,2026-05-04,2026-05-02,171,157,14
PO014643,S026,P0255,W15,2025-12-23,2025-12-29,2025-12-29,84,74,9
PO014644,S028,P0028,W10,2025-12-31,2026-01-17,2026-01-16,103,88,10
PO014645,S006,P0123,W06,2025-11-10,2025-11-17,2025-11-17,310,289,16
PO014646,S030,P0199,W05,2025-05-02,2025-05-16,2025-05-14,109,95,11
PO014647,S022,P0236,W09,2026-03-12,2026-03-24,2026-03-24,54,51,3
PO014648,S012,P0356,W09,2026-05-15,2026-06-18,2026-06-17,177,159,10
PO014649,S005,P0357,W12,2026-03-15,2026-04-04,2026-04-03,77,72,3
PO014650,S014,P0026,W02,2025-04-23,2025-04-26,2025-04-29,42,39,1
PO014651,S001,P0189,W10,2025-12-31,2026-01-03,2026-01-03,228,219,4
PO014652,S011,P0380,W04,2025-05-28,2025-06-11,2025-06-09,144,139,0
PO014653,S003,P0075,W03,2026-01-23,2026-02-16,2026-02-14,68,66,1
PO014654,S004,P0184,W03,2025-08-23,2025-09-06,2025-09-06,42,37,3
PO014655,S020,P0152,W01,2025-02-18,2025-02-22,2025-02-21,77,73,4
PO014656,S006,P0323,W08,2025-01-31,2025-02-13,2025-02-12,78,74,1
PO014657,S036,P0052,W08,2025-08-17,2025-09-17,2025-09-15,129,117,10
PO014658,S024,P0012,W08,2026-01-18,2026-02-22,2026-03-01,49,44,3
PO014659,S027,P0080,W14,2025-10-05,2025-11-05,2025-11-05,65,59,4
PO014660,S007,P0016,W01,2025-04-16,2025-05-06,2025-05-06,61,50,8
PO014661,S030,P0138,W08,2025-11-25,2025-12-11,2025-12-10,25,22,2
PO014662,S037,P0320,W13,2025-02-10,2025-02-16,2025-02-16,41,38,1
PO014663,S008,P0107,W01,2025-01-27,2025-02-10,2025-02-08,52,51,1
PO014664,S029,P0185,W12,2025-01-07,2025-01-18,2025-01-17,66,64,2
PO014665,S020,P0176,W02,2025-03-19,2025-04-02,2025-04-02,67,59,5
PO014666,S028,P0246,W10,2025-06-02,2025-06-26,2025-06-25,134,118,11
PO014667,S023,P0033,W04,2026-01-14,2026-02-06,2026-02-04,67,59,5
PO014668,S033,P0022,W09,2025-04-05,2025-05-06,2025-05-06,59,55,4
PO014669,S013,P0107,W13,2025-06-23,2025-07-14,2025-07-13,82,79,2
PO014670,S008,P0226,W13,2025-03-10,2025-03-23,2025-03-31,60,54,4
PO014671,S028,P0387,W09,2025-08-01,2025-08-25,2025-08-28,51,46,4
PO014672,S023,P0027,W06,2026-01-14,2026-01-21,2026-01-20,89,82,6
PO014673,S011,P0222,W07,2025-07-04,2025-07-09,2025-07-13,29,29,0
PO014674,S023,P0285,W14,2025-11-05,2025-11-16,2025-11-16,91,82,9
PO014675,S016,P0099,W10,2025-04-25,2025-05-15,2025-05-22,447,393,39
PO014676,S033,P0041,W14,2025-03-19,2025-04-30,2025-04-30,61,55,5
PO014677,S011,P0346,W15,2025-09-10,2025-09-26,2025-09-26,114,111,0
PO014678,S002,P0096,W12,2025-08-05,2025-09-04,2025-09-09,56,50,4
PO014679,S012,P0150,W08,2025-06-23,2025-07-26,2025-07-26,23,21,1
PO014680,S040,P0398,W03,2025-10-27,2025-11-09,2025-11-09,27,26,0
PO014681,S017,P0060,W06,2025-09-16,2025-10-12,2025-10-11,38,35,2
PO014682,S009,P0184,W11,2025-09-14,2025-10-01,2025-09-29,38,36,2
PO014683,S025,P0022,W13,2025-10-21,2025-11-18,2025-11-16,96,90,4
PO014684,S035,P0388,W11,2025-01-30,2025-02-11,2025-02-09,50,45,5
PO014685,S038,P0246,W13,2026-06-07,2026-07-09,2026-07-09,103,91,9
PO014686,S010,P0122,W12,2025-06-25,2025-07-12,2025-07-21,260,227,25
PO014687,S029,P0389,W03,2026-03-06,2026-03-14,2026-03-15,103,97,4
PO014688,S008,P0172,W01,2025-03-18,2025-03-28,2025-03-28,63,55,5
PO014689,S024,P0056,W07,2026-05-12,2026-06-18,2026-06-19,18,17,1
PO014690,S005,P0315,W10,2025-01-18,2025-02-02,2025-02-02,132,127,2
PO014691,S008,P0083,W14,2026-03-02,2026-03-15,2026-03-14,90,86,3
PO014692,S024,P0176,W12,2025-06-08,2025-07-14,2025-07-14,80,68,8
PO014693,S013,P0106,W13,2025-01-20,2025-02-16,2025-02-15,62,60,2
PO014694,S033,P0396,W13,2025-03-09,2025-04-11,2025-04-10,156,141,12
PO014695,S018,P0042,W09,2025-08-22,2025-09-28,2025-09-27,67,58,7
PO014696,S028,P0246,W08,2026-06-04,2026-06-24,2026-06-22,54,48,4
PO014697,S011,P0367,W02,2025-09-21,2025-10-09,2025-10-21,30,30,0
PO014698,S023,P0399,W14,2025-06-09,2025-06-22,2025-06-20,19,18,1
PO014699,S018,P0080,W14,2026-04-12,2026-05-01,2026-05-01,63,55,6
PO014700,S027,P0221,W02,2025-04-02,2025-05-06,2025-05-05,81,71,6
PO014701,S019,P0216,W11,2026-05-27,2026-06-06,2026-06-04,101,93,6
PO014702,S004,P0026,W14,2025-08-03,2025-09-02,2025-09-06,36,32,3
PO014703,S021,P0311,W04,2025-12-21,2025-12-28,2025-12-28,30,27,2
PO014704,S017,P0007,W01,2025-05-15,2025-06-04,2025-06-03,66,61,2
PO014705,S013,P0277,W06,2025-05-06,2025-06-08,2025-06-06,15,15,0
PO014706,S037,P0199,W02,2025-01-06,2025-01-19,2025-01-23,48,46,2
PO014707,S033,P0304,W04,2025-05-05,2025-06-02,2025-06-01,49,44,3
PO014708,S028,P0274,W02,2025-04-11,2025-05-06,2025-05-04,60,54,4
PO014709,S009,P0220,W03,2025-12-24,2026-01-10,2026-01-08,149,141,5
PO014710,S016,P0360,W03,2025-02-03,2025-02-15,2025-02-13,91,85,5
PO014711,S018,P0146,W10,2026-02-03,2026-03-03,2026-03-01,92,84,8
PO014712,S035,P0138,W05,2025-03-25,2025-04-09,2025-04-08,87,81,6
PO014713,S038,P0327,W01,2025-07-08,2025-07-27,2025-07-25,70,64,5
PO014714,S027,P0357,W07,2025-06-21,2025-07-18,2025-07-17,297,264,23
PO014715,S035,P0256,W08,2025-01-15,2025-01-20,2025-01-19,24,22,2
PO014716,S037,P0114,W04,2026-01-10,2026-01-13,2026-01-12,50,49,1
PO014717,S009,P0347,W05,2026-04-30,2026-05-21,2026-05-21,62,59,3
PO014718,S001,P0137,W10,2025-01-02,2025-01-05,2025-01-05,21,20,0
PO014719,S029,P0164,W10,2026-04-20,2026-05-04,2026-05-03,166,161,4
PO014720,S023,P0285,W05,2025-08-04,2025-08-26,2025-08-26,168,160,6
PO014721,S035,P0151,W02,2025-09-19,2025-10-04,2025-10-04,108,100,8
PO014722,S007,P0271,W11,2026-04-07,2026-05-16,2026-05-24,64,56,6
PO014723,S036,P0273,W07,2025-11-02,2025-12-14,2025-12-14,260,241,13
PO014724,S039,P0343,W13,2026-01-05,2026-01-27,2026-01-25,23,22,1
PO014725,S028,P0228,W02,2025-10-06,2025-10-18,2025-10-16,105,97,4
PO014726,S038,P0233,W14,2026-02-18,2026-03-07,2026-03-05,64,58,3
PO014727,S020,P0149,W13,2025-09-09,2025-09-23,2025-09-23,73,66,6
PO014728,S036,P0394,W10,2026-02-27,2026-03-27,2026-03-26,11,11,0
PO014729,S018,P0007,W09,2026-01-15,2026-02-02,2026-01-31,56,50,6
PO014730,S010,P0056,W05,2025-04-05,2025-05-03,2025-05-02,62,52,8
PO014731,S017,P0073,W10,2025-06-06,2025-07-03,2025-07-02,23,22,1
PO014732,S008,P0194,W11,2025-02-15,2025-03-05,2025-03-03,116,105,8
PO014733,S024,P0004,W06,2026-04-19,2026-05-28,2026-05-27,121,110,9
PO014734,S008,P0373,W11,2025-05-29,2025-06-08,2025-06-06,40,39,1
PO014735,S010,P0187,W09,2025-08-19,2025-09-11,2025-09-09,36,34,1
PO014736,S009,P0225,W15,2025-01-25,2025-02-22,2025-02-21,15,14,0
PO014737,S022,P0127,W06,2025-12-17,2026-01-10,2026-01-08,57,53,2
PO014738,S032,P0275,W13,2026-01-26,2026-02-15,2026-02-23,85,83,2
PO014739,S028,P0088,W04,2026-05-09,2026-05-26,2026-05-26,13,12,1
PO014740,S025,P0116,W02,2026-03-05,2026-03-25,2026-03-23,57,53,2
PO014741,S027,P0241,W07,2025-06-07,2025-07-11,2025-07-09,77,69,5
PO014742,S036,P0149,W14,2025-05-25,2025-06-21,2025-06-19,163,144,13
PO014743,S009,P0354,W01,2025-10-08,2025-10-28,2025-10-27,118,111,3
PO014744,S019,P0383,W12,2025-05-02,2025-05-26,2025-05-26,42,39,2
PO014745,S006,P0242,W06,2026-04-12,2026-04-27,2026-04-26,34,32,1
PO014746,S012,P0074,W11,2025-12-27,2026-02-02,2026-02-02,98,96,1
PO014747,S025,P0082,W10,2025-03-20,2025-04-19,2025-04-19,97,91,3
PO014748,S005,P0073,W02,2026-05-10,2026-05-31,2026-05-31,36,34,1
PO014749,S001,P0250,W09,2026-02-21,2026-02-25,2026-02-23,74,71,1
PO014750,S004,P0261,W15,2025-07-07,2025-07-27,2025-07-27,72,66,5
PO014751,S020,P0255,W07,2025-07-25,2025-08-10,2025-08-09,70,64,4
PO014752,S017,P0331,W14,2025-03-19,2025-04-16,2025-04-15,99,91,6
PO014753,S015,P0054,W01,2025-03-24,2025-04-14,2025-04-14,50,45,4
PO014754,S001,P0253,W12,2025-04-03,2025-04-11,2025-04-09,27,26,0
PO014755,S023,P0144,W12,2026-02-08,2026-02-18,2026-02-17,43,37,4
PO014756,S032,P0136,W12,2025-07-15,2025-08-06,2025-08-06,65,63,1
PO014757,S033,P0097,W11,2025-04-23,2025-06-06,2025-06-04,27,25,1
PO014758,S014,P0184,W06,2025-11-09,2025-11-18,2025-11-21,41,40,1
PO014759,S013,P0395,W14,2026-03-10,2026-04-13,2026-04-19,18,17,0
PO014760,S017,P0162,W12,2025-04-11,2025-05-11,2025-05-10,91,87,4
PO014761,S024,P0053,W13,2026-02-11,2026-03-25,2026-03-23,13,12,0
PO014762,S027,P0163,W06,2026-06-18,2026-07-22,2026-07-22,181,157,20
PO014763,S009,P0361,W15,2025-07-10,2025-07-17,2025-07-15,71,69,2
PO014764,S022,P0380,W09,2025-03-04,2025-03-21,2025-03-19,33,32,0
PO014765,S014,P0169,W13,2026-04-09,2026-04-24,2026-04-23,91,82,6
PO014766,S040,P0292,W04,2026-06-07,2026-06-11,2026-06-11,18,17,0
PO014767,S006,P0270,W14,2025-02-05,2025-02-08,2025-02-06,108,102,2
PO014768,S030,P0169,W05,2025-07-24,2025-07-30,2025-07-30,113,100,10
PO014769,S009,P0331,W09,2025-03-13,2025-04-02,2025-04-01,27,27,0
PO014770,S014,P0398,W14,2025-02-10,2025-02-19,2025-02-26,202,179,20
PO014771,S022,P0267,W12,2025-03-08,2025-03-14,2025-03-14,36,34,2
PO014772,S008,P0330,W05,2025-05-22,2025-06-02,2025-05-31,102,92,6
PO014773,S013,P0339,W11,2026-05-05,2026-06-06,2026-06-04,21,21,0
PO014774,S022,P0066,W01,2025-01-10,2025-01-26,2025-02-04,18,17,0
PO014775,S028,P0354,W15,2026-06-25,2026-07-26,2026-07-26,132,123,9
PO014776,S006,P0151,W09,2025-11-18,2025-11-27,2025-11-26,77,73,2
PO014777,S012,P0193,W10,2026-06-20,2026-07-25,2026-07-24,65,61,3
PO014778,S035,P0285,W02,2025-07-12,2025-07-31,2025-07-30,77,66,9
PO014779,S035,P0174,W13,2025-01-02,2025-01-20,2025-01-20,44,39,4
PO014780,S028,P0207,W02,2025-03-15,2025-04-06,2025-04-04,45,41,4
PO014781,S024,P0362,W15,2025-07-04,2025-08-10,2025-08-09,30,29,1
PO014782,S015,P0102,W02,2025-04-22,2025-05-01,2025-04-29,152,133,14
PO014783,S022,P0339,W01,2026-02-21,2026-02-28,2026-02-27,45,44,1
PO014784,S017,P0314,W15,2025-10-11,2025-11-01,2025-10-30,97,89,6
PO014785,S003,P0146,W12,2025-09-13,2025-10-04,2025-10-02,167,162,5
PO014786,S005,P0193,W06,2026-01-11,2026-02-03,2026-02-03,58,57,1
PO014787,S022,P0010,W15,2026-04-18,2026-04-23,2026-04-21,41,39,1
PO014788,S029,P0239,W03,2026-06-04,2026-06-07,2026-06-05,36,34,1
PO014789,S010,P0316,W04,2026-05-30,2026-06-18,2026-06-17,19,17,1
PO014790,S003,P0242,W10,2025-01-23,2025-02-11,2025-02-09,46,45,1
PO014791,S019,P0078,W03,2026-05-11,2026-06-10,2026-06-10,57,53,3
PO014792,S008,P0018,W07,2025-11-15,2025-11-30,2025-12-01,63,59,3
PO014793,S011,P0062,W11,2026-06-21,2026-06-26,2026-06-24,27,27,0
PO014794,S016,P0214,W15,2025-07-27,2025-08-15,2025-08-22,10,9,0
PO014795,S011,P0330,W06,2025-03-10,2025-03-20,2025-03-18,52,49,1
PO014796,S040,P0272,W05,2025-09-26,2025-10-09,2025-10-20,81,80,0
PO014797,S007,P0356,W03,2025-08-08,2025-09-05,2025-09-04,25,22,2
PO014798,S035,P0303,W11,2026-05-05,2026-05-08,2026-05-13,233,196,26
PO014799,S031,P0140,W03,2025-08-12,2025-09-08,2025-09-10,110,101,8
PO014800,S014,P0261,W01,2026-06-09,2026-06-16,2026-06-15,23,22,1
PO014801,S018,P0153,W14,2025-04-29,2025-05-22,2025-05-22,80,67,9
PO014802,S025,P0315,W12,2026-01-30,2026-02-23,2026-02-23,55,51,3
PO014803,S034,P0051,W11,2026-05-01,2026-05-04,2026-05-04,156,148,5
PO014804,S021,P0400,W13,2025-12-03,2025-12-11,2025-12-11,75,64,8
PO014805,S006,P0341,W07,2025-12-31,2026-01-06,2026-01-11,86,80,3
PO014806,S038,P0283,W08,2025-10-10,2025-10-29,2025-10-29,110,99,8
PO014807,S002,P0042,W01,2025-10-03,2025-10-28,2025-11-06,36,34,1
PO014808,S025,P0096,W02,2025-04-28,2025-05-17,2025-05-29,30,28,1
PO014809,S009,P0356,W08,2026-01-28,2026-02-13,2026-02-13,155,141,9
PO014810,S014,P0071,W14,2025-04-16,2025-04-26,2025-04-24,52,47,4
PO014811,S036,P0132,W12,2025-03-05,2025-03-31,2025-03-30,112,106,5
PO014812,S030,P0156,W14,2026-06-08,2026-07-02,2026-07-01,66,60,4
PO014813,S039,P0381,W03,2025-10-18,2025-11-20,2025-11-30,72,69,3
PO014814,S003,P0119,W08,2025-05-09,2025-06-05,2025-06-05,56,54,2
PO014815,S037,P0048,W13,2026-02-19,2026-02-27,2026-02-25,107,99,4
PO014816,S002,P0252,W10,2025-10-25,2025-11-24,2025-11-24,45,44,1
PO014817,S028,P0118,W03,2026-05-28,2026-06-12,2026-06-12,71,62,6
PO014818,S014,P0174,W15,2025-02-18,2025-03-01,2025-02-28,87,77,7
PO014819,S040,P0225,W02,2025-05-22,2025-05-26,2025-05-24,97,95,1
PO014820,S001,P0391,W09,2025-09-07,2025-09-10,2025-09-09,47,44,1
PO014821,S007,P0289,W11,2025-07-05,2025-07-31,2025-07-29,99,85,11
PO014822,S005,P0269,W07,2025-01-17,2025-02-03,2025-02-03,74,71,2
PO014823,S017,P0184,W15,2025-04-28,2025-05-23,2025-05-26,49,46,2
PO014824,S035,P0312,W08,2025-12-29,2026-01-13,2026-01-13,127,112,14
PO014825,S007,P0017,W11,2025-11-15,2025-12-12,2025-12-11,63,56,7
PO014826,S015,P0363,W11,2025-07-07,2025-07-25,2025-07-24,75,64,8
PO014827,S022,P0262,W05,2025-01-04,2025-01-29,2025-02-07,97,92,4
PO014828,S024,P0392,W13,2025-02-18,2025-03-18,2025-03-16,31,29,2
PO014829,S005,P0071,W09,2026-02-16,2026-03-14,2026-03-24,50,49,1
PO014830,S004,P0175,W13,2025-08-24,2025-09-01,2025-08-30,74,69,5
PO014831,S021,P0331,W14,2026-02-25,2026-03-04,2026-03-08,44,41,3
PO014832,S022,P0136,W03,2025-09-25,2025-10-16,2025-10-14,47,44,1
PO014833,S013,P0394,W09,2025-06-13,2025-07-14,2025-07-14,38,36,1
PO014834,S032,P0087,W09,2025-06-02,2025-06-17,2025-06-15,57,53,2
PO014835,S004,P0230,W04,2025-07-08,2025-07-24,2025-07-23,38,35,3
PO014836,S026,P0307,W10,2025-02-27,2025-03-19,2025-03-17,171,146,19
PO014837,S038,P0004,W12,2025-09-23,2025-10-18,2025-10-18,77,69,7
PO014838,S024,P0333,W13,2025-10-26,2025-11-28,2025-11-26,98,87,8
PO014839,S020,P0193,W06,2025-03-14,2025-03-23,2025-03-29,29,27,2
PO014840,S015,P0219,W02,2025-08-07,2025-08-27,2025-09-02,56,49,5
PO014841,S002,P0289,W10,2025-02-04,2025-03-04,2025-03-02,80,69,7
PO014842,S027,P0283,W07,2025-07-30,2025-08-23,2025-08-21,87,77,8
PO014843,S038,P0310,W01,2025-09-05,2025-09-28,2025-09-26,38,37,1
PO014844,S010,P0374,W01,2025-11-27,2025-12-31,2025-12-31,48,41,5
PO014845,S016,P0400,W04,2025-03-27,2025-04-16,2025-04-14,35,31,3
PO014846,S037,P0358,W07,2025-10-10,2025-10-18,2025-10-18,32,31,0
PO014847,S040,P0320,W11,2025-02-09,2025-02-19,2025-02-19,61,57,2
PO014848,S034,P0070,W15,2025-02-03,2025-02-06,2025-02-04,16,16,0
PO014849,S005,P0271,W15,2025-10-11,2025-10-30,2025-10-28,82,81,0
PO014850,S023,P0211,W06,2026-05-12,2026-05-28,2026-05-26,42,38,3
PO014851,S040,P0066,W04,2025-02-14,2025-02-17,2025-02-15,138,132,2
PO014852,S022,P0322,W12,2025-11-17,2025-11-21,2025-11-19,96,91,1
PO014853,S027,P0179,W08,2026-04-09,2026-05-04,2026-05-07,28,26,2
PO014854,S034,P0025,W09,2025-08-03,2025-08-16,2025-08-15,168,151,13
PO014855,S038,P0010,W10,2026-06-05,2026-06-27,2026-06-27,71,65,6
PO014856,S019,P0126,W12,2025-01-30,2025-02-20,2025-02-18,28,26,1
PO014857,S009,P0273,W01,2026-03-31,2026-04-20,2026-04-19,56,51,3
PO014858,S022,P0193,W08,2025-03-27,2025-04-17,2025-04-17,72,69,2
PO014859,S005,P0332,W15,2025-04-01,2025-04-14,2025-04-12,67,64,2
PO014860,S040,P0258,W15,2026-06-05,2026-06-08,2026-06-08,45,44,0
PO014861,S033,P0396,W10,2026-05-17,2026-06-23,2026-06-21,53,49,4
PO014862,S040,P0001,W14,2025-08-24,2025-08-27,2025-08-25,300,270,15
PO014863,S018,P0096,W08,2026-04-19,2026-05-18,2026-05-16,73,63,7
PO014864,S035,P0082,W06,2025-04-13,2025-04-29,2025-05-08,36,32,3
PO014865,S016,P0181,W11,2026-03-25,2026-04-14,2026-04-26,62,55,4
PO014866,S016,P0381,W02,2026-06-07,2026-06-18,2026-06-17,139,119,16
PO014867,S008,P0168,W10,2026-04-30,2026-05-15,2026-05-13,105,95,6
PO014868,S036,P0015,W14,2025-01-06,2025-02-01,2025-02-13,40,37,2
PO014869,S024,P0070,W14,2025-01-30,2025-03-08,2025-03-07,99,93,6
PO014870,S015,P0058,W15,2025-05-11,2025-05-31,2025-06-05,94,84,10
PO014871,S020,P0158,W05,2025-11-29,2025-12-11,2025-12-10,97,88,9
PO014872,S001,P0069,W10,2026-05-08,2026-05-18,2026-05-28,58,56,1
PO014873,S037,P0292,W13,2025-12-25,2026-01-12,2026-01-21,71,67,2
PO014874,S019,P0258,W11,2025-12-28,2026-01-15,2026-01-14,63,60,3
PO014875,S014,P0021,W14,2025-10-11,2025-10-20,2025-10-25,166,151,13
PO014876,S026,P0350,W09,2026-06-06,2026-06-15,2026-06-17,107,93,10
PO014877,S004,P0399,W15,2025-06-21,2025-07-09,2025-07-07,28,26,2
PO014878,S005,P0184,W05,2026-04-08,2026-05-01,2026-04-29,197,185,9
PO014879,S034,P0141,W05,2025-11-25,2025-12-04,2025-12-04,25,23,1
PO014880,S023,P0072,W10,2025-02-13,2025-02-19,2025-02-19,31,29,2
PO014881,S020,P0323,W09,2026-05-14,2026-05-25,2026-05-23,194,180,13
PO014882,S009,P0287,W15,2026-04-28,2026-05-18,2026-05-16,148,142,4
PO014883,S039,P0319,W15,2025-10-16,2025-11-11,2025-11-11,82,76,4
PO014884,S019,P0388,W14,2026-02-19,2026-03-09,2026-03-07,17,17,0
PO014885,S021,P0081,W06,2026-05-28,2026-05-31,2026-06-07,84,77,7
PO014886,S009,P0086,W11,2025-07-14,2025-07-29,2025-07-27,131,123,8
PO014887,S011,P0105,W14,2025-01-13,2025-02-03,2025-02-05,173,165,0
PO014888,S006,P0099,W04,2026-04-24,2026-04-28,2026-04-26,67,64,3
PO014889,S036,P0105,W10,2025-02-26,2025-04-01,2025-03-30,168,150,14
PO014890,S004,P0146,W10,2025-08-14,2025-09-01,2025-08-31,51,43,6
PO014891,S020,P0362,W15,2025-05-26,2025-06-11,2025-06-19,264,232,29
PO014892,S031,P0155,W06,2026-03-14,2026-03-30,2026-03-28,29,27,2
PO014893,S009,P0089,W08,2025-04-10,2025-04-18,2025-04-16,32,30,1
PO014894,S005,P0238,W09,2026-04-06,2026-04-28,2026-04-27,53,50,2
PO014895,S035,P0172,W09,2026-04-28,2026-05-07,2026-05-07,68,59,7
PO014896,S002,P0012,W03,2025-03-31,2025-04-24,2025-04-23,27,25,1
PO014897,S001,P0268,W14,2025-05-15,2025-05-18,2025-05-17,50,49,0
PO014898,S006,P0357,W01,2026-01-10,2026-01-17,2026-01-15,95,92,3
PO014899,S031,P0128,W05,2025-12-09,2025-12-19,2025-12-31,27,24,2
PO014900,S026,P0306,W05,2025-07-22,2025-07-28,2025-07-26,68,57,8
PO014901,S013,P0228,W12,2025-09-23,2025-10-08,2025-10-06,42,42,0
PO014902,S024,P0354,W15,2025-06-13,2025-07-14,2025-07-12,86,78,8
PO014903,S015,P0092,W04,2026-01-06,2026-01-31,2026-01-31,98,87,11
PO014904,S040,P0195,W03,2025-11-04,2025-11-15,2025-11-15,123,119,2
PO014905,S011,P0228,W02,2025-05-21,2025-05-30,2025-05-28,54,54,0
PO014906,S008,P0340,W03,2026-03-18,2026-03-26,2026-03-24,87,82,2
PO014907,S002,P0108,W11,2026-04-28,2026-06-04,2026-06-04,61,56,5
PO014908,S032,P0025,W07,2025-07-29,2025-08-11,2025-08-09,89,84,1
PO014909,S027,P0151,W04,2026-05-16,2026-06-13,2026-06-11,122,115,7
PO014910,S021,P0008,W04,2026-06-11,2026-06-15,2026-06-13,85,76,5
PO014911,S018,P0124,W11,2026-01-28,2026-02-17,2026-02-15,61,55,6
PO014912,S037,P0043,W12,2025-04-28,2025-05-05,2025-05-03,176,170,3
PO014913,S009,P0354,W15,2025-09-05,2025-10-03,2025-10-01,44,42,1
PO014914,S009,P0250,W10,2026-03-22,2026-04-08,2026-04-08,139,129,5
PO014915,S011,P0017,W08,2025-12-16,2026-01-09,2026-01-08,30,29,0
PO014916,S022,P0066,W08,2025-08-17,2025-09-03,2025-09-02,16,15,0
PO014917,S036,P0106,W06,2025-07-08,2025-08-13,2025-08-12,40,39,1
PO014918,S015,P0101,W03,2026-04-28,2026-05-11,2026-05-09,113,100,11
PO014919,S012,P0124,W10,2025-04-17,2025-05-25,2025-05-24,20,20,0
PO014920,S012,P0264,W07,2026-03-17,2026-04-14,2026-04-14,48,47,1
PO014921,S035,P0357,W13,2025-01-04,2025-01-23,2025-01-23,62,56,6
PO014922,S018,P0102,W08,2025-05-31,2025-06-16,2025-06-14,226,202,24
PO014923,S002,P0331,W14,2025-12-08,2026-01-03,2026-01-01,157,142,8
PO014924,S010,P0237,W04,2026-03-12,2026-04-18,2026-04-16,57,54,3
PO014925,S034,P0011,W09,2025-09-01,2025-09-07,2025-09-06,60,57,3
PO014926,S030,P0327,W13,2025-05-05,2025-05-14,2025-05-12,40,37,3
PO014927,S001,P0334,W06,2025-11-02,2025-11-09,2025-11-10,79,77,2
PO014928,S036,P0147,W03,2025-01-13,2025-01-30,2025-01-29,13,13,0
PO014929,S001,P0215,W02,2025-01-24,2025-01-28,2025-01-28,29,27,1
PO014930,S025,P0185,W07,2025-02-22,2025-03-12,2025-03-20,43,41,2
PO014931,S012,P0043,W01,2025-08-03,2025-09-02,2025-09-02,203,186,12
PO014932,S004,P0069,W10,2025-11-03,2025-11-24,2025-11-22,93,85,7
PO014933,S019,P0063,W14,2025-01-24,2025-02-12,2025-02-12,36,34,2
PO014934,S020,P0021,W05,2025-03-08,2025-03-19,2025-03-18,109,100,9
PO014935,S028,P0135,W03,2026-03-20,2026-04-10,2026-04-09,20,18,1
PO014936,S040,P0197,W01,2025-07-23,2025-08-05,2025-08-17,302,280,14
PO014937,S001,P0183,W04,2026-01-01,2026-01-04,2026-01-04,123,114,3
PO014938,S007,P0056,W11,2025-11-09,2025-12-09,2025-12-08,135,121,12
PO014939,S039,P0016,W14,2025-03-06,2025-04-07,2025-04-05,75,72,3
PO014940,S002,P0206,W14,2025-12-17,2026-01-12,2026-01-12,80,72,5
PO014941,S009,P0021,W14,2025-09-04,2025-09-22,2025-09-21,66,59,4
PO014942,S027,P0098,W05,2025-02-07,2025-03-16,2025-03-14,131,118,9
PO014943,S028,P0095,W03,2025-03-01,2025-03-30,2025-03-28,102,91,8
PO014944,S036,P0288,W12,2025-11-02,2025-11-30,2025-11-28,94,88,4
PO014945,S024,P0031,W09,2025-01-28,2025-02-27,2025-02-27,63,58,3
PO014946,S012,P0200,W13,2025-10-01,2025-11-02,2025-11-02,47,43,3
PO014947,S013,P0069,W03,2025-09-18,2025-10-21,2025-10-20,57,54,1
PO014948,S037,P0056,W11,2025-02-28,2025-03-03,2025-03-03,62,58,3
PO014949,S030,P0024,W05,2025-03-04,2025-03-28,2025-03-28,80,72,6
PO014950,S020,P0279,W02,2025-10-11,2025-10-24,2025-10-24,61,53,5
PO014951,S036,P0074,W11,2025-09-02,2025-10-06,2025-10-05,77,70,5
PO014952,S012,P0218,W05,2025-04-03,2025-04-21,2025-05-02,32,31,1
PO014953,S024,P0321,W07,2025-11-02,2025-12-07,2025-12-05,233,210,22
PO014954,S030,P0031,W09,2025-02-13,2025-03-07,2025-03-05,77,68,7
PO014955,S040,P0038,W06,2025-01-10,2025-01-16,2025-01-16,92,88,0
PO014956,S032,P0185,W12,2025-10-19,2025-10-30,2025-10-28,115,107,7
PO014957,S033,P0213,W13,2025-10-07,2025-10-30,2025-10-29,242,225,16
PO014958,S011,P0062,W08,2026-05-06,2026-05-16,2026-05-14,74,74,0
PO014959,S016,P0249,W11,2025-01-24,2025-02-06,2025-02-06,142,128,10
PO014960,S036,P0362,W05,2026-05-09,2026-06-08,2026-06-08,52,49,2
PO014961,S019,P0338,W07,2025-12-08,2025-12-30,2026-01-03,51,50,1
PO014962,S026,P0016,W02,2026-05-27,2026-06-18,2026-06-18,55,48,5
PO014963,S023,P0035,W03,2025-12-30,2026-01-15,2026-01-15,56,51,5
PO014964,S016,P0217,W03,2025-03-28,2025-04-21,2025-04-19,46,43,3
PO014965,S011,P0200,W13,2026-03-22,2026-03-31,2026-03-30,123,118,0
PO014966,S039,P0310,W14,2026-03-05,2026-03-23,2026-03-22,84,80,4
PO014967,S005,P0002,W02,2025-07-05,2025-07-24,2025-07-24,45,43,0
PO014968,S010,P0230,W14,2026-01-02,2026-01-27,2026-01-26,82,72,7
PO014969,S006,P0387,W05,2025-07-20,2025-07-23,2025-07-21,37,36,0
PO014970,S039,P0298,W12,2025-10-09,2025-10-31,2025-10-31,31,29,1
PO014971,S036,P0201,W04,2025-11-16,2025-12-09,2025-12-07,73,70,2
PO014972,S026,P0276,W05,2026-03-21,2026-04-06,2026-04-10,35,33,2
PO014973,S007,P0188,W09,2026-03-14,2026-04-12,2026-04-12,66,60,6
PO014974,S032,P0034,W07,2025-12-02,2025-12-17,2025-12-17,56,54,2
PO014975,S031,P0016,W02,2026-03-09,2026-03-16,2026-03-16,16,16,0
PO014976,S039,P0258,W04,2025-01-11,2025-01-28,2025-01-27,35,33,1
PO014977,S001,P0055,W09,2026-06-23,2026-06-28,2026-06-28,140,135,4
PO014978,S030,P0299,W01,2025-12-23,2025-12-30,2025-12-28,35,31,3
PO014979,S021,P0033,W03,2025-08-28,2025-09-01,2025-09-06,59,52,6
PO014980,S032,P0305,W07,2026-04-16,2026-05-02,2026-05-11,74,70,1
PO014981,S012,P0173,W12,2026-03-04,2026-04-03,2026-04-14,63,61,1
PO014982,S010,P0190,W05,2025-05-28,2025-06-20,2025-06-20,61,53,5
PO014983,S005,P0051,W08,2025-09-14,2025-10-08,2025-10-07,26,25,0
PO014984,S015,P0008,W11,2025-08-18,2025-08-30,2025-08-30,40,35,3
PO014985,S007,P0312,W08,2025-09-02,2025-09-27,2025-09-26,28,25,3
PO014986,S013,P0043,W01,2026-06-16,2026-07-16,2026-07-16,67,65,0
PO014987,S011,P0323,W01,2025-08-01,2025-08-20,2025-08-20,65,65,0
PO014988,S022,P0047,W01,2025-11-23,2025-12-02,2025-12-01,50,48,2
PO014989,S004,P0166,W14,2025-05-14,2025-06-05,2025-06-14,117,101,12
PO014990,S001,P0304,W15,2026-01-16,2026-01-24,2026-01-22,131,122,3
PO014991,S009,P0175,W07,2026-04-12,2026-05-02,2026-05-08,155,148,6
PO014992,S012,P0280,W11,2025-06-04,2025-06-28,2025-06-27,126,120,2
PO014993,S028,P0378,W09,2026-05-05,2026-05-25,2026-05-24,140,129,8
PO014994,S005,P0141,W01,2025-08-26,2025-09-10,2025-09-08,73,69,3
PO014995,S031,P0374,W06,2025-12-13,2025-12-31,2025-12-29,58,55,3
PO014996,S004,P0299,W08,2025-07-22,2025-08-16,2025-08-15,54,50,4
PO014997,S010,P0199,W05,2026-06-05,2026-07-08,2026-07-06,93,83,8
PO014998,S036,P0363,W06,2026-01-26,2026-02-27,2026-02-27,100,92,5
PO014999,S012,P0208,W01,2025-06-30,2025-07-26,2025-07-31,40,38,2
PO015000,S001,P0086,W03,2025-04-29,2025-05-03,2025-05-03,99,91,4
